Time	Channel A
(s)	(V)

0.00000000	5.76371800
0.00010000	5.76371800
0.00020000	5.85691500
0.00030000	5.85691500
0.00040000	5.76371800
0.00050000	5.85691500
0.00060000	5.85691500
0.00070000	5.85691500
0.00080000	5.85691500
0.00090000	5.85691500
0.00100000	5.85691500
0.00110000	5.85691500
0.00120000	5.85691500
0.00130000	5.85691500
0.00140000	5.85691500
0.00150000	5.85691500
0.00160000	5.85691500
0.00170000	5.85691500
0.00180000	5.94980300
0.00190000	5.94980300
0.00200000	5.94980300
0.00210000	5.94980300
0.00220000	5.94980300
0.00230000	5.85691500
0.00240000	5.94980300
0.00250000	5.94980300
0.00260000	5.94980300
0.00270000	5.94980300
0.00280000	5.94980300
0.00290000	5.94980300
0.00300000	5.94980300
0.00310000	6.04269200
0.00320000	5.94980300
0.00330000	6.04269200
0.00340000	6.04269200
0.00350000	6.04269200
0.00360000	6.04269200
0.00370000	6.04269200
0.00380000	6.04269200
0.00390000	6.04269200
0.00400000	6.04269200
0.00410000	6.04269200
0.00420000	6.13588800
0.00430000	6.13588800
0.00440000	6.13588800
0.00450000	6.13588800
0.00460000	6.13588800
0.00470000	6.13588800
0.00480000	6.22877700
0.00490000	6.13588800
0.00500000	6.22877700
0.00510000	6.22877700
0.00520000	6.22877700
0.00530000	6.22877700
0.00540000	6.22877700
0.00550000	6.22877700
0.00560000	6.32166600
0.00570000	6.32166600
0.00580000	6.32166600
0.00590000	6.32166600
0.00600000	6.32166600
0.00610000	6.32166600
0.00620000	6.32166600
0.00630000	6.41455500
0.00640000	6.32166600
0.00650000	6.41455500
0.00660000	6.41455500
0.00670000	6.41455500
0.00680000	6.41455500
0.00690000	6.41455500
0.00700000	6.41455500
0.00710000	6.50775100
0.00720000	6.50775100
0.00730000	6.50775100
0.00740000	6.50775100
0.00750000	6.50775100
0.00760000	6.50775100
0.00770000	6.50775100
0.00780000	6.60064000
0.00790000	6.60064000
0.00800000	6.60064000
0.00810000	6.60064000
0.00820000	6.60064000
0.00830000	6.60064000
0.00840000	6.60064000
0.00850000	6.60064000
0.00860000	6.69352900
0.00870000	6.69352900
0.00880000	6.69352900
0.00890000	6.69352900
0.00900000	6.69352900
0.00910000	6.69352900
0.00920000	6.69352900
0.00930000	6.69352900
0.00940000	6.69352900
0.00950000	6.78641700
0.00960000	6.78641700
0.00970000	6.78641700
0.00980000	6.78641700
0.00990000	6.78641700
0.01000000	6.78641700
0.01010000	6.78641700
0.01020000	6.78641700
0.01030000	6.87961400
0.01040000	6.87961400
0.01050000	6.87961400
0.01060000	6.87961400
0.01070000	6.87961400
0.01080000	6.87961400
0.01090000	6.87961400
0.01100000	6.87961400
0.01110000	6.97250200
0.01120000	6.87961400
0.01130000	6.87961400
0.01140000	6.97250200
0.01150000	6.97250200
0.01160000	6.97250200
0.01170000	7.06539100
0.01180000	6.97250200
0.01190000	7.06539100
0.01200000	7.06539100
0.01210000	7.06539100
0.01220000	7.06539100
0.01230000	7.06539100
0.01240000	7.06539100
0.01250000	7.06539100
0.01260000	7.15828000
0.01270000	7.06539100
0.01280000	7.15828000
0.01290000	7.15828000
0.01300000	7.15828000
0.01310000	7.15828000
0.01320000	7.15828000
0.01330000	7.25147600
0.01340000	7.25147600
0.01350000	7.25147600
0.01360000	7.25147600
0.01370000	7.25147600
0.01380000	7.34436500
0.01390000	7.34436500
0.01400000	7.34436500
0.01410000	7.34436500
0.01420000	7.34436500
0.01430000	7.34436500
0.01440000	7.43725400
0.01450000	7.43725400
0.01460000	7.43725400
0.01470000	7.43725400
0.01480000	7.43725400
0.01490000	7.43725400
0.01500000	7.43725400
0.01510000	7.43725400
0.01520000	7.53014300
0.01530000	7.53014300
0.01540000	7.53014300
0.01550000	7.53014300
0.01560000	7.53014300
0.01570000	7.53014300
0.01580000	7.53014300
0.01590000	7.53014300
0.01600000	7.62333900
0.01610000	7.62333900
0.01620000	7.62333900
0.01630000	7.62333900
0.01640000	7.62333900
0.01650000	7.62333900
0.01660000	7.71622800
0.01670000	7.71622800
0.01680000	7.71622800
0.01690000	7.71622800
0.01700000	7.71622800
0.01710000	7.71622800
0.01720000	7.71622800
0.01730000	7.71622800
0.01740000	7.71622800
0.01750000	7.71622800
0.01760000	7.71622800
0.01770000	7.71622800
0.01780000	7.71622800
0.01790000	7.80911700
0.01800000	7.80911700
0.01810000	7.80911700
0.01820000	7.80911700
0.01830000	7.80911700
0.01840000	7.80911700
0.01850000	7.80911700
0.01860000	7.80911700
0.01870000	7.90200500
0.01880000	7.90200500
0.01890000	7.90200500
0.01900000	7.90200500
0.01910000	7.90200500
0.01920000	7.90200500
0.01930000	7.80911700
0.01940000	7.90200500
0.01950000	7.90200500
0.01960000	7.90200500
0.01970000	7.90200500
0.01980000	7.90200500
0.01990000	7.90200500
0.02000000	7.90200500
0.02010000	7.90200500
0.02020000	7.90200500
0.02030000	7.99520200
0.02040000	7.99520200
0.02050000	7.99520200
0.02060000	7.99520200
0.02070000	7.99520200
0.02080000	7.99520200
0.02090000	7.99520200
0.02100000	7.99520200
0.02110000	8.08809100
0.02120000	8.08809100
0.02130000	7.99520200
0.02140000	8.08809100
0.02150000	8.08809100
0.02160000	8.08809100
0.02170000	8.08809100
0.02180000	8.08809100
0.02190000	8.08809100
0.02200000	8.08809100
0.02210000	8.08809100
0.02220000	8.08809100
0.02230000	8.08809100
0.02240000	8.08809100
0.02250000	8.08809100
0.02260000	8.08809100
0.02270000	8.18098000
0.02280000	8.18098000
0.02290000	8.18098000
0.02300000	8.18098000
0.02310000	8.18098000
0.02320000	8.18098000
0.02330000	8.18098000
0.02340000	8.18098000
0.02350000	8.18098000
0.02360000	8.18098000
0.02370000	8.27386800
0.02380000	8.27386800
0.02390000	8.27386800
0.02400000	8.27386800
0.02410000	8.27386800
0.02420000	8.27386800
0.02430000	8.27386800
0.02440000	8.27386800
0.02450000	8.27386800
0.02460000	8.27386800
0.02470000	8.27386800
0.02480000	8.27386800
0.02490000	8.27386800
0.02500000	8.27386800
0.02510000	8.27386800
0.02520000	8.27386800
0.02530000	8.36706400
0.02540000	8.36706400
0.02550000	8.27386800
0.02560000	8.36706400
0.02570000	8.36706400
0.02580000	8.36706400
0.02590000	8.36706400
0.02600000	8.36706400
0.02610000	8.36706400
0.02620000	8.36706400
0.02630000	8.36706400
0.02640000	8.36706400
0.02650000	8.36706400
0.02660000	8.36706400
0.02670000	8.36706400
0.02680000	8.36706400
0.02690000	8.36706400
0.02700000	8.36706400
0.02710000	8.36706400
0.02720000	8.36706400
0.02730000	8.36706400
0.02740000	8.45995300
0.02750000	8.36706400
0.02760000	8.36706400
0.02770000	8.36706400
0.02780000	8.45995300
0.02790000	8.36706400
0.02800000	8.45995300
0.02810000	8.36706400
0.02820000	8.36706400
0.02830000	8.36706400
0.02840000	8.36706400
0.02850000	8.45995300
0.02860000	8.36706400
0.02870000	8.36706400
0.02880000	8.45995300
0.02890000	8.45995300
0.02900000	8.36706400
0.02910000	8.45995300
0.02920000	8.36706400
0.02930000	8.36706400
0.02940000	8.36706400
0.02950000	8.45995300
0.02960000	8.36706400
0.02970000	8.36706400
0.02980000	8.45995300
0.02990000	8.45995300
0.03000000	8.36706400
0.03010000	8.45995300
0.03020000	8.36706400
0.03030000	8.36706400
0.03040000	8.36706400
0.03050000	8.36706400
0.03060000	8.36706400
0.03070000	8.36706400
0.03080000	8.36706400
0.03090000	8.45995300
0.03100000	8.45995300
0.03110000	8.36706400
0.03120000	8.36706400
0.03130000	8.36706400
0.03140000	8.36706400
0.03150000	8.36706400
0.03160000	8.36706400
0.03170000	8.36706400
0.03180000	8.36706400
0.03190000	8.36706400
0.03200000	8.36706400
0.03210000	8.36706400
0.03220000	8.36706400
0.03230000	8.36706400
0.03240000	8.36706400
0.03250000	8.36706400
0.03260000	8.36706400
0.03270000	8.36706400
0.03280000	8.36706400
0.03290000	8.36706400
0.03300000	8.36706400
0.03310000	8.36706400
0.03320000	8.27386800
0.03330000	8.27386800
0.03340000	8.27386800
0.03350000	8.27386800
0.03360000	8.27386800
0.03370000	8.27386800
0.03380000	8.27386800
0.03390000	8.27386800
0.03400000	8.27386800
0.03410000	8.27386800
0.03420000	8.27386800
0.03430000	8.27386800
0.03440000	8.27386800
0.03450000	8.27386800
0.03460000	8.18098000
0.03470000	8.27386800
0.03480000	8.18098000
0.03490000	8.18098000
0.03500000	8.18098000
0.03510000	8.18098000
0.03520000	8.18098000
0.03530000	8.18098000
0.03540000	8.18098000
0.03550000	8.18098000
0.03560000	8.18098000
0.03570000	8.08809100
0.03580000	8.18098000
0.03590000	8.08809100
0.03600000	8.18098000
0.03610000	8.08809100
0.03620000	8.08809100
0.03630000	8.08809100
0.03640000	8.08809100
0.03650000	8.08809100
0.03660000	8.08809100
0.03670000	8.08809100
0.03680000	8.08809100
0.03690000	8.08809100
0.03700000	7.99520200
0.03710000	7.99520200
0.03720000	7.99520200
0.03730000	7.99520200
0.03740000	7.99520200
0.03750000	7.99520200
0.03760000	7.99520200
0.03770000	7.99520200
0.03780000	7.90200500
0.03790000	7.90200500
0.03800000	7.90200500
0.03810000	7.90200500
0.03820000	7.90200500
0.03830000	7.90200500
0.03840000	7.90200500
0.03850000	7.80911700
0.03860000	7.80911700
0.03870000	7.80911700
0.03880000	7.80911700
0.03890000	7.80911700
0.03900000	7.80911700
0.03910000	7.80911700
0.03920000	7.80911700
0.03930000	7.71622800
0.03940000	7.80911700
0.03950000	7.71622800
0.03960000	7.71622800
0.03970000	7.71622800
0.03980000	7.71622800
0.03990000	7.71622800
0.04000000	7.71622800
0.04010000	7.71622800
0.04020000	7.71622800
0.04030000	7.71622800
0.04040000	7.62333900
0.04050000	7.62333900
0.04060000	7.62333900
0.04070000	7.62333900
0.04080000	7.62333900
0.04090000	7.62333900
0.04100000	7.62333900
0.04110000	7.62333900
0.04120000	7.53014300
0.04130000	7.62333900
0.04140000	7.53014300
0.04150000	7.53014300
0.04160000	7.53014300
0.04170000	7.53014300
0.04180000	7.53014300
0.04190000	7.53014300
0.04200000	7.53014300
0.04210000	7.43725400
0.04220000	7.53014300
0.04230000	7.43725400
0.04240000	7.43725400
0.04250000	7.43725400
0.04260000	7.43725400
0.04270000	7.43725400
0.04280000	7.43725400
0.04290000	7.34436500
0.04300000	7.43725400
0.04310000	7.34436500
0.04320000	7.34436500
0.04330000	7.34436500
0.04340000	7.34436500
0.04350000	7.34436500
0.04360000	7.34436500
0.04370000	7.25147600
0.04380000	7.34436500
0.04390000	7.25147600
0.04400000	7.25147600
0.04410000	7.25147600
0.04420000	7.25147600
0.04430000	7.15828000
0.04440000	7.15828000
0.04450000	7.15828000
0.04460000	7.15828000
0.04470000	7.15828000
0.04480000	7.15828000
0.04490000	7.15828000
0.04500000	7.06539100
0.04510000	7.06539100
0.04520000	7.06539100
0.04530000	7.06539100
0.04540000	7.06539100
0.04550000	7.06539100
0.04560000	7.06539100
0.04570000	6.97250200
0.04580000	6.97250200
0.04590000	6.97250200
0.04600000	6.97250200
0.04610000	6.97250200
0.04620000	6.97250200
0.04630000	6.97250200
0.04640000	6.97250200
0.04650000	6.87961400
0.04660000	6.87961400
0.04670000	6.87961400
0.04680000	6.87961400
0.04690000	6.87961400
0.04700000	6.78641700
0.04710000	6.78641700
0.04720000	6.78641700
0.04730000	6.78641700
0.04740000	6.78641700
0.04750000	6.78641700
0.04760000	6.78641700
0.04770000	6.69352900
0.04780000	6.69352900
0.04790000	6.69352900
0.04800000	6.69352900
0.04810000	6.69352900
0.04820000	6.69352900
0.04830000	6.60064000
0.04840000	6.60064000
0.04850000	6.60064000
0.04860000	6.60064000
0.04870000	6.60064000
0.04880000	6.60064000
0.04890000	6.60064000
0.04900000	6.50775100
0.04910000	6.60064000
0.04920000	6.50775100
0.04930000	6.50775100
0.04940000	6.50775100
0.04950000	6.50775100
0.04960000	6.50775100
0.04970000	6.50775100
0.04980000	6.50775100
0.04990000	6.41455500
0.05000000	6.41455500
0.05010000	6.41455500
0.05020000	6.41455500
0.05030000	6.41455500
0.05040000	6.41455500
0.05050000	6.41455500
0.05060000	6.32166600
0.05070000	6.32166600
0.05080000	6.32166600
0.05090000	6.32166600
0.05100000	6.32166600
0.05110000	6.32166600
0.05120000	6.22877700
0.05130000	6.22877700
0.05140000	6.22877700
0.05150000	6.22877700
0.05160000	6.22877700
0.05170000	6.22877700
0.05180000	6.22877700
0.05190000	6.22877700
0.05200000	6.22877700
0.05210000	6.13588800
0.05220000	6.13588800
0.05230000	6.13588800
0.05240000	6.13588800
0.05250000	6.13588800
0.05260000	6.13588800
0.05270000	6.13588800
0.05280000	6.13588800
0.05290000	6.13588800
0.05300000	6.13588800
0.05310000	6.04269200
0.05320000	6.04269200
0.05330000	6.04269200
0.05340000	6.04269200
0.05350000	6.04269200
0.05360000	6.04269200
0.05370000	6.04269200
0.05380000	6.04269200
0.05390000	6.04269200
0.05400000	6.04269200
0.05410000	6.04269200
0.05420000	5.94980300
0.05430000	5.94980300
0.05440000	5.94980300
0.05450000	5.94980300
0.05460000	5.94980300
0.05470000	5.94980300
0.05480000	5.94980300
0.05490000	5.94980300
0.05500000	5.94980300
0.05510000	5.94980300
0.05520000	5.94980300
0.05530000	5.94980300
0.05540000	5.94980300
0.05550000	5.94980300
0.05560000	5.85691500
0.05570000	5.85691500
0.05580000	5.85691500
0.05590000	5.85691500
0.05600000	5.85691500
0.05610000	5.85691500
0.05620000	5.85691500
0.05630000	5.85691500
0.05640000	5.85691500
0.05650000	5.85691500
0.05660000	5.85691500
0.05670000	5.85691500
0.05680000	5.76371800
0.05690000	5.85691500
0.05700000	5.85691500
0.05710000	5.85691500
0.05720000	5.76371800
0.05730000	5.85691500
0.05740000	5.85691500
0.05750000	5.76371800
0.05760000	5.76371800
0.05770000	5.76371800
0.05780000	5.76371800
0.05790000	5.76371800
0.05800000	5.76371800
0.05810000	5.76371800
0.05820000	5.76371800
0.05830000	5.76371800
0.05840000	5.76371800
0.05850000	5.76371800
0.05860000	5.76371800
0.05870000	5.76371800
0.05880000	5.76371800
0.05890000	5.76371800
0.05900000	5.76371800
0.05910000	5.76371800
0.05920000	5.76371800
0.05930000	5.76371800
0.05940000	5.67082900
0.05950000	5.76371800
0.05960000	5.67082900
0.05970000	5.67082900
0.05980000	5.76371800
0.05990000	5.67082900
0.06000000	5.76371800
0.06010000	5.76371800
0.06020000	5.76371800
0.06030000	5.67082900
0.06040000	5.67082900
0.06050000	5.67082900
0.06060000	5.67082900
0.06070000	5.67082900
0.06080000	5.67082900
0.06090000	5.67082900
0.06100000	5.67082900
0.06110000	5.67082900
0.06120000	5.67082900
0.06130000	5.67082900
0.06140000	5.67082900
0.06150000	5.67082900
0.06160000	5.67082900
0.06170000	5.67082900
0.06180000	5.67082900
0.06190000	5.67082900
0.06200000	5.67082900
0.06210000	5.67082900
0.06220000	5.67082900
0.06230000	5.67082900
0.06240000	5.67082900
0.06250000	5.67082900
0.06260000	5.67082900
0.06270000	5.67082900
0.06280000	5.67082900
0.06290000	5.76371800
0.06300000	5.67082900
0.06310000	5.76371800
0.06320000	5.76371800
0.06330000	5.67082900
0.06340000	5.76371800
0.06350000	5.67082900
0.06360000	5.76371800
0.06370000	5.67082900
0.06380000	5.76371800
0.06390000	5.76371800
0.06400000	5.76371800
0.06410000	5.76371800
0.06420000	5.76371800
0.06430000	5.76371800
0.06440000	5.76371800
0.06450000	5.76371800
0.06460000	5.76371800
0.06470000	5.76371800
0.06480000	5.76371800
0.06490000	5.76371800
0.06500000	5.76371800
0.06510000	5.76371800
0.06520000	5.76371800
0.06530000	5.76371800
0.06540000	5.76371800
0.06550000	5.76371800
0.06560000	5.85691500
0.06570000	5.85691500
0.06580000	5.85691500
0.06590000	5.85691500
0.06600000	5.85691500
0.06610000	5.85691500
0.06620000	5.85691500
0.06630000	5.85691500
0.06640000	5.85691500
0.06650000	5.85691500
0.06660000	5.85691500
0.06670000	5.85691500
0.06680000	5.85691500
0.06690000	5.85691500
0.06700000	5.85691500
0.06710000	5.85691500
0.06720000	5.94980300
0.06730000	5.94980300
0.06740000	5.94980300
0.06750000	5.94980300
0.06760000	5.94980300
0.06770000	5.94980300
0.06780000	5.94980300
0.06790000	6.04269200
0.06800000	6.04269200
0.06810000	6.04269200
0.06820000	6.04269200
0.06830000	6.04269200
0.06840000	6.04269200
0.06850000	6.04269200
0.06860000	6.04269200
0.06870000	6.04269200
0.06880000	6.04269200
0.06890000	6.04269200
0.06900000	6.13588800
0.06910000	6.04269200
0.06920000	6.04269200
0.06930000	6.13588800
0.06940000	6.04269200
0.06950000	6.13588800
0.06960000	6.13588800
0.06970000	6.13588800
0.06980000	6.13588800
0.06990000	6.13588800
0.07000000	6.13588800
0.07010000	6.13588800
0.07020000	6.13588800
0.07030000	6.13588800
0.07040000	6.22877700
0.07050000	6.22877700
0.07060000	6.22877700
0.07070000	6.22877700
0.07080000	6.22877700
0.07090000	6.22877700
0.07100000	6.22877700
0.07110000	6.22877700
0.07120000	6.22877700
0.07130000	6.22877700
0.07140000	6.22877700
0.07150000	6.22877700
0.07160000	6.22877700
0.07170000	6.32166600
0.07180000	6.32166600
0.07190000	6.32166600
0.07200000	6.32166600
0.07210000	6.32166600
0.07220000	6.32166600
0.07230000	6.32166600
0.07240000	6.32166600
0.07250000	6.41455500
0.07260000	6.41455500
0.07270000	6.41455500
0.07280000	6.41455500
0.07290000	6.41455500
0.07300000	6.41455500
0.07310000	6.41455500
0.07320000	6.50775100
0.07330000	6.50775100
0.07340000	6.50775100
0.07350000	6.50775100
0.07360000	6.50775100
0.07370000	6.50775100
0.07380000	6.50775100
0.07390000	6.50775100
0.07400000	6.60064000
0.07410000	6.60064000
0.07420000	6.60064000
0.07430000	6.60064000
0.07440000	6.60064000
0.07450000	6.60064000
0.07460000	6.60064000
0.07470000	6.69352900
0.07480000	6.69352900
0.07490000	6.69352900
0.07500000	6.69352900
0.07510000	6.69352900
0.07520000	6.69352900
0.07530000	6.78641700
0.07540000	6.78641700
0.07550000	6.78641700
0.07560000	6.78641700
0.07570000	6.78641700
0.07580000	6.78641700
0.07590000	6.78641700
0.07600000	6.87961400
0.07610000	6.87961400
0.07620000	6.87961400
0.07630000	6.87961400
0.07640000	6.87961400
0.07650000	6.87961400
0.07660000	6.87961400
0.07670000	6.87961400
0.07680000	6.87961400
0.07690000	6.97250200
0.07700000	6.97250200
0.07710000	6.97250200
0.07720000	6.97250200
0.07730000	6.97250200
0.07740000	6.97250200
0.07750000	6.97250200
0.07760000	7.06539100
0.07770000	6.97250200
0.07780000	7.06539100
0.07790000	7.06539100
0.07800000	7.06539100
0.07810000	7.06539100
0.07820000	7.06539100
0.07830000	7.06539100
0.07840000	7.06539100
0.07850000	7.15828000
0.07860000	7.06539100
0.07870000	7.15828000
0.07880000	7.15828000
0.07890000	7.15828000
0.07900000	7.15828000
0.07910000	7.15828000
0.07920000	7.15828000
0.07930000	7.15828000
0.07940000	7.15828000
0.07950000	7.15828000
0.07960000	7.25147600
0.07970000	7.25147600
0.07980000	7.25147600
0.07990000	7.25147600
0.08000000	7.25147600
0.08010000	7.25147600
0.08020000	7.25147600
0.08030000	7.25147600
0.08040000	7.34436500
0.08050000	7.34436500
0.08060000	7.34436500
0.08070000	7.34436500
0.08080000	7.34436500
0.08090000	7.43725400
0.08100000	7.34436500
0.08110000	7.34436500
0.08120000	7.43725400
0.08130000	7.43725400
0.08140000	7.43725400
0.08150000	7.43725400
0.08160000	7.43725400
0.08170000	7.43725400
0.08180000	7.43725400
0.08190000	7.53014300
0.08200000	7.43725400
0.08210000	7.43725400
0.08220000	7.53014300
0.08230000	7.53014300
0.08240000	7.53014300
0.08250000	7.53014300
0.08260000	7.53014300
0.08270000	7.53014300
0.08280000	7.53014300
0.08290000	7.62333900
0.08300000	7.62333900
0.08310000	7.62333900
0.08320000	7.62333900
0.08330000	7.62333900
0.08340000	7.62333900
0.08350000	7.71622800
0.08360000	7.62333900
0.08370000	7.71622800
0.08380000	7.71622800
0.08390000	7.71622800
0.08400000	7.71622800
0.08410000	7.80911700
0.08420000	7.71622800
0.08430000	7.71622800
0.08440000	7.80911700
0.08450000	7.80911700
0.08460000	7.80911700
0.08470000	7.80911700
0.08480000	7.80911700
0.08490000	7.80911700
0.08500000	7.80911700
0.08510000	7.80911700
0.08520000	7.90200500
0.08530000	7.90200500
0.08540000	7.90200500
0.08550000	7.90200500
0.08560000	7.90200500
0.08570000	7.90200500
0.08580000	7.90200500
0.08590000	7.90200500
0.08600000	7.90200500
0.08610000	7.99520200
0.08620000	7.99520200
0.08630000	7.99520200
0.08640000	7.99520200
0.08650000	7.99520200
0.08660000	7.99520200
0.08670000	7.99520200
0.08680000	7.99520200
0.08690000	7.99520200
0.08700000	7.99520200
0.08710000	7.99520200
0.08720000	8.08809100
0.08730000	8.08809100
0.08740000	8.08809100
0.08750000	8.08809100
0.08760000	8.08809100
0.08770000	8.08809100
0.08780000	8.08809100
0.08790000	8.08809100
0.08800000	8.08809100
0.08810000	8.08809100
0.08820000	8.18098000
0.08830000	8.08809100
0.08840000	8.18098000
0.08850000	8.18098000
0.08860000	8.18098000
0.08870000	8.18098000
0.08880000	8.18098000
0.08890000	8.18098000
0.08900000	8.18098000
0.08910000	8.18098000
0.08920000	8.18098000
0.08930000	8.18098000
0.08940000	8.18098000
0.08950000	8.18098000
0.08960000	8.27386800
0.08970000	8.27386800
0.08980000	8.27386800
0.08990000	8.27386800
0.09000000	8.18098000
0.09010000	8.27386800
0.09020000	8.27386800
0.09030000	8.27386800
0.09040000	8.27386800
0.09050000	8.27386800
0.09060000	8.27386800
0.09070000	8.27386800
0.09080000	8.27386800
0.09090000	8.27386800
0.09100000	8.27386800
0.09110000	8.27386800
0.09120000	8.36706400
0.09130000	8.27386800
0.09140000	8.27386800
0.09150000	8.27386800
0.09160000	8.36706400
0.09170000	8.36706400
0.09180000	8.36706400
0.09190000	8.36706400
0.09200000	8.36706400
0.09210000	8.36706400
0.09220000	8.36706400
0.09230000	8.36706400
0.09240000	8.36706400
0.09250000	8.36706400
0.09260000	8.36706400
0.09270000	8.36706400
0.09280000	8.36706400
0.09290000	8.36706400
0.09300000	8.36706400
0.09310000	8.36706400
0.09320000	8.36706400
0.09330000	8.36706400
0.09340000	8.36706400
0.09350000	8.36706400
0.09360000	8.36706400
0.09370000	8.36706400
0.09380000	8.36706400
0.09390000	8.36706400
0.09400000	8.36706400
0.09410000	8.36706400
0.09420000	8.36706400
0.09430000	8.36706400
0.09440000	8.36706400
0.09450000	8.36706400
0.09460000	8.36706400
0.09470000	8.36706400
0.09480000	8.36706400
0.09490000	8.36706400
0.09500000	8.36706400
0.09510000	8.36706400
0.09520000	8.36706400
0.09530000	8.36706400
0.09540000	8.36706400
0.09550000	8.36706400
0.09560000	8.36706400
0.09570000	8.36706400
0.09580000	8.36706400
0.09590000	8.36706400
0.09600000	8.45995300
0.09610000	8.36706400
0.09620000	8.36706400
0.09630000	8.36706400
0.09640000	8.36706400
0.09650000	8.36706400
0.09660000	8.36706400
0.09670000	8.36706400
0.09680000	8.36706400
0.09690000	8.36706400
0.09700000	8.36706400
0.09710000	8.36706400
0.09720000	8.36706400
0.09730000	8.36706400
0.09740000	8.36706400
0.09750000	8.36706400
0.09760000	8.36706400
0.09770000	8.36706400
0.09780000	8.36706400
0.09790000	8.36706400
0.09800000	8.36706400
0.09810000	8.36706400
0.09820000	8.36706400
0.09830000	8.36706400
0.09840000	8.27386800
0.09850000	8.27386800
0.09860000	8.36706400
0.09870000	8.27386800
0.09880000	8.27386800
0.09890000	8.27386800
0.09900000	8.27386800
0.09910000	8.27386800
0.09920000	8.27386800
0.09930000	8.27386800
0.09940000	8.27386800
0.09950000	8.27386800
0.09960000	8.27386800
0.09970000	8.27386800
0.09980000	8.27386800
0.09990000	8.27386800
0.10000000	8.27386800
0.10010000	8.27386800
0.10020000	8.27386800
0.10030000	8.27386800
0.10040000	8.27386800
0.10050000	8.18098000
0.10060000	8.27386800
0.10070000	8.18098000
0.10080000	8.18098000
0.10090000	8.18098000
0.10100000	8.18098000
0.10110000	8.18098000
0.10120000	8.18098000
0.10130000	8.18098000
0.10140000	8.18098000
0.10150000	8.18098000
0.10160000	8.18098000
0.10170000	8.18098000
0.10180000	8.18098000
0.10190000	8.18098000
0.10200000	8.18098000
0.10210000	8.18098000
0.10220000	8.08809100
0.10230000	8.08809100
0.10240000	8.08809100
0.10250000	8.08809100
0.10260000	8.08809100
0.10270000	8.08809100
0.10280000	8.08809100
0.10290000	8.08809100
0.10300000	8.08809100
0.10310000	8.08809100
0.10320000	7.99520200
0.10330000	7.99520200
0.10340000	7.99520200
0.10350000	7.99520200
0.10360000	7.99520200
0.10370000	7.99520200
0.10380000	7.99520200
0.10390000	7.99520200
0.10400000	7.99520200
0.10410000	7.90200500
0.10420000	7.99520200
0.10430000	7.90200500
0.10440000	7.90200500
0.10450000	7.90200500
0.10460000	7.90200500
0.10470000	7.90200500
0.10480000	7.90200500
0.10490000	7.80911700
0.10500000	7.90200500
0.10510000	7.90200500
0.10520000	7.80911700
0.10530000	7.80911700
0.10540000	7.80911700
0.10550000	7.80911700
0.10560000	7.80911700
0.10570000	7.71622800
0.10580000	7.80911700
0.10590000	7.71622800
0.10600000	7.71622800
0.10610000	7.71622800
0.10620000	7.71622800
0.10630000	7.71622800
0.10640000	7.62333900
0.10650000	7.71622800
0.10660000	7.62333900
0.10670000	7.62333900
0.10680000	7.62333900
0.10690000	7.62333900
0.10700000	7.62333900
0.10710000	7.62333900
0.10720000	7.53014300
0.10730000	7.53014300
0.10740000	7.53014300
0.10750000	7.53014300
0.10760000	7.53014300
0.10770000	7.53014300
0.10780000	7.53014300
0.10790000	7.43725400
0.10800000	7.43725400
0.10810000	7.43725400
0.10820000	7.43725400
0.10830000	7.34436500
0.10840000	7.43725400
0.10850000	7.34436500
0.10860000	7.34436500
0.10870000	7.34436500
0.10880000	7.34436500
0.10890000	7.34436500
0.10900000	7.25147600
0.10910000	7.25147600
0.10920000	7.25147600
0.10930000	7.25147600
0.10940000	7.25147600
0.10950000	7.25147600
0.10960000	7.25147600
0.10970000	7.25147600
0.10980000	7.15828000
0.10990000	7.15828000
0.11000000	7.15828000
0.11010000	7.15828000
0.11020000	7.15828000
0.11030000	7.06539100
0.11040000	7.06539100
0.11050000	7.06539100
0.11060000	7.06539100
0.11070000	7.06539100
0.11080000	7.06539100
0.11090000	7.06539100
0.11100000	7.06539100
0.11110000	7.06539100
0.11120000	7.06539100
0.11130000	6.97250200
0.11140000	6.97250200
0.11150000	6.97250200
0.11160000	6.97250200
0.11170000	6.97250200
0.11180000	6.97250200
0.11190000	6.97250200
0.11200000	6.87961400
0.11210000	6.87961400
0.11220000	6.87961400
0.11230000	6.87961400
0.11240000	6.87961400
0.11250000	6.87961400
0.11260000	6.87961400
0.11270000	6.78641700
0.11280000	6.78641700
0.11290000	6.78641700
0.11300000	6.78641700
0.11310000	6.78641700
0.11320000	6.78641700
0.11330000	6.78641700
0.11340000	6.69352900
0.11350000	6.69352900
0.11360000	6.69352900
0.11370000	6.69352900
0.11380000	6.69352900
0.11390000	6.69352900
0.11400000	6.60064000
0.11410000	6.60064000
0.11420000	6.60064000
0.11430000	6.60064000
0.11440000	6.60064000
0.11450000	6.60064000
0.11460000	6.60064000
0.11470000	6.60064000
0.11480000	6.50775100
0.11490000	6.50775100
0.11500000	6.50775100
0.11510000	6.50775100
0.11520000	6.50775100
0.11530000	6.41455500
0.11540000	6.41455500
0.11550000	6.41455500
0.11560000	6.41455500
0.11570000	6.41455500
0.11580000	6.41455500
0.11590000	6.41455500
0.11600000	6.41455500
0.11610000	6.41455500
0.11620000	6.32166600
0.11630000	6.32166600
0.11640000	6.32166600
0.11650000	6.32166600
0.11660000	6.32166600
0.11670000	6.32166600
0.11680000	6.32166600
0.11690000	6.32166600
0.11700000	6.22877700
0.11710000	6.22877700
0.11720000	6.22877700
0.11730000	6.22877700
0.11740000	6.22877700
0.11750000	6.22877700
0.11760000	6.22877700
0.11770000	6.22877700
0.11780000	6.22877700
0.11790000	6.22877700
0.11800000	6.13588800
0.11810000	6.13588800
0.11820000	6.13588800
0.11830000	6.13588800
0.11840000	6.13588800
0.11850000	6.13588800
0.11860000	6.13588800
0.11870000	6.13588800
0.11880000	6.13588800
0.11890000	6.13588800
0.11900000	6.13588800
0.11910000	6.13588800
0.11920000	6.13588800
0.11930000	6.04269200
0.11940000	6.04269200
0.11950000	6.04269200
0.11960000	6.04269200
0.11970000	6.04269200
0.11980000	6.04269200
0.11990000	6.04269200
0.12000000	6.04269200
0.12010000	6.04269200
0.12020000	6.04269200
0.12030000	6.04269200
0.12040000	6.04269200
0.12050000	5.94980300
0.12060000	5.94980300
0.12070000	5.94980300
0.12080000	5.94980300
0.12090000	5.94980300
0.12100000	5.94980300
0.12110000	5.94980300
0.12120000	5.94980300
0.12130000	5.94980300
0.12140000	5.94980300
0.12150000	5.94980300
0.12160000	5.94980300
0.12170000	5.94980300
0.12180000	5.94980300
0.12190000	5.85691500
0.12200000	5.85691500
0.12210000	5.85691500
0.12220000	5.85691500
0.12230000	5.85691500
0.12240000	5.85691500
0.12250000	5.85691500
0.12260000	5.85691500
0.12270000	5.85691500
0.12280000	5.85691500
0.12290000	5.85691500
0.12300000	5.85691500
0.12310000	5.85691500
0.12320000	5.85691500
0.12330000	5.85691500
0.12340000	5.76371800
0.12350000	5.76371800
0.12360000	5.76371800
0.12370000	5.85691500
0.12380000	5.76371800
0.12390000	5.76371800
0.12400000	5.76371800
0.12410000	5.76371800
0.12420000	5.76371800
0.12430000	5.76371800
0.12440000	5.76371800
0.12450000	5.76371800
0.12460000	5.76371800
0.12470000	5.76371800
0.12480000	5.76371800
0.12490000	5.76371800
0.12500000	5.76371800
0.12510000	5.76371800
0.12520000	5.76371800
0.12530000	5.76371800
0.12540000	5.76371800
0.12550000	5.76371800
0.12560000	5.67082900
0.12570000	5.76371800
0.12580000	5.67082900
0.12590000	5.76371800
0.12600000	5.67082900
0.12610000	5.76371800
0.12620000	5.67082900
0.12630000	5.76371800
0.12640000	5.76371800
0.12650000	5.67082900
0.12660000	5.67082900
0.12670000	5.67082900
0.12680000	5.67082900
0.12690000	5.76371800
0.12700000	5.67082900
0.12710000	5.67082900
0.12720000	5.67082900
0.12730000	5.67082900
0.12740000	5.67082900
0.12750000	5.67082900
0.12760000	5.76371800
0.12770000	5.67082900
0.12780000	5.67082900
0.12790000	5.67082900
0.12800000	5.67082900
0.12810000	5.67082900
0.12820000	5.67082900
0.12830000	5.76371800
0.12840000	5.67082900
0.12850000	5.67082900
0.12860000	5.67082900
0.12870000	5.67082900
0.12880000	5.76371800
0.12890000	5.67082900
0.12900000	5.76371800
0.12910000	5.67082900
0.12920000	5.67082900
0.12930000	5.76371800
0.12940000	5.67082900
0.12950000	5.76371800
0.12960000	5.76371800
0.12970000	5.76371800
0.12980000	5.76371800
0.12990000	5.76371800
0.13000000	5.76371800
0.13010000	5.76371800
0.13020000	5.76371800
0.13030000	5.76371800
0.13040000	5.76371800
0.13050000	5.76371800
0.13060000	5.76371800
0.13070000	5.76371800
0.13080000	5.76371800
0.13090000	5.76371800
0.13100000	5.76371800
0.13110000	5.76371800
0.13120000	5.76371800
0.13130000	5.76371800
0.13140000	5.76371800
0.13150000	5.85691500
0.13160000	5.76371800
0.13170000	5.76371800
0.13180000	5.76371800
0.13190000	5.85691500
0.13200000	5.85691500
0.13210000	5.85691500
0.13220000	5.85691500
0.13230000	5.85691500
0.13240000	5.85691500
0.13250000	5.85691500
0.13260000	5.85691500
0.13270000	5.85691500
0.13280000	5.85691500
0.13290000	5.94980300
0.13300000	5.94980300
0.13310000	5.94980300
0.13320000	5.94980300
0.13330000	5.94980300
0.13340000	5.94980300
0.13350000	5.94980300
0.13360000	5.94980300
0.13370000	5.94980300
0.13380000	5.94980300
0.13390000	5.94980300
0.13400000	6.04269200
0.13410000	6.04269200
0.13420000	6.04269200
0.13430000	6.04269200
0.13440000	6.04269200
0.13450000	6.04269200
0.13460000	6.04269200
0.13470000	6.04269200
0.13480000	6.04269200
0.13490000	6.04269200
0.13500000	6.13588800
0.13510000	6.13588800
0.13520000	6.13588800
0.13530000	6.13588800
0.13540000	6.13588800
0.13550000	6.13588800
0.13560000	6.13588800
0.13570000	6.13588800
0.13580000	6.13588800
0.13590000	6.22877700
0.13600000	6.22877700
0.13610000	6.22877700
0.13620000	6.22877700
0.13630000	6.22877700
0.13640000	6.22877700
0.13650000	6.22877700
0.13660000	6.22877700
0.13670000	6.22877700
0.13680000	6.32166600
0.13690000	6.32166600
0.13700000	6.32166600
0.13710000	6.32166600
0.13720000	6.32166600
0.13730000	6.32166600
0.13740000	6.32166600
0.13750000	6.32166600
0.13760000	6.32166600
0.13770000	6.41455500
0.13780000	6.41455500
0.13790000	6.41455500
0.13800000	6.41455500
0.13810000	6.41455500
0.13820000	6.41455500
0.13830000	6.41455500
0.13840000	6.41455500
0.13850000	6.41455500
0.13860000	6.50775100
0.13870000	6.50775100
0.13880000	6.50775100
0.13890000	6.50775100
0.13900000	6.50775100
0.13910000	6.50775100
0.13920000	6.50775100
0.13930000	6.50775100
0.13940000	6.50775100
0.13950000	6.60064000
0.13960000	6.60064000
0.13970000	6.60064000
0.13980000	6.60064000
0.13990000	6.60064000
0.14000000	6.60064000
0.14010000	6.60064000
0.14020000	6.60064000
0.14030000	6.60064000
0.14040000	6.60064000
0.14050000	6.60064000
0.14060000	6.69352900
0.14070000	6.69352900
0.14080000	6.69352900
0.14090000	6.69352900
0.14100000	6.69352900
0.14110000	6.69352900
0.14120000	6.69352900
0.14130000	6.69352900
0.14140000	6.69352900
0.14150000	6.78641700
0.14160000	6.78641700
0.14170000	6.78641700
0.14180000	6.78641700
0.14190000	6.78641700
0.14200000	6.78641700
0.14210000	6.78641700
0.14220000	6.78641700
0.14230000	6.87961400
0.14240000	6.78641700
0.14250000	6.87961400
0.14260000	6.87961400
0.14270000	6.87961400
0.14280000	6.87961400
0.14290000	6.87961400
0.14300000	6.87961400
0.14310000	6.87961400
0.14320000	6.97250200
0.14330000	6.97250200
0.14340000	6.97250200
0.14350000	6.97250200
0.14360000	6.97250200
0.14370000	7.06539100
0.14380000	7.06539100
0.14390000	7.06539100
0.14400000	7.06539100
0.14410000	7.06539100
0.14420000	7.06539100
0.14430000	7.06539100
0.14440000	7.06539100
0.14450000	7.15828000
0.14460000	7.15828000
0.14470000	7.15828000
0.14480000	7.15828000
0.14490000	7.15828000
0.14500000	7.15828000
0.14510000	7.15828000
0.14520000	7.25147600
0.14530000	7.25147600
0.14540000	7.25147600
0.14550000	7.25147600
0.14560000	7.25147600
0.14570000	7.34436500
0.14580000	7.34436500
0.14590000	7.34436500
0.14600000	7.34436500
0.14610000	7.34436500
0.14620000	7.34436500
0.14630000	7.34436500
0.14640000	7.43725400
0.14650000	7.43725400
0.14660000	7.43725400
0.14670000	7.43725400
0.14680000	7.43725400
0.14690000	7.43725400
0.14700000	7.43725400
0.14710000	7.43725400
0.14720000	7.53014300
0.14730000	7.43725400
0.14740000	7.53014300
0.14750000	7.53014300
0.14760000	7.53014300
0.14770000	7.53014300
0.14780000	7.53014300
0.14790000	7.53014300
0.14800000	7.53014300
0.14810000	7.62333900
0.14820000	7.62333900
0.14830000	7.62333900
0.14840000	7.62333900
0.14850000	7.62333900
0.14860000	7.62333900
0.14870000	7.62333900
0.14880000	7.62333900
0.14890000	7.71622800
0.14900000	7.71622800
0.14910000	7.71622800
0.14920000	7.71622800
0.14930000	7.71622800
0.14940000	7.71622800
0.14950000	7.71622800
0.14960000	7.80911700
0.14970000	7.71622800
0.14980000	7.80911700
0.14990000	7.80911700
0.15000000	7.80911700
0.15010000	7.80911700
0.15020000	7.80911700
0.15030000	7.80911700
0.15040000	7.80911700
0.15050000	7.80911700
0.15060000	7.80911700
0.15070000	7.90200500
0.15080000	7.80911700
0.15090000	7.90200500
0.15100000	7.90200500
0.15110000	7.90200500
0.15120000	7.80911700
0.15130000	7.90200500
0.15140000	7.90200500
0.15150000	7.90200500
0.15160000	7.90200500
0.15170000	7.90200500
0.15180000	7.99520200
0.15190000	7.99520200
0.15200000	7.99520200
0.15210000	7.99520200
0.15220000	7.99520200
0.15230000	7.99520200
0.15240000	7.99520200
0.15250000	7.99520200
0.15260000	8.08809100
0.15270000	7.99520200
0.15280000	8.08809100
0.15290000	8.08809100
0.15300000	8.08809100
0.15310000	8.08809100
0.15320000	8.08809100
0.15330000	8.08809100
0.15340000	8.08809100
0.15350000	8.08809100
0.15360000	8.08809100
0.15370000	8.08809100
0.15380000	8.08809100
0.15390000	8.18098000
0.15400000	8.18098000
0.15410000	8.18098000
0.15420000	8.18098000
0.15430000	8.18098000
0.15440000	8.18098000
0.15450000	8.18098000
0.15460000	8.18098000
0.15470000	8.18098000
0.15480000	8.18098000
0.15490000	8.18098000
0.15500000	8.18098000
0.15510000	8.18098000
0.15520000	8.18098000
0.15530000	8.27386800
0.15540000	8.27386800
0.15550000	8.27386800
0.15560000	8.27386800
0.15570000	8.27386800
0.15580000	8.18098000
0.15590000	8.27386800
0.15600000	8.27386800
0.15610000	8.27386800
0.15620000	8.27386800
0.15630000	8.27386800
0.15640000	8.27386800
0.15650000	8.27386800
0.15660000	8.27386800
0.15670000	8.27386800
0.15680000	8.27386800
0.15690000	8.27386800
0.15700000	8.27386800
0.15710000	8.27386800
0.15720000	8.27386800
0.15730000	8.36706400
0.15740000	8.36706400
0.15750000	8.36706400
0.15760000	8.36706400
0.15770000	8.36706400
0.15780000	8.36706400
0.15790000	8.36706400
0.15800000	8.36706400
0.15810000	8.36706400
0.15820000	8.36706400
0.15830000	8.36706400
0.15840000	8.36706400
0.15850000	8.36706400
0.15860000	8.36706400
0.15870000	8.36706400
0.15880000	8.36706400
0.15890000	8.36706400
0.15900000	8.36706400
0.15910000	8.36706400
0.15920000	8.36706400
0.15930000	8.36706400
0.15940000	8.36706400
0.15950000	8.36706400
0.15960000	8.36706400
0.15970000	8.36706400
0.15980000	8.36706400
0.15990000	8.36706400
0.16000000	8.36706400
0.16010000	8.36706400
0.16020000	8.36706400
0.16030000	8.36706400
0.16040000	8.36706400
0.16050000	8.36706400
0.16060000	8.36706400
0.16070000	8.36706400
0.16080000	8.36706400
0.16090000	8.36706400
0.16100000	8.36706400
0.16110000	8.36706400
0.16120000	8.36706400
0.16130000	8.36706400
0.16140000	8.36706400
0.16150000	8.36706400
0.16160000	8.36706400
0.16170000	8.36706400
0.16180000	8.36706400
0.16190000	8.36706400
0.16200000	8.36706400
0.16210000	8.36706400
0.16220000	8.36706400
0.16230000	8.36706400
0.16240000	8.36706400
0.16250000	8.36706400
0.16260000	8.36706400
0.16270000	8.36706400
0.16280000	8.36706400
0.16290000	8.36706400
0.16300000	8.36706400
0.16310000	8.36706400
0.16320000	8.36706400
0.16330000	8.36706400
0.16340000	8.36706400
0.16350000	8.36706400
0.16360000	8.27386800
0.16370000	8.36706400
0.16380000	8.27386800
0.16390000	8.36706400
0.16400000	8.27386800
0.16410000	8.27386800
0.16420000	8.27386800
0.16430000	8.27386800
0.16440000	8.27386800
0.16450000	8.27386800
0.16460000	8.27386800
0.16470000	8.27386800
0.16480000	8.27386800
0.16490000	8.27386800
0.16500000	8.27386800
0.16510000	8.27386800
0.16520000	8.27386800
0.16530000	8.27386800
0.16540000	8.27386800
0.16550000	8.27386800
0.16560000	8.27386800
0.16570000	8.27386800
0.16580000	8.18098000
0.16590000	8.18098000
0.16600000	8.18098000
0.16610000	8.27386800
0.16620000	8.18098000
0.16630000	8.18098000
0.16640000	8.18098000
0.16650000	8.18098000
0.16660000	8.18098000
0.16670000	8.18098000
0.16680000	8.18098000
0.16690000	8.18098000
0.16700000	8.18098000
0.16710000	8.18098000
0.16720000	8.18098000
0.16730000	8.08809100
0.16740000	8.08809100
0.16750000	8.08809100
0.16760000	8.08809100
0.16770000	8.08809100
0.16780000	8.08809100
0.16790000	8.08809100
0.16800000	8.08809100
0.16810000	8.08809100
0.16820000	8.08809100
0.16830000	7.99520200
0.16840000	7.99520200
0.16850000	7.99520200
0.16860000	7.99520200
0.16870000	7.99520200
0.16880000	7.99520200
0.16890000	7.99520200
0.16900000	7.99520200
0.16910000	7.99520200
0.16920000	7.99520200
0.16930000	7.99520200
0.16940000	7.99520200
0.16950000	7.99520200
0.16960000	7.99520200
0.16970000	7.90200500
0.16980000	7.90200500
0.16990000	7.90200500
0.17000000	7.90200500
0.17010000	7.90200500
0.17020000	7.90200500
0.17030000	7.80911700
0.17040000	7.80911700
0.17050000	7.90200500
0.17060000	7.80911700
0.17070000	7.80911700
0.17080000	7.80911700
0.17090000	7.80911700
0.17100000	7.80911700
0.17110000	7.80911700
0.17120000	7.71622800
0.17130000	7.80911700
0.17140000	7.71622800
0.17150000	7.71622800
0.17160000	7.71622800
0.17170000	7.71622800
0.17180000	7.71622800
0.17190000	7.71622800
0.17200000	7.62333900
0.17210000	7.62333900
0.17220000	7.62333900
0.17230000	7.62333900
0.17240000	7.62333900
0.17250000	7.62333900
0.17260000	7.62333900
0.17270000	7.53014300
0.17280000	7.53014300
0.17290000	7.53014300
0.17300000	7.53014300
0.17310000	7.53014300
0.17320000	7.53014300
0.17330000	7.43725400
0.17340000	7.53014300
0.17350000	7.43725400
0.17360000	7.43725400
0.17370000	7.43725400
0.17380000	7.43725400
0.17390000	7.43725400
0.17400000	7.43725400
0.17410000	7.34436500
0.17420000	7.34436500
0.17430000	7.34436500
0.17440000	7.34436500
0.17450000	7.34436500
0.17460000	7.34436500
0.17470000	7.34436500
0.17480000	7.25147600
0.17490000	7.25147600
0.17500000	7.25147600
0.17510000	7.25147600
0.17520000	7.15828000
0.17530000	7.25147600
0.17540000	7.15828000
0.17550000	7.25147600
0.17560000	7.15828000
0.17570000	7.15828000
0.17580000	7.15828000
0.17590000	7.15828000
0.17600000	7.15828000
0.17610000	7.15828000
0.17620000	7.15828000
0.17630000	7.06539100
0.17640000	7.06539100
0.17650000	7.06539100
0.17660000	7.06539100
0.17670000	6.97250200
0.17680000	7.06539100
0.17690000	6.97250200
0.17700000	6.97250200
0.17710000	6.97250200
0.17720000	6.97250200
0.17730000	6.97250200
0.17740000	6.97250200
0.17750000	6.97250200
0.17760000	6.97250200
0.17770000	6.97250200
0.17780000	6.87961400
0.17790000	6.87961400
0.17800000	6.87961400
0.17810000	6.87961400
0.17820000	6.87961400
0.17830000	6.87961400
0.17840000	6.87961400
0.17850000	6.78641700
0.17860000	6.87961400
0.17870000	6.87961400
0.17880000	6.78641700
0.17890000	6.78641700
0.17900000	6.78641700
0.17910000	6.78641700
0.17920000	6.78641700
0.17930000	6.78641700
0.17940000	6.78641700
0.17950000	6.78641700
0.17960000	6.69352900
0.17970000	6.69352900
0.17980000	6.69352900
0.17990000	6.69352900
0.18000000	6.69352900
0.18010000	6.69352900
0.18020000	6.69352900
0.18030000	6.69352900
0.18040000	6.60064000
0.18050000	6.60064000
0.18060000	6.60064000
0.18070000	6.60064000
0.18080000	6.60064000
0.18090000	6.60064000
0.18100000	6.60064000
0.18110000	6.60064000
0.18120000	6.50775100
0.18130000	6.50775100
0.18140000	6.50775100
0.18150000	6.50775100
0.18160000	6.50775100
0.18170000	6.50775100
0.18180000	6.50775100
0.18190000	6.41455500
0.18200000	6.50775100
0.18210000	6.41455500
0.18220000	6.41455500
0.18230000	6.41455500
0.18240000	6.41455500
0.18250000	6.41455500
0.18260000	6.41455500
0.18270000	6.32166600
0.18280000	6.32166600
0.18290000	6.32166600
0.18300000	6.32166600
0.18310000	6.32166600
0.18320000	6.32166600
0.18330000	6.32166600
0.18340000	6.22877700
0.18350000	6.22877700
0.18360000	6.22877700
0.18370000	6.22877700
0.18380000	6.22877700
0.18390000	6.22877700
0.18400000	6.22877700
0.18410000	6.13588800
0.18420000	6.22877700
0.18430000	6.13588800
0.18440000	6.13588800
0.18450000	6.13588800
0.18460000	6.13588800
0.18470000	6.13588800
0.18480000	6.13588800
0.18490000	6.04269200
0.18500000	6.13588800
0.18510000	6.04269200
0.18520000	6.13588800
0.18530000	6.04269200
0.18540000	6.04269200
0.18550000	6.04269200
0.18560000	6.04269200
0.18570000	6.04269200
0.18580000	5.94980300
0.18590000	5.94980300
0.18600000	5.94980300
0.18610000	5.94980300
0.18620000	5.94980300
0.18630000	5.94980300
0.18640000	5.94980300
0.18650000	5.94980300
0.18660000	5.94980300
0.18670000	5.94980300
0.18680000	5.85691500
0.18690000	5.94980300
0.18700000	5.94980300
0.18710000	5.94980300
0.18720000	5.94980300
0.18730000	5.85691500
0.18740000	5.85691500
0.18750000	5.85691500
0.18760000	5.85691500
0.18770000	5.85691500
0.18780000	5.85691500
0.18790000	5.85691500
0.18800000	5.85691500
0.18810000	5.85691500
0.18820000	5.85691500
0.18830000	5.85691500
0.18840000	5.76371800
0.18850000	5.76371800
0.18860000	5.85691500
0.18870000	5.76371800
0.18880000	5.85691500
0.18890000	5.76371800
0.18900000	5.76371800
0.18910000	5.76371800
0.18920000	5.76371800
0.18930000	5.76371800
0.18940000	5.76371800
0.18950000	5.76371800
0.18960000	5.76371800
0.18970000	5.76371800
0.18980000	5.76371800
0.18990000	5.76371800
0.19000000	5.76371800
0.19010000	5.76371800
0.19020000	5.76371800
0.19030000	5.67082900
0.19040000	5.76371800
0.19050000	5.76371800
0.19060000	5.76371800
0.19070000	5.76371800
0.19080000	5.76371800
0.19090000	5.76371800
0.19100000	5.67082900
0.19110000	5.76371800
0.19120000	5.76371800
0.19130000	5.76371800
0.19140000	5.67082900
0.19150000	5.76371800
0.19160000	5.76371800
0.19170000	5.67082900
0.19180000	5.76371800
0.19190000	5.67082900
0.19200000	5.76371800
0.19210000	5.76371800
0.19220000	5.67082900
0.19230000	5.76371800
0.19240000	5.67082900
0.19250000	5.67082900
0.19260000	5.67082900
0.19270000	5.76371800
0.19280000	5.67082900
0.19290000	5.67082900
0.19300000	5.67082900
0.19310000	5.67082900
0.19320000	5.67082900
0.19330000	5.67082900
0.19340000	5.67082900
0.19350000	5.67082900
0.19360000	5.76371800
0.19370000	5.76371800
0.19380000	5.67082900
0.19390000	5.76371800
0.19400000	5.76371800
0.19410000	5.76371800
0.19420000	5.67082900
0.19430000	5.76371800
0.19440000	5.76371800
0.19450000	5.76371800
0.19460000	5.76371800
0.19470000	5.76371800
0.19480000	5.76371800
0.19490000	5.76371800
0.19500000	5.76371800
0.19510000	5.76371800
0.19520000	5.76371800
0.19530000	5.76371800
0.19540000	5.76371800
0.19550000	5.76371800
0.19560000	5.76371800
0.19570000	5.76371800
0.19580000	5.76371800
0.19590000	5.76371800
0.19600000	5.76371800
0.19610000	5.76371800
0.19620000	5.76371800
0.19630000	5.76371800
0.19640000	5.76371800
0.19650000	5.76371800
0.19660000	5.76371800
0.19670000	5.76371800
0.19680000	5.85691500
0.19690000	5.76371800
0.19700000	5.85691500
0.19710000	5.76371800
0.19720000	5.85691500
0.19730000	5.85691500
0.19740000	5.85691500
0.19750000	5.85691500
0.19760000	5.85691500
0.19770000	5.85691500
0.19780000	5.85691500
0.19790000	5.85691500
0.19799999	5.85691500
0.19809999	5.85691500
0.19819999	5.94980300
0.19829999	5.85691500
0.19839999	5.94980300
0.19849999	5.94980300
0.19859999	5.94980300
0.19869999	5.85691500
0.19879999	5.94980300
0.19889999	5.94980300
0.19899999	5.94980300
0.19909999	5.94980300
0.19919999	5.94980300
0.19929999	5.94980300
0.19939999	5.94980300
0.19949999	5.94980300
0.19959999	5.94980300
0.19969999	5.94980300
0.19979999	5.94980300
0.19989999	5.94980300
0.19999999	5.94980300
0.20009999	5.94980300
0.20019999	6.04269200
0.20029999	5.94980300
0.20039999	6.04269200
0.20049999	6.04269200
0.20059999	6.04269200
0.20069999	6.04269200
0.20079999	6.04269200
0.20089999	6.04269200
0.20099999	6.04269200
0.20109999	6.04269200
0.20119999	6.04269200
0.20129999	6.04269200
0.20139999	6.04269200
0.20149999	6.13588800
0.20159999	6.13588800
0.20169999	6.13588800
0.20179999	6.13588800
0.20189999	6.13588800
0.20199999	6.13588800
0.20209999	6.13588800
0.20219999	6.13588800
0.20229999	6.13588800
0.20239999	6.13588800
0.20249999	6.22877700
0.20259999	6.13588800
0.20269999	6.13588800
0.20279999	6.22877700
0.20289999	6.22877700
0.20299999	6.22877700
0.20309999	6.22877700
0.20319999	6.22877700
0.20329999	6.22877700
0.20339999	6.22877700
0.20349999	6.22877700
0.20359999	6.32166600
0.20369999	6.32166600
0.20379999	6.32166600
0.20389999	6.32166600
0.20399999	6.32166600
0.20409999	6.32166600
0.20419999	6.32166600
0.20429999	6.41455500
0.20439999	6.41455500
0.20449999	6.41455500
0.20459999	6.41455500
0.20469999	6.41455500
0.20479999	6.41455500
0.20489999	6.41455500
0.20499999	6.41455500
0.20509999	6.50775100
0.20519999	6.50775100
0.20529999	6.50775100
0.20539999	6.50775100
0.20549999	6.50775100
0.20559999	6.50775100
0.20569999	6.50775100
0.20579999	6.50775100
0.20589999	6.60064000
0.20599999	6.60064000
0.20609999	6.60064000
0.20619999	6.60064000
0.20629999	6.60064000
0.20639999	6.60064000
0.20649999	6.60064000
0.20659999	6.60064000
0.20669999	6.60064000
0.20679999	6.69352900
0.20689999	6.69352900
0.20699999	6.69352900
0.20709999	6.69352900
0.20719999	6.69352900
0.20729999	6.69352900
0.20739999	6.69352900
0.20749999	6.78641700
0.20759999	6.78641700
0.20769999	6.78641700
0.20779999	6.78641700
0.20789999	6.78641700
0.20799999	6.78641700
0.20809999	6.78641700
0.20819999	6.78641700
0.20829999	6.78641700
0.20839999	6.87961400
0.20849999	6.87961400
0.20859999	6.87961400
0.20869999	6.87961400
0.20879999	6.87961400
0.20889999	6.87961400
0.20899999	6.97250200
0.20909999	6.97250200
0.20919999	6.97250200
0.20929999	6.97250200
0.20939999	6.97250200
0.20949999	7.06539100
0.20959999	6.97250200
0.20969999	6.97250200
0.20979999	6.97250200
0.20989999	7.06539100
0.20999999	7.06539100
0.21009999	7.06539100
0.21019999	7.06539100
0.21029999	7.06539100
0.21039999	7.15828000
0.21049999	7.15828000
0.21059999	7.15828000
0.21069999	7.15828000
0.21079999	7.15828000
0.21089999	7.15828000
0.21099999	7.25147600
0.21109999	7.25147600
0.21119999	7.25147600
0.21129999	7.25147600
0.21139999	7.25147600
0.21149999	7.25147600
0.21159999	7.25147600
0.21169999	7.34436500
0.21179999	7.25147600
0.21189999	7.34436500
0.21199999	7.34436500
0.21209999	7.34436500
0.21219999	7.34436500
0.21229999	7.34436500
0.21239999	7.43725400
0.21249999	7.34436500
0.21259999	7.43725400
0.21269999	7.43725400
0.21279999	7.43725400
0.21289999	7.43725400
0.21299999	7.43725400
0.21309999	7.43725400
0.21319999	7.43725400
0.21329999	7.53014300
0.21339999	7.53014300
0.21349999	7.53014300
0.21359999	7.53014300
0.21369999	7.53014300
0.21379999	7.53014300
0.21389999	7.62333900
0.21399999	7.62333900
0.21409999	7.62333900
0.21419999	7.62333900
0.21429999	7.62333900
0.21439999	7.62333900
0.21449999	7.62333900
0.21459999	7.62333900
0.21469999	7.71622800
0.21479999	7.62333900
0.21489999	7.71622800
0.21499999	7.71622800
0.21509999	7.71622800
0.21519999	7.71622800
0.21529999	7.71622800
0.21539999	7.71622800
0.21549999	7.71622800
0.21559999	7.71622800
0.21569999	7.80911700
0.21579999	7.80911700
0.21589999	7.80911700
0.21599999	7.80911700
0.21609999	7.80911700
0.21619999	7.80911700
0.21629999	7.80911700
0.21639999	7.80911700
0.21649999	7.80911700
0.21659999	7.90200500
0.21669999	7.90200500
0.21679999	7.90200500
0.21689999	7.90200500
0.21699999	7.90200500
0.21709999	7.90200500
0.21719999	7.90200500
0.21729999	7.99520200
0.21739999	7.90200500
0.21749999	7.90200500
0.21759999	7.90200500
0.21769999	7.99520200
0.21779999	7.99520200
0.21789999	7.99520200
0.21799999	7.99520200
0.21809999	7.99520200
0.21819999	7.99520200
0.21829999	7.99520200
0.21839999	7.99520200
0.21849999	7.99520200
0.21859999	7.99520200
0.21869999	7.99520200
0.21879999	7.99520200
0.21889999	8.08809100
0.21899999	7.99520200
0.21909999	7.99520200
0.21919999	8.08809100
0.21929999	8.08809100
0.21939999	8.08809100
0.21949999	8.08809100
0.21959999	8.08809100
0.21969999	8.08809100
0.21979999	8.08809100
0.21989999	8.08809100
0.21999999	8.08809100
0.22009999	8.08809100
0.22019999	8.18098000
0.22029999	8.08809100
0.22039999	8.08809100
0.22049999	8.18098000
0.22059999	8.18098000
0.22069999	8.08809100
0.22079999	8.18098000
0.22089999	8.18098000
0.22099999	8.18098000
0.22109999	8.18098000
0.22119999	8.18098000
0.22129999	8.18098000
0.22139999	8.18098000
0.22149999	8.18098000
0.22159999	8.18098000
0.22169999	8.18098000
0.22179999	8.27386800
0.22189999	8.18098000
0.22199999	8.27386800
0.22209999	8.27386800
0.22219999	8.27386800
0.22229999	8.27386800
0.22239999	8.27386800
0.22249999	8.27386800
0.22259999	8.27386800
0.22269999	8.27386800
0.22279999	8.27386800
0.22289999	8.27386800
0.22299999	8.27386800
0.22309999	8.27386800
0.22319999	8.27386800
0.22329999	8.27386800
0.22339999	8.27386800
0.22349999	8.27386800
0.22359999	8.27386800
0.22369999	8.36706400
0.22379999	8.27386800
0.22389999	8.36706400
0.22399999	8.36706400
0.22409999	8.36706400
0.22419999	8.36706400
0.22429999	8.36706400
0.22439999	8.36706400
0.22449999	8.36706400
0.22459999	8.36706400
0.22469999	8.36706400
0.22479999	8.36706400
0.22489999	8.36706400
0.22499999	8.36706400
0.22509999	8.36706400
0.22519999	8.36706400
0.22529999	8.36706400
0.22539999	8.36706400
0.22549999	8.36706400
0.22559999	8.36706400
0.22569999	8.36706400
0.22579999	8.36706400
0.22589999	8.36706400
0.22599999	8.36706400
0.22609999	8.36706400
0.22619999	8.36706400
0.22629999	8.36706400
0.22639999	8.36706400
0.22649999	8.36706400
0.22659999	8.36706400
0.22669999	8.36706400
0.22679999	8.36706400
0.22689999	8.36706400
0.22699999	8.36706400
0.22709999	8.36706400
0.22719999	8.36706400
0.22729999	8.45995300
0.22739999	8.36706400
0.22749999	8.36706400
0.22759999	8.36706400
0.22769999	8.36706400
0.22779999	8.36706400
0.22789999	8.36706400
0.22799999	8.36706400
0.22809999	8.36706400
0.22819999	8.36706400
0.22829999	8.36706400
0.22839999	8.45995300
0.22849999	8.36706400
0.22859999	8.36706400
0.22869999	8.36706400
0.22879999	8.36706400
0.22889999	8.36706400
0.22899999	8.36706400
0.22909999	8.36706400
0.22919999	8.36706400
0.22929999	8.36706400
0.22939999	8.36706400
0.22949999	8.36706400
0.22959999	8.36706400
0.22969999	8.36706400
0.22979999	8.36706400
0.22989999	8.36706400
0.22999999	8.36706400
0.23009999	8.36706400
0.23019999	8.36706400
0.23029999	8.36706400
0.23039999	8.36706400
0.23049999	8.36706400
0.23059999	8.36706400
0.23069999	8.36706400
0.23079999	8.36706400
0.23089999	8.36706400
0.23099999	8.36706400
0.23109999	8.36706400
0.23119999	8.36706400
0.23129999	8.27386800
0.23139999	8.27386800
0.23149999	8.27386800
0.23159999	8.27386800
0.23169999	8.27386800
0.23179999	8.27386800
0.23189999	8.27386800
0.23199999	8.27386800
0.23209999	8.27386800
0.23219999	8.27386800
0.23229999	8.27386800
0.23239999	8.27386800
0.23249999	8.27386800
0.23259999	8.27386800
0.23269999	8.27386800
0.23279999	8.18098000
0.23289999	8.18098000
0.23299999	8.18098000
0.23309999	8.18098000
0.23319999	8.18098000
0.23329999	8.18098000
0.23339999	8.18098000
0.23349999	8.18098000
0.23359999	8.18098000
0.23369999	8.18098000
0.23379999	8.18098000
0.23389999	8.08809100
0.23399999	8.08809100
0.23409999	8.08809100
0.23419999	8.08809100
0.23429999	8.08809100
0.23439999	8.08809100
0.23449999	8.08809100
0.23459999	8.08809100
0.23469999	8.08809100
0.23479999	8.08809100
0.23489999	7.99520200
0.23499999	7.99520200
0.23509999	7.99520200
0.23519999	7.99520200
0.23529999	7.99520200
0.23539999	7.99520200
0.23549999	7.99520200
0.23559999	7.99520200
0.23569999	7.99520200
0.23579999	7.90200500
0.23589999	7.90200500
0.23599999	7.99520200
0.23609999	7.90200500
0.23619999	7.90200500
0.23629999	7.90200500
0.23639999	7.90200500
0.23649999	7.90200500
0.23659999	7.90200500
0.23669999	7.80911700
0.23679999	7.80911700
0.23689999	7.80911700
0.23699999	7.80911700
0.23709999	7.80911700
0.23719999	7.80911700
0.23729999	7.80911700
0.23739999	7.80911700
0.23749999	7.80911700
0.23759999	7.71622800
0.23769999	7.71622800
0.23779999	7.71622800
0.23789999	7.71622800
0.23799999	7.71622800
0.23809999	7.71622800
0.23819999	7.71622800
0.23829999	7.62333900
0.23839999	7.62333900
0.23849999	7.62333900
0.23859999	7.62333900
0.23869999	7.62333900
0.23879999	7.62333900
0.23889999	7.62333900
0.23899999	7.62333900
0.23909999	7.62333900
0.23919999	7.53014300
0.23929999	7.53014300
0.23939999	7.53014300
0.23949999	7.53014300
0.23959999	7.53014300
0.23969999	7.53014300
0.23979999	7.53014300
0.23989999	7.53014300
0.23999999	7.53014300
0.24009999	7.43725400
0.24019999	7.43725400
0.24029999	7.43725400
0.24039999	7.43725400
0.24049999	7.43725400
0.24059999	7.43725400
0.24069999	7.43725400
0.24079999	7.34436500
0.24089999	7.34436500
0.24099999	7.34436500
0.24109999	7.34436500
0.24119999	7.34436500
0.24129999	7.34436500
0.24139999	7.34436500
0.24149999	7.34436500
0.24159999	7.25147600
0.24169999	7.25147600
0.24179999	7.25147600
0.24189999	7.25147600
0.24199999	7.25147600
0.24209999	7.25147600
0.24219999	7.25147600
0.24229999	7.25147600
0.24239999	7.25147600
0.24249999	7.15828000
0.24259999	7.15828000
0.24269999	7.15828000
0.24279999	7.15828000
0.24289999	7.15828000
0.24299999	7.15828000
0.24309999	7.06539100
0.24319999	7.06539100
0.24329999	7.06539100
0.24339999	7.06539100
0.24349999	7.06539100
0.24359999	7.06539100
0.24369999	6.97250200
0.24379999	6.97250200
0.24389999	6.97250200
0.24399999	7.06539100
0.24409999	6.97250200
0.24419999	6.97250200
0.24429999	6.97250200
0.24439999	6.97250200
0.24449999	6.97250200
0.24459999	6.97250200
0.24469999	6.87961400
0.24479999	6.87961400
0.24489999	6.87961400
0.24499999	6.87961400
0.24509999	6.87961400
0.24519999	6.87961400
0.24529999	6.78641700
0.24539999	6.78641700
0.24549999	6.78641700
0.24559999	6.78641700
0.24569999	6.78641700
0.24579999	6.78641700
0.24589999	6.78641700
0.24599999	6.78641700
0.24609999	6.69352900
0.24619999	6.69352900
0.24629999	6.69352900
0.24639999	6.69352900
0.24649999	6.69352900
0.24659999	6.69352900
0.24669999	6.60064000
0.24679999	6.69352900
0.24689999	6.60064000
0.24699999	6.60064000
0.24709999	6.60064000
0.24719999	6.60064000
0.24729999	6.60064000
0.24739999	6.60064000
0.24749999	6.60064000
0.24759999	6.60064000
0.24769999	6.60064000
0.24779999	6.50775100
0.24789999	6.50775100
0.24799999	6.50775100
0.24809999	6.50775100
0.24819999	6.50775100
0.24829999	6.50775100
0.24839999	6.50775100
0.24849999	6.50775100
0.24859999	6.41455500
0.24869999	6.41455500
0.24879999	6.41455500
0.24889999	6.41455500
0.24899999	6.41455500
0.24909999	6.41455500
0.24919999	6.41455500
0.24929999	6.32166600
0.24939999	6.41455500
0.24949999	6.32166600
0.24959999	6.32166600
0.24969999	6.32166600
0.24979999	6.41455500
0.24989999	6.32166600
0.24999999	6.32166600
0.25009999	6.32166600
0.25019999	6.32166600
0.25029999	6.32166600
0.25039999	6.32166600
0.25049999	6.22877700
0.25059999	6.22877700
0.25069999	6.22877700
0.25079999	6.22877700
0.25089999	6.22877700
0.25099999	6.22877700
0.25109999	6.22877700
0.25119999	6.22877700
0.25129999	6.13588800
0.25139999	6.13588800
0.25149999	6.22877700
0.25159999	6.13588800
0.25169999	6.13588800
0.25179999	6.13588800
0.25189999	6.13588800
0.25199999	6.13588800
0.25209999	6.13588800
0.25219999	6.13588800
0.25229999	6.13588800
0.25239999	6.13588800
0.25249999	6.13588800
0.25259999	6.13588800
0.25269999	6.04269200
0.25279999	6.04269200
0.25289999	6.04269200
0.25299999	6.04269200
0.25309999	6.04269200
0.25319999	6.04269200
0.25329999	6.04269200
0.25339999	5.94980300
0.25349999	5.94980300
0.25359999	5.94980300
0.25369999	5.94980300
0.25379999	5.94980300
0.25389999	5.94980300
0.25399999	5.94980300
0.25409999	5.94980300
0.25419999	5.94980300
0.25429999	5.94980300
0.25439999	5.94980300
0.25449999	5.85691500
0.25459999	5.94980300
0.25469999	5.94980300
0.25479999	5.85691500
0.25489999	5.85691500
0.25499999	5.85691500
0.25509999	5.85691500
0.25519999	5.85691500
0.25529999	5.85691500
0.25539999	5.85691500
0.25549999	5.85691500
0.25559999	5.85691500
0.25569999	5.85691500
0.25579999	5.85691500
0.25589999	5.85691500
0.25599999	5.85691500
0.25609999	5.85691500
0.25619999	5.85691500
0.25629999	5.85691500
0.25639999	5.76371800
0.25649999	5.85691500
0.25659999	5.76371800
0.25669999	5.76371800
0.25679999	5.76371800
0.25689999	5.76371800
0.25699999	5.76371800
0.25709999	5.76371800
0.25719999	5.76371800
0.25729999	5.76371800
0.25739999	5.76371800
0.25749999	5.76371800
0.25759999	5.76371800
0.25769999	5.76371800
0.25779999	5.67082900
0.25789999	5.76371800
0.25799999	5.76371800
0.25809999	5.76371800
0.25819999	5.76371800
0.25829999	5.76371800
0.25839999	5.76371800
0.25849999	5.76371800
0.25859999	5.76371800
0.25869999	5.76371800
0.25879999	5.76371800
0.25889999	5.76371800
0.25899999	5.76371800
0.25909999	5.67082900
0.25919999	5.67082900
0.25929999	5.76371800
0.25939999	5.67082900
0.25949999	5.67082900
0.25959999	5.76371800
0.25969999	5.76371800
0.25979999	5.67082900
0.25989999	5.67082900
0.25999999	5.67082900
0.26009999	5.67082900
0.26019999	5.67082900
0.26029999	5.76371800
0.26039999	5.76371800
0.26049999	5.76371800
0.26059999	5.67082900
0.26069999	5.67082900
0.26079999	5.67082900
0.26089999	5.67082900
0.26099999	5.67082900
0.26109999	5.76371800
0.26119999	5.76371800
0.26129999	5.76371800
0.26139999	5.67082900
0.26149999	5.67082900
0.26159999	5.67082900
0.26169999	5.76371800
0.26179999	5.67082900
0.26189999	5.76371800
0.26199999	5.76371800
0.26209999	5.76371800
0.26219999	5.76371800
0.26229999	5.76371800
0.26239999	5.76371800
0.26249999	5.76371800
0.26259999	5.76371800
0.26269999	5.76371800
0.26279999	5.76371800
0.26289999	5.76371800
0.26299999	5.76371800
0.26309999	5.76371800
0.26319999	5.76371800
0.26329999	5.76371800
0.26339999	5.76371800
0.26349999	5.76371800
0.26359999	5.76371800
0.26369999	5.76371800
0.26379999	5.76371800
0.26389999	5.76371800
0.26399999	5.85691500
0.26409999	5.76371800
0.26419999	5.76371800
0.26429999	5.76371800
0.26439999	5.85691500
0.26449999	5.85691500
0.26459999	5.85691500
0.26469999	5.85691500
0.26479999	5.85691500
0.26489999	5.85691500
0.26499999	5.85691500
0.26509999	5.85691500
0.26519999	5.85691500
0.26529999	5.85691500
0.26539999	5.85691500
0.26549999	5.85691500
0.26559999	5.94980300
0.26569999	5.85691500
0.26579999	5.85691500
0.26589999	5.85691500
0.26599999	5.85691500
0.26609999	5.94980300
0.26619999	5.94980300
0.26629999	5.85691500
0.26639999	5.94980300
0.26649999	5.94980300
0.26659999	5.94980300
0.26669999	5.94980300
0.26679999	5.94980300
0.26689999	5.94980300
0.26699999	5.94980300
0.26709999	5.94980300
0.26719999	5.94980300
0.26729999	5.94980300
0.26739999	6.04269200
0.26749999	5.94980300
0.26759999	6.04269200
0.26769999	6.04269200
0.26779999	6.04269200
0.26789999	6.04269200
0.26799999	6.04269200
0.26809999	6.04269200
0.26819999	6.04269200
0.26829999	6.04269200
0.26839999	6.04269200
0.26849999	6.04269200
0.26859999	6.04269200
0.26869999	6.04269200
0.26879999	6.04269200
0.26889999	6.13588800
0.26899999	6.13588800
0.26909999	6.13588800
0.26919999	6.13588800
0.26929999	6.13588800
0.26939999	6.13588800
0.26949999	6.13588800
0.26959999	6.13588800
0.26969999	6.13588800
0.26979999	6.13588800
0.26989999	6.22877700
0.26999999	6.22877700
0.27009999	6.22877700
0.27019999	6.22877700
0.27029999	6.22877700
0.27039999	6.22877700
0.27049999	6.22877700
0.27059999	6.22877700
0.27069999	6.32166600
0.27079999	6.22877700
0.27089999	6.32166600
0.27099999	6.32166600
0.27109999	6.32166600
0.27119999	6.32166600
0.27129999	6.32166600
0.27139999	6.32166600
0.27149999	6.32166600
0.27159999	6.32166600
0.27169999	6.32166600
0.27179999	6.32166600
0.27189999	6.32166600
0.27199999	6.32166600
0.27209999	6.32166600
0.27219999	6.41455500
0.27229999	6.41455500
0.27239999	6.41455500
0.27249999	6.41455500
0.27259999	6.50775100
0.27269999	6.41455500
0.27279999	6.50775100
0.27289999	6.50775100
0.27299999	6.50775100
0.27309999	6.50775100
0.27319999	6.50775100
0.27329999	6.50775100
0.27339999	6.50775100
0.27349999	6.60064000
0.27359999	6.50775100
0.27369999	6.60064000
0.27379999	6.60064000
0.27389999	6.60064000
0.27399999	6.60064000
0.27409999	6.60064000
0.27419999	6.60064000
0.27429999	6.60064000
0.27439999	6.69352900
0.27449999	6.69352900
0.27459999	6.69352900
0.27469999	6.69352900
0.27479999	6.69352900
0.27489999	6.69352900
0.27499999	6.69352900
0.27509999	6.69352900
0.27519999	6.78641700
0.27529999	6.78641700
0.27539999	6.78641700
0.27549999	6.78641700
0.27559999	6.78641700
0.27569999	6.78641700
0.27579999	6.87961400
0.27589999	6.87961400
0.27599999	6.87961400
0.27609999	6.87961400
0.27619999	6.87961400
0.27629999	6.87961400
0.27639999	6.87961400
0.27649999	6.97250200
0.27659999	6.97250200
0.27669999	6.87961400
0.27679999	6.97250200
0.27689999	6.97250200
0.27699999	6.97250200
0.27709999	6.97250200
0.27719999	6.97250200
0.27729999	6.97250200
0.27739999	7.06539100
0.27749999	7.06539100
0.27759999	7.06539100
0.27769999	7.06539100
0.27779999	7.06539100
0.27789999	7.06539100
0.27799999	7.06539100
0.27809999	7.06539100
0.27819999	7.06539100
0.27829999	7.15828000
0.27839999	7.15828000
0.27849999	7.06539100
0.27859999	7.15828000
0.27869999	7.15828000
0.27879999	7.15828000
0.27889999	7.15828000
0.27899999	7.15828000
0.27909999	7.15828000
0.27919999	7.15828000
0.27929999	7.15828000
0.27939999	7.15828000
0.27949999	7.25147600
0.27959999	7.25147600
0.27969999	7.25147600
0.27979999	7.25147600
0.27989999	7.25147600
0.27999999	7.25147600
0.28009999	7.25147600
0.28019999	7.34436500
0.28029999	7.34436500
0.28039999	7.34436500
0.28049999	7.34436500
0.28059999	7.34436500
0.28069999	7.34436500
0.28079999	7.34436500
0.28089999	7.34436500
0.28099999	7.34436500
0.28109999	7.34436500
0.28119999	7.43725400
0.28129999	7.43725400
0.28139999	7.43725400
0.28149999	7.43725400
0.28159999	7.43725400
0.28169999	7.43725400
0.28179999	7.43725400
0.28189999	7.53014300
0.28199999	7.53014300
0.28209999	7.53014300
0.28219999	7.53014300
0.28229999	7.53014300
0.28239999	7.53014300
0.28249999	7.62333900
0.28259999	7.62333900
0.28269999	7.62333900
0.28279999	7.62333900
0.28289999	7.62333900
0.28299999	7.62333900
0.28309999	7.62333900
0.28319999	7.62333900
0.28329999	7.71622800
0.28339999	7.71622800
0.28349999	7.71622800
0.28359999	7.71622800
0.28369999	7.71622800
0.28379999	7.80911700
0.28389999	7.71622800
0.28399999	7.71622800
0.28409999	7.80911700
0.28419999	7.80911700
0.28429999	7.80911700
0.28439999	7.80911700
0.28449999	7.80911700
0.28459999	7.80911700
0.28469999	7.80911700
0.28479999	7.80911700
0.28489999	7.90200500
0.28499999	7.90200500
0.28509999	7.90200500
0.28519999	7.90200500
0.28529999	7.90200500
0.28539999	7.90200500
0.28549999	7.90200500
0.28559999	7.90200500
0.28569999	7.99520200
0.28579999	7.90200500
0.28589999	7.99520200
0.28599999	7.99520200
0.28609999	7.99520200
0.28619999	7.99520200
0.28629999	7.99520200
0.28639999	7.99520200
0.28649999	7.99520200
0.28659999	7.99520200
0.28669999	7.99520200
0.28679999	7.99520200
0.28689999	7.99520200
0.28699999	7.99520200
0.28709999	7.99520200
0.28719999	7.99520200
0.28729999	8.08809100
0.28739999	8.08809100
0.28749999	8.08809100
0.28759999	8.08809100
0.28769999	8.08809100
0.28779999	8.08809100
0.28789999	8.08809100
0.28799999	8.08809100
0.28809999	8.08809100
0.28819999	8.08809100
0.28829999	8.08809100
0.28839999	8.08809100
0.28849999	8.18098000
0.28859999	8.08809100
0.28869999	8.18098000
0.28879999	8.18098000
0.28889999	8.18098000
0.28899999	8.18098000
0.28909999	8.18098000
0.28919999	8.18098000
0.28929999	8.18098000
0.28939999	8.18098000
0.28949999	8.18098000
0.28959999	8.18098000
0.28969999	8.18098000
0.28979999	8.18098000
0.28989999	8.18098000
0.28999999	8.27386800
0.29009999	8.18098000
0.29019999	8.27386800
0.29029999	8.18098000
0.29039999	8.27386800
0.29049999	8.27386800
0.29059999	8.27386800
0.29069999	8.27386800
0.29079999	8.27386800
0.29089999	8.27386800
0.29099999	8.27386800
0.29109999	8.27386800
0.29119999	8.27386800
0.29129999	8.27386800
0.29139999	8.27386800
0.29149999	8.27386800
0.29159999	8.27386800
0.29169999	8.27386800
0.29179999	8.27386800
0.29189999	8.27386800
0.29199999	8.27386800
0.29209999	8.27386800
0.29219999	8.27386800
0.29229999	8.27386800
0.29239999	8.36706400
0.29249999	8.36706400
0.29259999	8.36706400
0.29269999	8.36706400
0.29279999	8.36706400
0.29289999	8.36706400
0.29299999	8.36706400
0.29309999	8.36706400
0.29319999	8.36706400
0.29329999	8.36706400
0.29339999	8.36706400
0.29349999	8.36706400
0.29359999	8.36706400
0.29369999	8.36706400
0.29379999	8.36706400
0.29389999	8.36706400
0.29399999	8.36706400
0.29409999	8.36706400
0.29419999	8.36706400
0.29429999	8.36706400
0.29439999	8.36706400
0.29449999	8.36706400
0.29459999	8.36706400
0.29469999	8.36706400
0.29479999	8.36706400
0.29489999	8.36706400
0.29499999	8.36706400
0.29509999	8.36706400
0.29519999	8.36706400
0.29529999	8.36706400
0.29539999	8.36706400
0.29549999	8.36706400
0.29559999	8.36706400
0.29569999	8.36706400
0.29579999	8.36706400
0.29589999	8.36706400
0.29599999	8.36706400
0.29609999	8.36706400
0.29619999	8.36706400
0.29629999	8.36706400
0.29639999	8.36706400
0.29649999	8.36706400
0.29659999	8.36706400
0.29669999	8.36706400
0.29679999	8.36706400
0.29689999	8.36706400
0.29699999	8.36706400
0.29709999	8.36706400
0.29719999	8.36706400
0.29729999	8.36706400
0.29739999	8.36706400
0.29749999	8.36706400
0.29759999	8.36706400
0.29769999	8.36706400
0.29779999	8.36706400
0.29789999	8.36706400
0.29799999	8.36706400
0.29809999	8.36706400
0.29819999	8.36706400
0.29829999	8.36706400
0.29839999	8.36706400
0.29849999	8.36706400
0.29859999	8.36706400
0.29869999	8.36706400
0.29879999	8.36706400
0.29889999	8.27386800
0.29899999	8.36706400
0.29909999	8.27386800
0.29919999	8.36706400
0.29929999	8.27386800
0.29939999	8.36706400
0.29949999	8.27386800
0.29959999	8.27386800
0.29969999	8.27386800
0.29979999	8.27386800
0.29989999	8.27386800
0.29999999	8.27386800
0.30009999	8.27386800
0.30019999	8.27386800
0.30029999	8.27386800
0.30039999	8.27386800
0.30049999	8.27386800
0.30059999	8.27386800
0.30069999	8.27386800
0.30079999	8.27386800
0.30089999	8.27386800
0.30099999	8.27386800
0.30109999	8.27386800
0.30119999	8.27386800
0.30129999	8.27386800
0.30139999	8.18098000
0.30149999	8.27386800
0.30159999	8.18098000
0.30169999	8.18098000
0.30179999	8.18098000
0.30189999	8.18098000
0.30199999	8.18098000
0.30209999	8.18098000
0.30219999	8.18098000
0.30229999	8.18098000
0.30239999	8.18098000
0.30249999	8.18098000
0.30259999	8.18098000
0.30269999	8.18098000
0.30279999	8.18098000
0.30289999	8.08809100
0.30299999	8.08809100
0.30309999	8.08809100
0.30319999	8.08809100
0.30329999	8.08809100
0.30339999	8.08809100
0.30349999	8.08809100
0.30359999	8.08809100
0.30369999	8.08809100
0.30379999	8.08809100
0.30389999	7.99520200
0.30399999	8.08809100
0.30409999	7.99520200
0.30419999	7.99520200
0.30429999	7.99520200
0.30439999	7.99520200
0.30449999	7.99520200
0.30459999	7.99520200
0.30469999	7.99520200
0.30479999	7.99520200
0.30489999	7.99520200
0.30499999	7.90200500
0.30509999	7.90200500
0.30519999	7.90200500
0.30529999	7.90200500
0.30539999	7.90200500
0.30549999	7.90200500
0.30559999	7.90200500
0.30569999	7.90200500
0.30579999	7.80911700
0.30589999	7.80911700
0.30599999	7.80911700
0.30609999	7.80911700
0.30619999	7.80911700
0.30629999	7.80911700
0.30639999	7.80911700
0.30649999	7.71622800
0.30659999	7.71622800
0.30669999	7.71622800
0.30679999	7.71622800
0.30689999	7.71622800
0.30699999	7.71622800
0.30709999	7.71622800
0.30719999	7.71622800
0.30729999	7.62333900
0.30739999	7.62333900
0.30749999	7.62333900
0.30759999	7.62333900
0.30769999	7.62333900
0.30779999	7.62333900
0.30789999	7.62333900
0.30799999	7.53014300
0.30809999	7.53014300
0.30819999	7.53014300
0.30829999	7.53014300
0.30839999	7.53014300
0.30849999	7.53014300
0.30859999	7.53014300
0.30869999	7.53014300
0.30879999	7.53014300
0.30889999	7.43725400
0.30899999	7.43725400
0.30909999	7.43725400
0.30919999	7.43725400
0.30929999	7.43725400
0.30939999	7.43725400
0.30949999	7.43725400
0.30959999	7.34436500
0.30969999	7.34436500
0.30979999	7.34436500
0.30989999	7.34436500
0.30999999	7.34436500
0.31009999	7.34436500
0.31019999	7.34436500
0.31029999	7.34436500
0.31039999	7.25147600
0.31049999	7.25147600
0.31059999	7.25147600
0.31069999	7.25147600
0.31079999	7.25147600
0.31089999	7.25147600
0.31099999	7.15828000
0.31109999	7.15828000
0.31119999	7.15828000
0.31129999	7.15828000
0.31139999	7.15828000
0.31149999	7.15828000
0.31159999	7.15828000
0.31169999	7.15828000
0.31179999	7.15828000
0.31189999	7.06539100
0.31199999	7.06539100
0.31209999	7.06539100
0.31219999	7.06539100
0.31229999	7.06539100
0.31239999	6.97250200
0.31249999	7.06539100
0.31259999	6.97250200
0.31269999	6.97250200
0.31279999	6.97250200
0.31289999	6.97250200
0.31299999	6.97250200
0.31309999	6.87961400
0.31319999	6.87961400
0.31329999	6.87961400
0.31339999	6.87961400
0.31349999	6.87961400
0.31359999	6.87961400
0.31369999	6.87961400
0.31379999	6.87961400
0.31389999	6.78641700
0.31399999	6.78641700
0.31409999	6.78641700
0.31419999	6.78641700
0.31429999	6.69352900
0.31439999	6.69352900
0.31449999	6.69352900
0.31459999	6.69352900
0.31469999	6.69352900
0.31479999	6.69352900
0.31489999	6.69352900
0.31499999	6.60064000
0.31509999	6.60064000
0.31519999	6.60064000
0.31529999	6.60064000
0.31539999	6.60064000
0.31549999	6.60064000
0.31559999	6.60064000
0.31569999	6.50775100
0.31579999	6.50775100
0.31589999	6.50775100
0.31599999	6.50775100
0.31609999	6.50775100
0.31619999	6.50775100
0.31629999	6.41455500
0.31639999	6.41455500
0.31649999	6.41455500
0.31659999	6.41455500
0.31669999	6.41455500
0.31679999	6.41455500
0.31689999	6.41455500
0.31699999	6.41455500
0.31709999	6.32166600
0.31719999	6.32166600
0.31729999	6.32166600
0.31739999	6.32166600
0.31749999	6.32166600
0.31759999	6.32166600
0.31769999	6.32166600
0.31779999	6.32166600
0.31789999	6.32166600
0.31799999	6.32166600
0.31809999	6.32166600
0.31819999	6.22877700
0.31829999	6.22877700
0.31839999	6.22877700
0.31849999	6.22877700
0.31859999	6.22877700
0.31869999	6.22877700
0.31879999	6.22877700
0.31889999	6.22877700
0.31899999	6.22877700
0.31909999	6.22877700
0.31919999	6.22877700
0.31929999	6.13588800
0.31939999	6.13588800
0.31949999	6.13588800
0.31959999	6.13588800
0.31969999	6.13588800
0.31979999	6.13588800
0.31989999	6.13588800
0.31999999	6.13588800
0.32009999	6.13588800
0.32019999	6.13588800
0.32029999	6.13588800
0.32039999	6.04269200
0.32049999	6.04269200
0.32059999	6.04269200
0.32069999	6.04269200
0.32079999	6.04269200
0.32089999	6.04269200
0.32099999	6.04269200
0.32109999	6.04269200
0.32119999	6.04269200
0.32129999	6.04269200
0.32139999	6.04269200
0.32149999	6.04269200
0.32159999	5.94980300
0.32169999	6.04269200
0.32179999	6.04269200
0.32189999	5.94980300
0.32199999	5.94980300
0.32209999	5.94980300
0.32219999	5.94980300
0.32229999	5.94980300
0.32239999	5.94980300
0.32249999	5.94980300
0.32259999	5.94980300
0.32269999	5.94980300
0.32279999	5.94980300
0.32289999	5.85691500
0.32299999	5.85691500
0.32309999	5.94980300
0.32319999	5.85691500
0.32329999	5.94980300
0.32339999	5.85691500
0.32349999	5.94980300
0.32359999	5.85691500
0.32369999	5.85691500
0.32379999	5.85691500
0.32389999	5.85691500
0.32399999	5.85691500
0.32409999	5.85691500
0.32419999	5.85691500
0.32429999	5.85691500
0.32439999	5.85691500
0.32449999	5.85691500
0.32459999	5.85691500
0.32469999	5.76371800
0.32479999	5.85691500
0.32489999	5.85691500
0.32499999	5.76371800
0.32509999	5.85691500
0.32519999	5.85691500
0.32529999	5.76371800
0.32539999	5.76371800
0.32549999	5.76371800
0.32559999	5.76371800
0.32569999	5.76371800
0.32579999	5.76371800
0.32589999	5.76371800
0.32599999	5.76371800
0.32609999	5.76371800
0.32619999	5.76371800
0.32629999	5.76371800
0.32639999	5.76371800
0.32649999	5.76371800
0.32659999	5.76371800
0.32669999	5.76371800
0.32679999	5.76371800
0.32689999	5.76371800
0.32699999	5.76371800
0.32709999	5.76371800
0.32719999	5.67082900
0.32729999	5.76371800
0.32739999	5.76371800
0.32749999	5.76371800
0.32759999	5.76371800
0.32769999	5.76371800
0.32779999	5.76371800
0.32789999	5.67082900
0.32799999	5.76371800
0.32809999	5.76371800
0.32819999	5.67082900
0.32829999	5.67082900
0.32839999	5.76371800
0.32849999	5.67082900
0.32859999	5.76371800
0.32869999	5.67082900
0.32879999	5.67082900
0.32889999	5.76371800
0.32899999	5.76371800
0.32909999	5.76371800
0.32919999	5.76371800
0.32929999	5.76371800
0.32939999	5.67082900
0.32949999	5.67082900
0.32959999	5.67082900
0.32969999	5.76371800
0.32979999	5.76371800
0.32989999	5.76371800
0.32999999	5.67082900
0.33009999	5.76371800
0.33019999	5.76371800
0.33029999	5.67082900
0.33039999	5.76371800
0.33049999	5.76371800
0.33059999	5.76371800
0.33069999	5.76371800
0.33079999	5.67082900
0.33089999	5.76371800
0.33099999	5.76371800
0.33109999	5.76371800
0.33119999	5.76371800
0.33129999	5.76371800
0.33139999	5.76371800
0.33149999	5.76371800
0.33159999	5.76371800
0.33169999	5.76371800
0.33179999	5.76371800
0.33189999	5.76371800
0.33199999	5.76371800
0.33209999	5.76371800
0.33219999	5.76371800
0.33229999	5.76371800
0.33239999	5.76371800
0.33249999	5.76371800
0.33259999	5.76371800
0.33269999	5.76371800
0.33279999	5.76371800
0.33289999	5.85691500
0.33299999	5.76371800
0.33309999	5.85691500
0.33319999	5.85691500
0.33329999	5.85691500
0.33339999	5.85691500
0.33349999	5.85691500
0.33359999	5.85691500
0.33369999	5.85691500
0.33379999	5.85691500
0.33389999	5.85691500
0.33399999	5.85691500
0.33409999	5.85691500
0.33419999	5.85691500
0.33429999	5.85691500
0.33439999	5.94980300
0.33449999	5.94980300
0.33459999	5.94980300
0.33469999	5.94980300
0.33479999	5.94980300
0.33489999	5.94980300
0.33499999	5.94980300
0.33509999	5.94980300
0.33519999	5.94980300
0.33529999	5.94980300
0.33539999	5.94980300
0.33549999	5.94980300
0.33559999	6.04269200
0.33569999	5.94980300
0.33579999	6.04269200
0.33589999	6.04269200
0.33599999	6.04269200
0.33609999	6.04269200
0.33619999	6.04269200
0.33629999	6.04269200
0.33639999	6.04269200
0.33649999	6.04269200
0.33659999	6.04269200
0.33669999	6.04269200
0.33679999	6.13588800
0.33689999	6.04269200
0.33699999	6.13588800
0.33709999	6.13588800
0.33719999	6.13588800
0.33729999	6.13588800
0.33739999	6.13588800
0.33749999	6.13588800
0.33759999	6.13588800
0.33769999	6.13588800
0.33779999	6.13588800
0.33789999	6.13588800
0.33799999	6.22877700
0.33809999	6.22877700
0.33819999	6.22877700
0.33829999	6.22877700
0.33839999	6.22877700
0.33849999	6.22877700
0.33859999	6.22877700
0.33869999	6.22877700
0.33879999	6.22877700
0.33889999	6.22877700
0.33899999	6.22877700
0.33909999	6.32166600
0.33919999	6.32166600
0.33929999	6.32166600
0.33939999	6.32166600
0.33949999	6.32166600
0.33959999	6.32166600
0.33969999	6.32166600
0.33979999	6.32166600
0.33989999	6.32166600
0.33999999	6.32166600
0.34009999	6.41455500
0.34019999	6.41455500
0.34029999	6.41455500
0.34039999	6.41455500
0.34049999	6.41455500
0.34059999	6.41455500
0.34069999	6.41455500
0.34079999	6.41455500
0.34089999	6.41455500
0.34099999	6.41455500
0.34109999	6.50775100
0.34119999	6.50775100
0.34129999	6.50775100
0.34139999	6.50775100
0.34149999	6.50775100
0.34159999	6.50775100
0.34169999	6.50775100
0.34179999	6.60064000
0.34189999	6.60064000
0.34199999	6.60064000
0.34209999	6.60064000
0.34219999	6.60064000
0.34229999	6.60064000
0.34239999	6.60064000
0.34249999	6.60064000
0.34259999	6.69352900
0.34269999	6.69352900
0.34279999	6.69352900
0.34289999	6.69352900
0.34299999	6.69352900
0.34309999	6.69352900
0.34319999	6.69352900
0.34329999	6.69352900
0.34339999	6.78641700
0.34349999	6.78641700
0.34359999	6.78641700
0.34369999	6.78641700
0.34379999	6.78641700
0.34389999	6.87961400
0.34399999	6.87961400
0.34409999	6.87961400
0.34419999	6.87961400
0.34429999	6.87961400
0.34439999	6.87961400
0.34449999	6.97250200
0.34459999	6.97250200
0.34469999	6.87961400
0.34479999	6.97250200
0.34489999	6.97250200
0.34499999	6.97250200
0.34509999	6.97250200
0.34519999	6.97250200
0.34529999	6.97250200
0.34539999	7.06539100
0.34549999	7.06539100
0.34559999	7.06539100
0.34569999	7.06539100
0.34579999	7.06539100
0.34589999	7.06539100
0.34599999	7.15828000
0.34609999	7.15828000
0.34619999	7.15828000
0.34629999	7.15828000
0.34639999	7.15828000
0.34649999	7.15828000
0.34659999	7.15828000
0.34669999	7.15828000
0.34679999	7.15828000
0.34689999	7.25147600
0.34699999	7.25147600
0.34709999	7.25147600
0.34719999	7.25147600
0.34729999	7.25147600
0.34739999	7.25147600
0.34749999	7.25147600
0.34759999	7.25147600
0.34769999	7.25147600
0.34779999	7.34436500
0.34789999	7.34436500
0.34799999	7.34436500
0.34809999	7.34436500
0.34819999	7.34436500
0.34829999	7.34436500
0.34839999	7.34436500
0.34849999	7.34436500
0.34859999	7.34436500
0.34869999	7.43725400
0.34879999	7.43725400
0.34889999	7.34436500
0.34899999	7.43725400
0.34909999	7.43725400
0.34919999	7.43725400
0.34929999	7.43725400
0.34939999	7.43725400
0.34949999	7.43725400
0.34959999	7.43725400
0.34969999	7.43725400
0.34979999	7.43725400
0.34989999	7.53014300
0.34999999	7.43725400
0.35009999	7.43725400
0.35019999	7.53014300
0.35029999	7.53014300
0.35039999	7.53014300
0.35049999	7.53014300
0.35059999	7.53014300
0.35069999	7.53014300
0.35079999	7.62333900
0.35089999	7.62333900
0.35099999	7.62333900
0.35109999	7.62333900
0.35119999	7.62333900
0.35129999	7.62333900
0.35139999	7.62333900
0.35149999	7.62333900
0.35159999	7.62333900
0.35169999	7.71622800
0.35179999	7.71622800
0.35189999	7.62333900
0.35199999	7.71622800
0.35209999	7.71622800
0.35219999	7.71622800
0.35229999	7.71622800
0.35239999	7.71622800
0.35249999	7.71622800
0.35259999	7.71622800
0.35269999	7.80911700
0.35279999	7.80911700
0.35289999	7.80911700
0.35299999	7.80911700
0.35309999	7.80911700
0.35319999	7.80911700
0.35329999	7.80911700
0.35339999	7.80911700
0.35349999	7.90200500
0.35359999	7.90200500
0.35369999	7.90200500
0.35379999	7.90200500
0.35389999	7.90200500
0.35399999	7.90200500
0.35409999	7.90200500
0.35419999	7.90200500
0.35429999	7.90200500
0.35439999	7.99520200
0.35449999	7.90200500
0.35459999	7.99520200
0.35469999	7.99520200
0.35479999	7.99520200
0.35489999	7.99520200
0.35499999	7.99520200
0.35509999	7.99520200
0.35519999	7.99520200
0.35529999	7.99520200
0.35539999	7.99520200
0.35549999	7.99520200
0.35559999	8.08809100
0.35569999	8.08809100
0.35579999	8.08809100
0.35589999	8.08809100
0.35599999	8.08809100
0.35609999	8.08809100
0.35619999	8.08809100
0.35629999	8.08809100
0.35639999	8.08809100
0.35649999	8.08809100
0.35659999	8.18098000
0.35669999	8.08809100
0.35679999	8.08809100
0.35689999	8.18098000
0.35699999	8.18098000
0.35709999	8.18098000
0.35719999	8.18098000
0.35729999	8.18098000
0.35739999	8.18098000
0.35749999	8.18098000
0.35759999	8.18098000
0.35769999	8.18098000
0.35779999	8.18098000
0.35789999	8.18098000
0.35799999	8.18098000
0.35809999	8.18098000
0.35819999	8.18098000
0.35829999	8.27386800
0.35839999	8.18098000
0.35849999	8.18098000
0.35859999	8.27386800
0.35869999	8.27386800
0.35879999	8.18098000
0.35889999	8.27386800
0.35899999	8.27386800
0.35909999	8.27386800
0.35919999	8.27386800
0.35929999	8.27386800
0.35939999	8.27386800
0.35949999	8.27386800
0.35959999	8.27386800
0.35969999	8.27386800
0.35979999	8.27386800
0.35989999	8.27386800
0.35999999	8.27386800
0.36009999	8.27386800
0.36019999	8.27386800
0.36029999	8.27386800
0.36039999	8.27386800
0.36049999	8.27386800
0.36059999	8.27386800
0.36069999	8.27386800
0.36079999	8.27386800
0.36089999	8.36706400
0.36099999	8.36706400
0.36109999	8.36706400
0.36119999	8.27386800
0.36129999	8.27386800
0.36139999	8.36706400
0.36149999	8.36706400
0.36159999	8.36706400
0.36169999	8.36706400
0.36179999	8.27386800
0.36189999	8.36706400
0.36199999	8.36706400
0.36209999	8.36706400
0.36219999	8.36706400
0.36229999	8.36706400
0.36239999	8.36706400
0.36249999	8.36706400
0.36259999	8.36706400
0.36269999	8.36706400
0.36279999	8.36706400
0.36289999	8.36706400
0.36299999	8.36706400
0.36309999	8.36706400
0.36319999	8.36706400
0.36329999	8.36706400
0.36339999	8.36706400
0.36349999	8.36706400
0.36359999	8.36706400
0.36369999	8.36706400
0.36379999	8.36706400
0.36389999	8.36706400
0.36399999	8.36706400
0.36409999	8.36706400
0.36419999	8.36706400
0.36429999	8.36706400
0.36439999	8.36706400
0.36449999	8.36706400
0.36459999	8.36706400
0.36469999	8.36706400
0.36479999	8.36706400
0.36489999	8.36706400
0.36499999	8.36706400
0.36509999	8.36706400
0.36519999	8.36706400
0.36529999	8.36706400
0.36539999	8.36706400
0.36549999	8.36706400
0.36559999	8.36706400
0.36569999	8.36706400
0.36579999	8.36706400
0.36589999	8.36706400
0.36599999	8.36706400
0.36609999	8.36706400
0.36619999	8.36706400
0.36629999	8.36706400
0.36639999	8.27386800
0.36649999	8.36706400
0.36659999	8.36706400
0.36669999	8.27386800
0.36679999	8.27386800
0.36689999	8.27386800
0.36699999	8.27386800
0.36709999	8.27386800
0.36719999	8.27386800
0.36729999	8.27386800
0.36739999	8.27386800
0.36749999	8.27386800
0.36759999	8.27386800
0.36769999	8.27386800
0.36779999	8.27386800
0.36789999	8.27386800
0.36799999	8.27386800
0.36809999	8.27386800
0.36819999	8.27386800
0.36829999	8.27386800
0.36839999	8.27386800
0.36849999	8.27386800
0.36859999	8.27386800
0.36869999	8.18098000
0.36879999	8.18098000
0.36889999	8.27386800
0.36899999	8.27386800
0.36909999	8.18098000
0.36919999	8.18098000
0.36929999	8.18098000
0.36939999	8.18098000
0.36949999	8.18098000
0.36959999	8.18098000
0.36969999	8.18098000
0.36979999	8.18098000
0.36989999	8.18098000
0.36999999	8.18098000
0.37009999	8.18098000
0.37019999	8.18098000
0.37029999	8.18098000
0.37039999	8.08809100
0.37049999	8.08809100
0.37059999	8.08809100
0.37069999	8.08809100
0.37079999	8.08809100
0.37089999	8.08809100
0.37099999	8.08809100
0.37109999	8.08809100
0.37119999	8.08809100
0.37129999	7.99520200
0.37139999	8.08809100
0.37149999	8.08809100
0.37159999	8.08809100
0.37169999	8.08809100
0.37179999	7.99520200
0.37189999	7.99520200
0.37199999	7.99520200
0.37209999	7.99520200
0.37219999	7.99520200
0.37229999	7.99520200
0.37239999	7.99520200
0.37249999	7.99520200
0.37259999	7.99520200
0.37269999	7.99520200
0.37279999	7.99520200
0.37289999	7.90200500
0.37299999	7.99520200
0.37309999	7.90200500
0.37319999	7.90200500
0.37329999	7.90200500
0.37339999	7.90200500
0.37349999	7.90200500
0.37359999	7.80911700
0.37369999	7.90200500
0.37379999	7.90200500
0.37389999	7.80911700
0.37399999	7.80911700
0.37409999	7.80911700
0.37419999	7.80911700
0.37429999	7.80911700
0.37439999	7.80911700
0.37449999	7.80911700
0.37459999	7.80911700
0.37469999	7.71622800
0.37479999	7.71622800
0.37489999	7.71622800
0.37499999	7.71622800
0.37509999	7.71622800
0.37519999	7.71622800
0.37529999	7.71622800
0.37539999	7.71622800
0.37549999	7.71622800
0.37559999	7.62333900
0.37569999	7.62333900
0.37579999	7.62333900
0.37589999	7.62333900
0.37599999	7.62333900
0.37609999	7.62333900
0.37619999	7.62333900
0.37629999	7.62333900
0.37639999	7.53014300
0.37649999	7.53014300
0.37659999	7.53014300
0.37669999	7.53014300
0.37679999	7.53014300
0.37689999	7.53014300
0.37699999	7.53014300
0.37709999	7.53014300
0.37719999	7.43725400
0.37729999	7.43725400
0.37739999	7.43725400
0.37749999	7.43725400
0.37759999	7.43725400
0.37769999	7.43725400
0.37779999	7.43725400
0.37789999	7.43725400
0.37799999	7.34436500
0.37809999	7.34436500
0.37819999	7.34436500
0.37829999	7.34436500
0.37839999	7.34436500
0.37849999	7.34436500
0.37859999	7.34436500
0.37869999	7.34436500
0.37879999	7.34436500
0.37889999	7.34436500
0.37899999	7.34436500
0.37909999	7.25147600
0.37919999	7.25147600
0.37929999	7.25147600
0.37939999	7.25147600
0.37949999	7.25147600
0.37959999	7.25147600
0.37969999	7.25147600
0.37979999	7.15828000
0.37989999	7.25147600
0.37999999	7.15828000
0.38009999	7.15828000
0.38019999	7.15828000
0.38029999	7.15828000
0.38039999	7.15828000
0.38049999	7.15828000
0.38059999	7.06539100
0.38069999	7.06539100
0.38079999	7.06539100
0.38089999	7.06539100
0.38099999	7.06539100
0.38109999	7.06539100
0.38119999	7.06539100
0.38129999	7.06539100
0.38139999	7.06539100
0.38149999	6.97250200
0.38159999	6.97250200
0.38169999	6.97250200
0.38179999	6.97250200
0.38189999	6.97250200
0.38199999	6.97250200
0.38209999	6.87961400
0.38219999	6.87961400
0.38229999	6.87961400
0.38239999	6.87961400
0.38249999	6.87961400
0.38259999	6.87961400
0.38269999	6.87961400
0.38279999	6.78641700
0.38289999	6.78641700
0.38299999	6.78641700
0.38309999	6.78641700
0.38319999	6.78641700
0.38329999	6.69352900
0.38339999	6.69352900
0.38349999	6.78641700
0.38359999	6.69352900
0.38369999	6.69352900
0.38379999	6.69352900
0.38389999	6.69352900
0.38399999	6.60064000
0.38409999	6.60064000
0.38419999	6.60064000
0.38429999	6.60064000
0.38439999	6.60064000
0.38449999	6.50775100
0.38459999	6.50775100
0.38469999	6.60064000
0.38479999	6.50775100
0.38489999	6.50775100
0.38499999	6.50775100
0.38509999	6.50775100
0.38519999	6.50775100
0.38529999	6.50775100
0.38539999	6.50775100
0.38549999	6.50775100
0.38559999	6.50775100
0.38569999	6.50775100
0.38579999	6.41455500
0.38589999	6.41455500
0.38599999	6.41455500
0.38609999	6.41455500
0.38619999	6.41455500
0.38629999	6.32166600
0.38639999	6.41455500
0.38649999	6.32166600
0.38659999	6.32166600
0.38669999	6.32166600
0.38679999	6.32166600
0.38689999	6.32166600
0.38699999	6.32166600
0.38709999	6.32166600
0.38719999	6.32166600
0.38729999	6.32166600
0.38739999	6.22877700
0.38749999	6.22877700
0.38759999	6.22877700
0.38769999	6.22877700
0.38779999	6.22877700
0.38789999	6.22877700
0.38799999	6.22877700
0.38809999	6.13588800
0.38819999	6.22877700
0.38829999	6.22877700
0.38839999	6.13588800
0.38849999	6.13588800
0.38859999	6.13588800
0.38869999	6.13588800
0.38879999	6.13588800
0.38889999	6.13588800
0.38899999	6.13588800
0.38909999	6.13588800
0.38919999	6.13588800
0.38929999	6.04269200
0.38939999	6.13588800
0.38949999	6.13588800
0.38959999	6.04269200
0.38969999	6.04269200
0.38979999	6.04269200
0.38989999	6.04269200
0.38999999	6.04269200
0.39009999	6.04269200
0.39019999	6.04269200
0.39029999	6.04269200
0.39039999	6.04269200
0.39049999	6.04269200
0.39059999	5.94980300
0.39069999	5.94980300
0.39079999	5.94980300
0.39089999	5.94980300
0.39099999	5.94980300
0.39109999	5.94980300
0.39119999	5.94980300
0.39129999	5.94980300
0.39139999	5.94980300
0.39149999	5.94980300
0.39159999	5.94980300
0.39169999	5.94980300
0.39179999	5.85691500
0.39189999	5.94980300
0.39199999	5.85691500
0.39209999	5.94980300
0.39219999	5.85691500
0.39229999	5.94980300
0.39239999	5.85691500
0.39249999	5.85691500
0.39259999	5.85691500
0.39269999	5.85691500
0.39279999	5.85691500
0.39289999	5.85691500
0.39299999	5.85691500
0.39309999	5.85691500
0.39319999	5.85691500
0.39329999	5.76371800
0.39339999	5.76371800
0.39349999	5.76371800
0.39359999	5.85691500
0.39369999	5.85691500
0.39379999	5.76371800
0.39389999	5.76371800
0.39399999	5.76371800
0.39409999	5.76371800
0.39419999	5.76371800
0.39429999	5.76371800
0.39439999	5.76371800
0.39449999	5.76371800
0.39459999	5.76371800
0.39469999	5.76371800
0.39479999	5.76371800
0.39489999	5.76371800
0.39499999	5.76371800
0.39509999	5.76371800
0.39519999	5.76371800
0.39529999	5.76371800
0.39539999	5.76371800
0.39549999	5.76371800
0.39559999	5.76371800
0.39569999	5.76371800
0.39579999	5.76371800
0.39589999	5.76371800
0.39599999	5.76371800
0.39609999	5.76371800
0.39619999	5.76371800
0.39629999	5.76371800
0.39639999	5.76371800
0.39649999	5.76371800
0.39659999	5.76371800
0.39669999	5.76371800
0.39679999	5.67082900
0.39689999	5.76371800
0.39699999	5.67082900
0.39709999	5.67082900
0.39719999	5.67082900
0.39729999	5.67082900
0.39739999	5.67082900
0.39749999	5.76371800
0.39759999	5.67082900
0.39769999	5.67082900
0.39779999	5.76371800
0.39789999	5.76371800
0.39799999	5.76371800
0.39809999	5.67082900
0.39819999	5.76371800
0.39829999	5.67082900
0.39839999	5.67082900
0.39849999	5.76371800
0.39859999	5.76371800
0.39869999	5.76371800
0.39879999	5.67082900
0.39889999	5.67082900
0.39899999	5.67082900
0.39909999	5.76371800
0.39919999	5.76371800
0.39929999	5.67082900
0.39939999	5.67082900
0.39949999	5.76371800
0.39959999	5.67082900
0.39969999	5.76371800
0.39979999	5.67082900
0.39989999	5.76371800
0.39999999	5.76371800
0.40009999	5.76371800
0.40019999	5.76371800
0.40029999	5.76371800
0.40039999	5.76371800
0.40049999	5.76371800
0.40059999	5.76371800
0.40069999	5.76371800
0.40079999	5.76371800
0.40089999	5.76371800
0.40099999	5.76371800
0.40109999	5.76371800
0.40119999	5.76371800
0.40129999	5.76371800
0.40139999	5.76371800
0.40149999	5.76371800
0.40159999	5.76371800
0.40169999	5.76371800
0.40179999	5.76371800
0.40189999	5.76371800
0.40199999	5.76371800
0.40209999	5.76371800
0.40219999	5.76371800
0.40229999	5.76371800
0.40239999	5.85691500
0.40249999	5.85691500
0.40259999	5.85691500
0.40269999	5.85691500
0.40279999	5.85691500
0.40289999	5.85691500
0.40299999	5.85691500
0.40309999	5.85691500
0.40319999	5.85691500
0.40329999	5.85691500
0.40339999	5.85691500
0.40349999	5.85691500
0.40359999	5.85691500
0.40369999	5.85691500
0.40379999	5.85691500
0.40389999	5.85691500
0.40399999	5.94980300
0.40409999	5.85691500
0.40419999	5.94980300
0.40429999	5.94980300
0.40439999	5.94980300
0.40449999	5.94980300
0.40459999	5.94980300
0.40469999	5.94980300
0.40479999	5.94980300
0.40489999	5.94980300
0.40499999	5.94980300
0.40509999	5.94980300
0.40519999	5.94980300
0.40529999	6.04269200
0.40539999	5.94980300
0.40549999	6.04269200
0.40559999	6.04269200
0.40569999	6.04269200
0.40579999	6.04269200
0.40589999	6.04269200
0.40599999	6.04269200
0.40609999	6.04269200
0.40619999	6.04269200
0.40629999	6.04269200
0.40639999	6.13588800
0.40649999	6.13588800
0.40659999	6.13588800
0.40669999	6.13588800
0.40679999	6.13588800
0.40689999	6.13588800
0.40699999	6.13588800
0.40709999	6.13588800
0.40719999	6.13588800
0.40729999	6.13588800
0.40739999	6.22877700
0.40749999	6.13588800
0.40759999	6.13588800
0.40769999	6.22877700
0.40779999	6.22877700
0.40789999	6.22877700
0.40799999	6.22877700
0.40809999	6.22877700
0.40819999	6.22877700
0.40829999	6.22877700
0.40839999	6.22877700
0.40849999	6.22877700
0.40859999	6.32166600
0.40869999	6.32166600
0.40879999	6.32166600
0.40889999	6.32166600
0.40899999	6.32166600
0.40909999	6.32166600
0.40919999	6.32166600
0.40929999	6.32166600
0.40939999	6.32166600
0.40949999	6.32166600
0.40959999	6.41455500
0.40969999	6.32166600
0.40979999	6.41455500
0.40989999	6.41455500
0.40999999	6.41455500
0.41009999	6.41455500
0.41019999	6.41455500
0.41029999	6.41455500
0.41039999	6.41455500
0.41049999	6.41455500
0.41059999	6.50775100
0.41069999	6.50775100
0.41079999	6.50775100
0.41089999	6.50775100
0.41099999	6.50775100
0.41109999	6.50775100
0.41119999	6.50775100
0.41129999	6.60064000
0.41139999	6.60064000
0.41149999	6.60064000
0.41159999	6.60064000
0.41169999	6.60064000
0.41179999	6.60064000
0.41189999	6.60064000
0.41199999	6.69352900
0.41209999	6.60064000
0.41219999	6.69352900
0.41229999	6.69352900
0.41239999	6.69352900
0.41249999	6.69352900
0.41259999	6.78641700
0.41269999	6.78641700
0.41279999	6.78641700
0.41289999	6.78641700
0.41299999	6.78641700
0.41309999	6.78641700
0.41319999	6.78641700
0.41329999	6.87961400
0.41339999	6.87961400
0.41349999	6.87961400
0.41359999	6.87961400
0.41369999	6.87961400
0.41379999	6.87961400
0.41389999	6.87961400
0.41399999	6.87961400
0.41409999	6.87961400
0.41419999	6.97250200
0.41429999	6.97250200
0.41439999	6.97250200
0.41449999	6.97250200
0.41459999	6.97250200
0.41469999	6.97250200
0.41479999	6.97250200
0.41489999	6.97250200
0.41499999	7.06539100
0.41509999	7.06539100
0.41519999	7.06539100
0.41529999	7.06539100
0.41539999	7.06539100
0.41549999	7.06539100
0.41559999	7.15828000
0.41569999	7.15828000
0.41579999	7.15828000
0.41589999	7.15828000
0.41599999	7.15828000
0.41609999	7.15828000
0.41619999	7.15828000
0.41629999	7.15828000
0.41639999	7.25147600
0.41649999	7.25147600
0.41659999	7.25147600
0.41669999	7.25147600
0.41679999	7.25147600
0.41689999	7.25147600
0.41699999	7.25147600
0.41709999	7.25147600
0.41719999	7.25147600
0.41729999	7.34436500
0.41739999	7.34436500
0.41749999	7.34436500
0.41759999	7.34436500
0.41769999	7.34436500
0.41779999	7.34436500
0.41789999	7.43725400
0.41799999	7.43725400
0.41809999	7.43725400
0.41819999	7.43725400
0.41829999	7.43725400
0.41839999	7.43725400
0.41849999	7.43725400
0.41859999	7.43725400
0.41869999	7.43725400
0.41879999	7.43725400
0.41889999	7.43725400
0.41899999	7.43725400
0.41909999	7.43725400
0.41919999	7.53014300
0.41929999	7.53014300
0.41939999	7.53014300
0.41949999	7.53014300
0.41959999	7.53014300
0.41969999	7.53014300
0.41979999	7.53014300
0.41989999	7.53014300
0.41999999	7.62333900
0.42009999	7.62333900
0.42019999	7.62333900
0.42029999	7.62333900
0.42039999	7.62333900
0.42049999	7.62333900
0.42059999	7.62333900
0.42069999	7.62333900
0.42079999	7.62333900
0.42089999	7.71622800
0.42099999	7.62333900
0.42109999	7.62333900
0.42119999	7.71622800
0.42129999	7.71622800
0.42139999	7.71622800
0.42149999	7.71622800
0.42159999	7.71622800
0.42169999	7.71622800
0.42179999	7.71622800
0.42189999	7.71622800
0.42199999	7.71622800
0.42209999	7.80911700
0.42219999	7.71622800
0.42229999	7.80911700
0.42239999	7.80911700
0.42249999	7.80911700
0.42259999	7.80911700
0.42269999	7.80911700
0.42279999	7.80911700
0.42289999	7.80911700
0.42299999	7.80911700
0.42309999	7.80911700
0.42319999	7.90200500
0.42329999	7.90200500
0.42339999	7.90200500
0.42349999	7.90200500
0.42359999	7.90200500
0.42369999	7.90200500
0.42379999	7.90200500
0.42389999	7.90200500
0.42399999	7.90200500
0.42409999	7.90200500
0.42419999	7.99520200
0.42429999	7.99520200
0.42439999	7.99520200
0.42449999	7.99520200
0.42459999	7.99520200
0.42469999	7.99520200
0.42479999	7.99520200
0.42489999	7.99520200
0.42499999	7.99520200
0.42509999	7.99520200
0.42519999	7.99520200
0.42529999	8.08809100
0.42539999	7.99520200
0.42549999	8.08809100
0.42559999	8.08809100
0.42569999	8.08809100
0.42579999	8.08809100
0.42589999	8.08809100
0.42599999	8.08809100
0.42609999	8.08809100
0.42619999	8.08809100
0.42629999	8.08809100
0.42639999	8.08809100
0.42649999	8.08809100
0.42659999	8.18098000
0.42669999	8.08809100
0.42679999	8.18098000
0.42689999	8.08809100
0.42699999	8.18098000
0.42709999	8.18098000
0.42719999	8.18098000
0.42729999	8.18098000
0.42739999	8.18098000
0.42749999	8.18098000
0.42759999	8.18098000
0.42769999	8.18098000
0.42779999	8.18098000
0.42789999	8.18098000
0.42799999	8.18098000
0.42809999	8.18098000
0.42819999	8.18098000
0.42829999	8.27386800
0.42839999	8.27386800
0.42849999	8.18098000
0.42859999	8.27386800
0.42869999	8.18098000
0.42879999	8.27386800
0.42889999	8.27386800
0.42899999	8.27386800
0.42909999	8.27386800
0.42919999	8.27386800
0.42929999	8.27386800
0.42939999	8.27386800
0.42949999	8.27386800
0.42959999	8.27386800
0.42969999	8.27386800
0.42979999	8.27386800
0.42989999	8.27386800
0.42999999	8.27386800
0.43009999	8.27386800
0.43019999	8.27386800
0.43029999	8.27386800
0.43039999	8.36706400
0.43049999	8.27386800
0.43059999	8.27386800
0.43069999	8.27386800
0.43079999	8.27386800
0.43089999	8.27386800
0.43099999	8.36706400
0.43109999	8.27386800
0.43119999	8.36706400
0.43129999	8.36706400
0.43139999	8.36706400
0.43149999	8.36706400
0.43159999	8.36706400
0.43169999	8.36706400
0.43179999	8.27386800
0.43189999	8.36706400
0.43199999	8.36706400
0.43209999	8.36706400
0.43219999	8.36706400
0.43229999	8.36706400
0.43239999	8.36706400
0.43249999	8.36706400
0.43259999	8.36706400
0.43269999	8.36706400
0.43279999	8.36706400
0.43289999	8.36706400
0.43299999	8.36706400
0.43309999	8.36706400
0.43319999	8.36706400
0.43329999	8.36706400
0.43339999	8.36706400
0.43349999	8.36706400
0.43359999	8.36706400
0.43369999	8.36706400
0.43379999	8.36706400
0.43389999	8.36706400
0.43399999	8.36706400
0.43409999	8.36706400
0.43419999	8.36706400
0.43429999	8.36706400
0.43439999	8.36706400
0.43449999	8.36706400
0.43459999	8.36706400
0.43469999	8.36706400
0.43479999	8.36706400
0.43489999	8.36706400
0.43499999	8.36706400
0.43509999	8.36706400
0.43519999	8.36706400
0.43529999	8.36706400
0.43539999	8.36706400
0.43549999	8.36706400
0.43559999	8.36706400
0.43569999	8.36706400
0.43579999	8.36706400
0.43589999	8.36706400
0.43599999	8.36706400
0.43609999	8.36706400
0.43619999	8.36706400
0.43629999	8.36706400
0.43639999	8.27386800
0.43649999	8.27386800
0.43659999	8.27386800
0.43669999	8.36706400
0.43679999	8.27386800
0.43689999	8.27386800
0.43699999	8.27386800
0.43709999	8.27386800
0.43719999	8.27386800
0.43729999	8.27386800
0.43739999	8.27386800
0.43749999	8.27386800
0.43759999	8.27386800
0.43769999	8.27386800
0.43779999	8.27386800
0.43789999	8.27386800
0.43799999	8.27386800
0.43809999	8.27386800
0.43819999	8.27386800
0.43829999	8.27386800
0.43839999	8.18098000
0.43849999	8.27386800
0.43859999	8.18098000
0.43869999	8.27386800
0.43879999	8.27386800
0.43889999	8.18098000
0.43899999	8.18098000
0.43909999	8.18098000
0.43919999	8.18098000
0.43929999	8.18098000
0.43939999	8.18098000
0.43949999	8.18098000
0.43959999	8.18098000
0.43969999	8.18098000
0.43979999	8.18098000
0.43989999	8.18098000
0.43999999	8.08809100
0.44009999	8.08809100
0.44019999	8.08809100
0.44029999	8.08809100
0.44039999	8.08809100
0.44049999	8.08809100
0.44059999	8.08809100
0.44069999	8.08809100
0.44079999	8.08809100
0.44089999	8.08809100
0.44099999	8.08809100
0.44109999	7.99520200
0.44119999	7.99520200
0.44129999	7.99520200
0.44139999	7.99520200
0.44149999	7.99520200
0.44159999	7.99520200
0.44169999	7.99520200
0.44179999	7.99520200
0.44189999	7.99520200
0.44199999	7.99520200
0.44209999	7.99520200
0.44219999	7.90200500
0.44229999	7.90200500
0.44239999	7.90200500
0.44249999	7.90200500
0.44259999	7.90200500
0.44269999	7.90200500
0.44279999	7.90200500
0.44289999	7.90200500
0.44299999	7.90200500
0.44309999	7.90200500
0.44319999	7.90200500
0.44329999	7.80911700
0.44339999	7.80911700
0.44349999	7.80911700
0.44359999	7.80911700
0.44369999	7.80911700
0.44379999	7.80911700
0.44389999	7.80911700
0.44399999	7.80911700
0.44409999	7.71622800
0.44419999	7.71622800
0.44429999	7.71622800
0.44439999	7.71622800
0.44449999	7.71622800
0.44459999	7.71622800
0.44469999	7.62333900
0.44479999	7.62333900
0.44489999	7.71622800
0.44499999	7.62333900
0.44509999	7.62333900
0.44519999	7.62333900
0.44529999	7.62333900
0.44539999	7.62333900
0.44549999	7.62333900
0.44559999	7.62333900
0.44569999	7.62333900
0.44579999	7.62333900
0.44589999	7.53014300
0.44599999	7.53014300
0.44609999	7.53014300
0.44619999	7.53014300
0.44629999	7.53014300
0.44639999	7.53014300
0.44649999	7.53014300
0.44659999	7.53014300
0.44669999	7.43725400
0.44679999	7.43725400
0.44689999	7.43725400
0.44699999	7.43725400
0.44709999	7.43725400
0.44719999	7.43725400
0.44729999	7.43725400
0.44739999	7.43725400
0.44749999	7.43725400
0.44759999	7.34436500
0.44769999	7.34436500
0.44779999	7.34436500
0.44789999	7.34436500
0.44799999	7.34436500
0.44809999	7.34436500
0.44819999	7.25147600
0.44829999	7.25147600
0.44839999	7.25147600
0.44849999	7.25147600
0.44859999	7.25147600
0.44869999	7.25147600
0.44879999	7.25147600
0.44889999	7.15828000
0.44899999	7.15828000
0.44909999	7.15828000
0.44919999	7.15828000
0.44929999	7.15828000
0.44939999	7.15828000
0.44949999	7.15828000
0.44959999	7.15828000
0.44969999	7.06539100
0.44979999	7.06539100
0.44989999	7.06539100
0.44999999	7.06539100
0.45009999	7.06539100
0.45019999	7.06539100
0.45029999	7.06539100
0.45039999	7.06539100
0.45049999	7.06539100
0.45059999	6.97250200
0.45069999	6.97250200
0.45079999	6.97250200
0.45089999	6.97250200
0.45099999	6.97250200
0.45109999	6.97250200
0.45119999	6.97250200
0.45129999	6.97250200
0.45139999	6.97250200
0.45149999	6.97250200
0.45159999	6.87961400
0.45169999	6.97250200
0.45179999	6.87961400
0.45189999	6.87961400
0.45199999	6.87961400
0.45209999	6.87961400
0.45219999	6.87961400
0.45229999	6.87961400
0.45239999	6.87961400
0.45249999	6.78641700
0.45259999	6.78641700
0.45269999	6.78641700
0.45279999	6.78641700
0.45289999	6.78641700
0.45299999	6.78641700
0.45309999	6.69352900
0.45319999	6.69352900
0.45329999	6.69352900
0.45339999	6.69352900
0.45349999	6.69352900
0.45359999	6.69352900
0.45369999	6.69352900
0.45379999	6.60064000
0.45389999	6.69352900
0.45399999	6.69352900
0.45409999	6.60064000
0.45419999	6.60064000
0.45429999	6.60064000
0.45439999	6.60064000
0.45449999	6.60064000
0.45459999	6.60064000
0.45469999	6.50775100
0.45479999	6.50775100
0.45489999	6.50775100
0.45499999	6.50775100
0.45509999	6.50775100
0.45519999	6.50775100
0.45529999	6.50775100
0.45539999	6.50775100
0.45549999	6.50775100
0.45559999	6.41455500
0.45569999	6.41455500
0.45579999	6.41455500
0.45589999	6.41455500
0.45599999	6.41455500
0.45609999	6.41455500
0.45619999	6.41455500
0.45629999	6.41455500
0.45639999	6.41455500
0.45649999	6.41455500
0.45659999	6.41455500
0.45669999	6.41455500
0.45679999	6.32166600
0.45689999	6.32166600
0.45699999	6.32166600
0.45709999	6.32166600
0.45719999	6.32166600
0.45729999	6.32166600
0.45739999	6.32166600
0.45749999	6.32166600
0.45759999	6.22877700
0.45769999	6.22877700
0.45779999	6.22877700
0.45789999	6.22877700
0.45799999	6.22877700
0.45809999	6.22877700
0.45819999	6.22877700
0.45829999	6.22877700
0.45839999	6.22877700
0.45849999	6.22877700
0.45859999	6.13588800
0.45869999	6.13588800
0.45879999	6.13588800
0.45889999	6.13588800
0.45899999	6.13588800
0.45909999	6.13588800
0.45919999	6.13588800
0.45929999	6.13588800
0.45939999	6.13588800
0.45949999	6.04269200
0.45959999	6.04269200
0.45969999	6.04269200
0.45979999	6.04269200
0.45989999	6.04269200
0.45999999	6.04269200
0.46009999	6.04269200
0.46019999	6.04269200
0.46029999	6.04269200
0.46039999	6.04269200
0.46049999	6.04269200
0.46059999	6.04269200
0.46069999	5.94980300
0.46079999	5.94980300
0.46089999	5.94980300
0.46099999	5.94980300
0.46109999	5.94980300
0.46119999	5.94980300
0.46129999	5.94980300
0.46139999	5.94980300
0.46149999	5.94980300
0.46159999	5.94980300
0.46169999	5.94980300
0.46179999	5.94980300
0.46189999	5.94980300
0.46199999	5.94980300
0.46209999	5.85691500
0.46219999	5.85691500
0.46229999	5.85691500
0.46239999	5.85691500
0.46249999	5.85691500
0.46259999	5.85691500
0.46269999	5.85691500
0.46279999	5.85691500
0.46289999	5.85691500
0.46299999	5.85691500
0.46309999	5.85691500
0.46319999	5.85691500
0.46329999	5.85691500
0.46339999	5.76371800
0.46349999	5.76371800
0.46359999	5.85691500
0.46369999	5.76371800
0.46379999	5.85691500
0.46389999	5.76371800
0.46399999	5.76371800
0.46409999	5.76371800
0.46419999	5.76371800
0.46429999	5.76371800
0.46439999	5.76371800
0.46449999	5.76371800
0.46459999	5.76371800
0.46469999	5.76371800
0.46479999	5.76371800
0.46489999	5.76371800
0.46499999	5.76371800
0.46509999	5.76371800
0.46519999	5.76371800
0.46529999	5.67082900
0.46539999	5.76371800
0.46549999	5.76371800
0.46559999	5.76371800
0.46569999	5.76371800
0.46579999	5.76371800
0.46589999	5.76371800
0.46599999	5.76371800
0.46609999	5.76371800
0.46619999	5.76371800
0.46629999	5.76371800
0.46639999	5.67082900
0.46649999	5.67082900
0.46659999	5.76371800
0.46669999	5.67082900
0.46679999	5.76371800
0.46689999	5.67082900
0.46699999	5.67082900
0.46709999	5.76371800
0.46719999	5.76371800
0.46729999	5.67082900
0.46739999	5.67082900
0.46749999	5.76371800
0.46759999	5.67082900
0.46769999	5.76371800
0.46779999	5.67082900
0.46789999	5.76371800
0.46799999	5.76371800
0.46809999	5.76371800
0.46819999	5.67082900
0.46829999	5.76371800
0.46839999	5.67082900
0.46849999	5.76371800
0.46859999	5.67082900
0.46869999	5.76371800
0.46879999	5.76371800
0.46889999	5.76371800
0.46899999	5.76371800
0.46909999	5.76371800
0.46919999	5.76371800
0.46929999	5.76371800
0.46939999	5.67082900
0.46949999	5.76371800
0.46959999	5.67082900
0.46969999	5.67082900
0.46979999	5.76371800
0.46989999	5.76371800
0.46999999	5.67082900
0.47009999	5.76371800
0.47019999	5.67082900
0.47029999	5.76371800
0.47039999	5.76371800
0.47049999	5.67082900
0.47059999	5.76371800
0.47069999	5.76371800
0.47079999	5.76371800
0.47089999	5.76371800
0.47099999	5.76371800
0.47109999	5.76371800
0.47119999	5.76371800
0.47129999	5.76371800
0.47139999	5.76371800
0.47149999	5.76371800
0.47159999	5.76371800
0.47169999	5.76371800
0.47179999	5.76371800
0.47189999	5.76371800
0.47199999	5.76371800
0.47209999	5.76371800
0.47219999	5.76371800
0.47229999	5.76371800
0.47239999	5.85691500
0.47249999	5.76371800
0.47259999	5.76371800
0.47269999	5.85691500
0.47279999	5.85691500
0.47289999	5.85691500
0.47299999	5.85691500
0.47309999	5.85691500
0.47319999	5.85691500
0.47329999	5.85691500
0.47339999	5.85691500
0.47349999	5.85691500
0.47359999	5.85691500
0.47369999	5.85691500
0.47379999	5.94980300
0.47389999	5.85691500
0.47399999	5.85691500
0.47409999	5.85691500
0.47419999	5.85691500
0.47429999	5.85691500
0.47439999	5.85691500
0.47449999	5.94980300
0.47459999	5.94980300
0.47469999	5.94980300
0.47479999	5.94980300
0.47489999	5.94980300
0.47499999	5.94980300
0.47509999	5.94980300
0.47519999	5.94980300
0.47529999	5.94980300
0.47539999	6.04269200
0.47549999	6.04269200
0.47559999	5.94980300
0.47569999	5.94980300
0.47579999	6.04269200
0.47589999	5.94980300
0.47599999	6.04269200
0.47609999	6.04269200
0.47619999	6.04269200
0.47629999	6.04269200
0.47639999	6.04269200
0.47649999	6.04269200
0.47659999	6.04269200
0.47669999	6.04269200
0.47679999	6.13588800
0.47689999	6.13588800
0.47699999	6.13588800
0.47709999	6.13588800
0.47719999	6.13588800
0.47729999	6.13588800
0.47739999	6.13588800
0.47749999	6.13588800
0.47759999	6.13588800
0.47769999	6.13588800
0.47779999	6.13588800
0.47789999	6.22877700
0.47799999	6.13588800
0.47809999	6.13588800
0.47819999	6.22877700
0.47829999	6.13588800
0.47839999	6.22877700
0.47849999	6.22877700
0.47859999	6.22877700
0.47869999	6.22877700
0.47879999	6.22877700
0.47889999	6.22877700
0.47899999	6.22877700
0.47909999	6.22877700
0.47919999	6.22877700
0.47929999	6.22877700
0.47939999	6.22877700
0.47949999	6.32166600
0.47959999	6.32166600
0.47969999	6.32166600
0.47979999	6.32166600
0.47989999	6.32166600
0.47999999	6.32166600
0.48009999	6.32166600
0.48019999	6.32166600
0.48029999	6.32166600
0.48039999	6.32166600
0.48049999	6.32166600
0.48059999	6.32166600
0.48069999	6.32166600
0.48079999	6.41455500
0.48089999	6.32166600
0.48099999	6.32166600
0.48109999	6.41455500
0.48119999	6.41455500
0.48129999	6.41455500
0.48139999	6.41455500
0.48149999	6.41455500
0.48159999	6.41455500
0.48169999	6.41455500
0.48179999	6.50775100
0.48189999	6.50775100
0.48199999	6.50775100
0.48209999	6.50775100
0.48219999	6.50775100
0.48229999	6.50775100
0.48239999	6.50775100
0.48249999	6.50775100
0.48259999	6.50775100
0.48269999	6.60064000
0.48279999	6.50775100
0.48289999	6.60064000
0.48299999	6.60064000
0.48309999	6.60064000
0.48319999	6.60064000
0.48329999	6.60064000
0.48339999	6.60064000
0.48349999	6.60064000
0.48359999	6.69352900
0.48369999	6.69352900
0.48379999	6.69352900
0.48389999	6.69352900
0.48399999	6.69352900
0.48409999	6.78641700
0.48419999	6.78641700
0.48429999	6.78641700
0.48439999	6.78641700
0.48449999	6.78641700
0.48459999	6.78641700
0.48469999	6.78641700
0.48479999	6.78641700
0.48489999	6.78641700
0.48499999	6.87961400
0.48509999	6.87961400
0.48519999	6.87961400
0.48529999	6.87961400
0.48539999	6.87961400
0.48549999	6.87961400
0.48559999	6.87961400
0.48569999	6.97250200
0.48579999	6.97250200
0.48589999	6.97250200
0.48599999	6.97250200
0.48609999	6.97250200
0.48619999	6.97250200
0.48629999	6.97250200
0.48639999	6.97250200
0.48649999	7.06539100
0.48659999	7.06539100
0.48669999	7.06539100
0.48679999	7.06539100
0.48689999	7.06539100
0.48699999	7.06539100
0.48709999	7.15828000
0.48719999	7.06539100
0.48729999	7.15828000
0.48739999	7.15828000
0.48749999	7.15828000
0.48759999	7.15828000
0.48769999	7.15828000
0.48779999	7.15828000
0.48789999	7.25147600
0.48799999	7.25147600
0.48809999	7.15828000
0.48819999	7.25147600
0.48829999	7.25147600
0.48839999	7.25147600
0.48849999	7.25147600
0.48859999	7.25147600
0.48869999	7.25147600
0.48879999	7.25147600
0.48889999	7.25147600
0.48899999	7.34436500
0.48909999	7.25147600
0.48919999	7.34436500
0.48929999	7.34436500
0.48939999	7.34436500
0.48949999	7.34436500
0.48959999	7.34436500
0.48969999	7.34436500
0.48979999	7.34436500
0.48989999	7.34436500
0.48999999	7.34436500
0.49009999	7.43725400
0.49019999	7.43725400
0.49029999	7.43725400
0.49039999	7.43725400
0.49049999	7.43725400
0.49059999	7.43725400
0.49069999	7.43725400
0.49079999	7.53014300
0.49089999	7.53014300
0.49099999	7.53014300
0.49109999	7.53014300
0.49119999	7.53014300
0.49129999	7.53014300
0.49139999	7.53014300
0.49149999	7.53014300
0.49159999	7.53014300
0.49169999	7.53014300
0.49179999	7.53014300
0.49189999	7.62333900
0.49199999	7.62333900
0.49209999	7.62333900
0.49219999	7.62333900
0.49229999	7.62333900
0.49239999	7.62333900
0.49249999	7.62333900
0.49259999	7.62333900
0.49269999	7.71622800
0.49279999	7.71622800
0.49289999	7.71622800
0.49299999	7.71622800
0.49309999	7.71622800
0.49319999	7.71622800
0.49329999	7.71622800
0.49339999	7.71622800
0.49349999	7.71622800
0.49359999	7.71622800
0.49369999	7.80911700
0.49379999	7.71622800
0.49389999	7.80911700
0.49399999	7.80911700
0.49409999	7.80911700
0.49419999	7.80911700
0.49429999	7.80911700
0.49439999	7.80911700
0.49449999	7.80911700
0.49459999	7.80911700
0.49469999	7.80911700
0.49479999	7.90200500
0.49489999	7.90200500
0.49499999	7.90200500
0.49509999	7.90200500
0.49519999	7.90200500
0.49529999	7.90200500
0.49539999	7.90200500
0.49549999	7.99520200
0.49559999	7.90200500
0.49569999	7.90200500
0.49579999	7.99520200
0.49589999	7.99520200
0.49599999	7.99520200
0.49609999	7.99520200
0.49619999	7.99520200
0.49629999	7.99520200
0.49639999	7.99520200
0.49649999	7.99520200
0.49659999	7.99520200
0.49669999	7.99520200
0.49679999	7.99520200
0.49689999	7.99520200
0.49699999	7.99520200
0.49709999	7.99520200
0.49719999	8.08809100
0.49729999	8.08809100
0.49739999	8.08809100
0.49749999	8.08809100
0.49759999	8.08809100
0.49769999	8.08809100
0.49779999	8.08809100
0.49789999	8.08809100
0.49799999	8.08809100
0.49809999	8.08809100
0.49819999	8.08809100
0.49829999	8.08809100
0.49839999	8.08809100
0.49849999	8.18098000
0.49859999	8.18098000
0.49869999	8.08809100
0.49879999	8.18098000
0.49889999	8.18098000
0.49899999	8.18098000
0.49909999	8.18098000
0.49919999	8.18098000
0.49929999	8.18098000
0.49939999	8.18098000
0.49949999	8.18098000
0.49959999	8.18098000
0.49969999	8.18098000
0.49979999	8.18098000
0.49989999	8.18098000
0.49999999	8.27386800
0.50009999	8.27386800
0.50019999	8.18098000
0.50029999	8.27386800
0.50039999	8.27386800
0.50049999	8.27386800
0.50059999	8.27386800
0.50069999	8.27386800
0.50079999	8.27386800
0.50089999	8.27386800
0.50099999	8.27386800
0.50109999	8.27386800
0.50119999	8.27386800
0.50129999	8.27386800
0.50139999	8.27386800
0.50149999	8.27386800
0.50159999	8.27386800
0.50169999	8.27386800
0.50179999	8.27386800
0.50189999	8.27386800
0.50199999	8.27386800
0.50209999	8.27386800
0.50219999	8.27386800
0.50229999	8.27386800
0.50239999	8.36706400
0.50249999	8.27386800
0.50259999	8.27386800
0.50269999	8.27386800
0.50279999	8.27386800
0.50289999	8.36706400
0.50299999	8.36706400
0.50309999	8.27386800
0.50319999	8.36706400
0.50329999	8.36706400
0.50339999	8.36706400
0.50349999	8.36706400
0.50359999	8.27386800
0.50369999	8.36706400
0.50379999	8.36706400
0.50389999	8.36706400
0.50399999	8.36706400
0.50409999	8.36706400
0.50419999	8.36706400
0.50429999	8.36706400
0.50439999	8.36706400
0.50449999	8.36706400
0.50459999	8.36706400
0.50469999	8.36706400
0.50479999	8.36706400
0.50489999	8.36706400
0.50499999	8.36706400
0.50509999	8.36706400
0.50519999	8.36706400
0.50529999	8.36706400
0.50539999	8.36706400
0.50549999	8.36706400
0.50559999	8.36706400
0.50569999	8.36706400
0.50579999	8.36706400
0.50589999	8.36706400
0.50599999	8.36706400
0.50609999	8.36706400
0.50619999	8.36706400
0.50629999	8.36706400
0.50639999	8.36706400
0.50649999	8.36706400
0.50659999	8.36706400
0.50669999	8.36706400
0.50679999	8.36706400
0.50689999	8.36706400
0.50699999	8.36706400
0.50709999	8.36706400
0.50719999	8.36706400
0.50729999	8.36706400
0.50739999	8.36706400
0.50749999	8.36706400
0.50759999	8.36706400
0.50769999	8.36706400
0.50779999	8.36706400
0.50789999	8.27386800
0.50799999	8.27386800
0.50809999	8.36706400
0.50819999	8.36706400
0.50829999	8.36706400
0.50839999	8.36706400
0.50849999	8.27386800
0.50859999	8.36706400
0.50869999	8.36706400
0.50879999	8.27386800
0.50889999	8.36706400
0.50899999	8.36706400
0.50909999	8.27386800
0.50919999	8.27386800
0.50929999	8.27386800
0.50939999	8.27386800
0.50949999	8.27386800
0.50959999	8.27386800
0.50969999	8.27386800
0.50979999	8.27386800
0.50989999	8.27386800
0.50999999	8.27386800
0.51009999	8.27386800
0.51019999	8.27386800
0.51029999	8.27386800
0.51039999	8.27386800
0.51049999	8.27386800
0.51059999	8.27386800
0.51069999	8.27386800
0.51079999	8.27386800
0.51089999	8.27386800
0.51099999	8.27386800
0.51109999	8.27386800
0.51119999	8.18098000
0.51129999	8.18098000
0.51139999	8.27386800
0.51149999	8.27386800
0.51159999	8.18098000
0.51169999	8.18098000
0.51179999	8.18098000
0.51189999	8.18098000
0.51199999	8.18098000
0.51209999	8.18098000
0.51219999	8.18098000
0.51229999	8.18098000
0.51239999	8.18098000
0.51249999	8.18098000
0.51259999	8.18098000
0.51269999	8.18098000
0.51279999	8.18098000
0.51289999	8.08809100
0.51299999	8.08809100
0.51309999	8.08809100
0.51319999	8.08809100
0.51329999	8.08809100
0.51339999	8.08809100
0.51349999	8.08809100
0.51359999	8.08809100
0.51369999	8.08809100
0.51379999	8.08809100
0.51389999	8.08809100
0.51399999	7.99520200
0.51409999	7.99520200
0.51419999	7.99520200
0.51429999	7.99520200
0.51439999	7.99520200
0.51449999	7.99520200
0.51459999	7.99520200
0.51469999	7.99520200
0.51479999	7.99520200
0.51489999	7.99520200
0.51499999	7.90200500
0.51509999	7.90200500
0.51519999	7.90200500
0.51529999	7.90200500
0.51539999	7.90200500
0.51549999	7.90200500
0.51559999	7.90200500
0.51569999	7.90200500
0.51579999	7.90200500
0.51589999	7.80911700
0.51599999	7.90200500
0.51609999	7.80911700
0.51619999	7.80911700
0.51629999	7.80911700
0.51639999	7.80911700
0.51649999	7.80911700
0.51659999	7.71622800
0.51669999	7.80911700
0.51679999	7.71622800
0.51689999	7.71622800
0.51699999	7.71622800
0.51709999	7.71622800
0.51719999	7.71622800
0.51729999	7.71622800
0.51739999	7.71622800
0.51749999	7.71622800
0.51759999	7.62333900
0.51769999	7.71622800
0.51779999	7.62333900
0.51789999	7.62333900
0.51799999	7.62333900
0.51809999	7.62333900
0.51819999	7.62333900
0.51829999	7.62333900
0.51839999	7.62333900
0.51849999	7.62333900
0.51859999	7.62333900
0.51869999	7.53014300
0.51879999	7.53014300
0.51889999	7.53014300
0.51899999	7.53014300
0.51909999	7.53014300
0.51919999	7.53014300
0.51929999	7.53014300
0.51939999	7.53014300
0.51949999	7.43725400
0.51959999	7.53014300
0.51969999	7.43725400
0.51979999	7.43725400
0.51989999	7.43725400
0.51999999	7.43725400
0.52009999	7.43725400
0.52019999	7.43725400
0.52029999	7.43725400
0.52039999	7.43725400
0.52049999	7.43725400
0.52059999	7.43725400
0.52069999	7.34436500
0.52079999	7.34436500
0.52089999	7.34436500
0.52099999	7.34436500
0.52109999	7.34436500
0.52119999	7.34436500
0.52129999	7.34436500
0.52139999	7.34436500
0.52149999	7.34436500
0.52159999	7.34436500
0.52169999	7.25147600
0.52179999	7.25147600
0.52189999	7.25147600
0.52199999	7.25147600
0.52209999	7.25147600
0.52219999	7.25147600
0.52229999	7.25147600
0.52239999	7.25147600
0.52249999	7.25147600
0.52259999	7.25147600
0.52269999	7.15828000
0.52279999	7.15828000
0.52289999	7.15828000
0.52299999	7.15828000
0.52309999	7.15828000
0.52319999	7.15828000
0.52329999	7.15828000
0.52339999	7.15828000
0.52349999	7.06539100
0.52359999	7.06539100
0.52369999	7.06539100
0.52379999	7.06539100
0.52389999	6.97250200
0.52399999	6.97250200
0.52409999	6.97250200
0.52419999	6.97250200
0.52429999	6.97250200
0.52439999	6.97250200
0.52449999	6.97250200
0.52459999	6.97250200
0.52469999	6.97250200
0.52479999	6.87961400
0.52489999	6.87961400
0.52499999	6.87961400
0.52509999	6.87961400
0.52519999	6.87961400
0.52529999	6.87961400
0.52539999	6.78641700
0.52549999	6.78641700
0.52559999	6.78641700
0.52569999	6.78641700
0.52579999	6.78641700
0.52589999	6.78641700
0.52599999	6.78641700
0.52609999	6.78641700
0.52619999	6.69352900
0.52629999	6.69352900
0.52639999	6.69352900
0.52649999	6.69352900
0.52659999	6.69352900
0.52669999	6.69352900
0.52679999	6.60064000
0.52689999	6.69352900
0.52699999	6.69352900
0.52709999	6.60064000
0.52719999	6.60064000
0.52729999	6.60064000
0.52739999	6.60064000
0.52749999	6.60064000
0.52759999	6.60064000
0.52769999	6.60064000
0.52779999	6.60064000
0.52789999	6.60064000
0.52799999	6.50775100
0.52809999	6.50775100
0.52819999	6.50775100
0.52829999	6.50775100
0.52839999	6.50775100
0.52849999	6.50775100
0.52859999	6.50775100
0.52869999	6.50775100
0.52879999	6.50775100
0.52889999	6.50775100
0.52899999	6.50775100
0.52909999	6.50775100
0.52919999	6.41455500
0.52929999	6.41455500
0.52939999	6.41455500
0.52949999	6.41455500
0.52959999	6.41455500
0.52969999	6.41455500
0.52979999	6.41455500
0.52989999	6.41455500
0.52999999	6.32166600
0.53009999	6.41455500
0.53019999	6.41455500
0.53029999	6.32166600
0.53039999	6.32166600
0.53049999	6.32166600
0.53059999	6.32166600
0.53069999	6.32166600
0.53079999	6.32166600
0.53089999	6.32166600
0.53099999	6.32166600
0.53109999	6.32166600
0.53119999	6.32166600
0.53129999	6.22877700
0.53139999	6.32166600
0.53149999	6.22877700
0.53159999	6.22877700
0.53169999	6.22877700
0.53179999	6.22877700
0.53189999	6.22877700
0.53199999	6.22877700
0.53209999	6.22877700
0.53219999	6.22877700
0.53229999	6.22877700
0.53239999	6.22877700
0.53249999	6.13588800
0.53259999	6.13588800
0.53269999	6.13588800
0.53279999	6.13588800
0.53289999	6.13588800
0.53299999	6.13588800
0.53309999	6.13588800
0.53319999	6.13588800
0.53329999	6.13588800
0.53339999	6.04269200
0.53349999	6.04269200
0.53359999	6.04269200
0.53369999	6.04269200
0.53379999	6.04269200
0.53389999	6.04269200
0.53399999	6.04269200
0.53409999	6.04269200
0.53419999	6.04269200
0.53429999	6.04269200
0.53439999	5.94980300
0.53449999	5.94980300
0.53459999	5.94980300
0.53469999	5.94980300
0.53479999	5.94980300
0.53489999	5.94980300
0.53499999	5.94980300
0.53509999	5.94980300
0.53519999	5.94980300
0.53529999	5.94980300
0.53539999	5.94980300
0.53549999	5.94980300
0.53559999	5.94980300
0.53569999	5.85691500
0.53579999	5.85691500
0.53589999	5.85691500
0.53599999	5.85691500
0.53609999	5.85691500
0.53619999	5.85691500
0.53629999	5.85691500
0.53639999	5.85691500
0.53649999	5.76371800
0.53659999	5.85691500
0.53669999	5.85691500
0.53679999	5.85691500
0.53689999	5.85691500
0.53699999	5.85691500
0.53709999	5.76371800
0.53719999	5.76371800
0.53729999	5.76371800
0.53739999	5.76371800
0.53749999	5.76371800
0.53759999	5.76371800
0.53769999	5.76371800
0.53779999	5.76371800
0.53789999	5.76371800
0.53799999	5.76371800
0.53809999	5.76371800
0.53819999	5.76371800
0.53829999	5.76371800
0.53839999	5.76371800
0.53849999	5.76371800
0.53859999	5.76371800
0.53869999	5.76371800
0.53879999	5.76371800
0.53889999	5.76371800
0.53899999	5.76371800
0.53909999	5.76371800
0.53919999	5.76371800
0.53929999	5.76371800
0.53939999	5.67082900
0.53949999	5.67082900
0.53959999	5.76371800
0.53969999	5.76371800
0.53979999	5.67082900
0.53989999	5.76371800
0.53999999	5.67082900
0.54009999	5.67082900
0.54019999	5.76371800
0.54029999	5.67082900
0.54039999	5.76371800
0.54049999	5.67082900
0.54059999	5.67082900
0.54069999	5.67082900
0.54079999	5.67082900
0.54089999	5.67082900
0.54099999	5.67082900
0.54109999	5.67082900
0.54119999	5.67082900
0.54129999	5.67082900
0.54139999	5.67082900
0.54149999	5.67082900
0.54159999	5.67082900
0.54169999	5.67082900
0.54179999	5.67082900
0.54189999	5.67082900
0.54199999	5.67082900
0.54209999	5.67082900
0.54219999	5.67082900
0.54229999	5.67082900
0.54239999	5.67082900
0.54249999	5.76371800
0.54259999	5.67082900
0.54269999	5.67082900
0.54279999	5.67082900
0.54289999	5.67082900
0.54299999	5.67082900
0.54309999	5.67082900
0.54319999	5.67082900
0.54329999	5.76371800
0.54339999	5.67082900
0.54349999	5.76371800
0.54359999	5.67082900
0.54369999	5.76371800
0.54379999	5.67082900
0.54389999	5.67082900
0.54399999	5.67082900
0.54409999	5.76371800
0.54419999	5.67082900
0.54429999	5.76371800
0.54439999	5.76371800
0.54449999	5.76371800
0.54459999	5.76371800
0.54469999	5.76371800
0.54479999	5.76371800
0.54489999	5.76371800
0.54499999	5.76371800
0.54509999	5.76371800
0.54519999	5.76371800
0.54529999	5.76371800
0.54539999	5.76371800
0.54549999	5.76371800
0.54559999	5.76371800
0.54569999	5.76371800
0.54579999	5.76371800
0.54589999	5.76371800
0.54599999	5.76371800
0.54609999	5.76371800
0.54619999	5.76371800
0.54629999	5.76371800
0.54639999	5.76371800
0.54649999	5.76371800
0.54659999	5.76371800
0.54669999	5.76371800
0.54679999	5.76371800
0.54689999	5.76371800
0.54699999	5.85691500
0.54709999	5.85691500
0.54719999	5.76371800
0.54729999	5.76371800
0.54739999	5.85691500
0.54749999	5.85691500
0.54759999	5.85691500
0.54769999	5.85691500
0.54779999	5.85691500
0.54789999	5.85691500
0.54799999	5.85691500
0.54809999	5.85691500
0.54819999	5.85691500
0.54829999	5.85691500
0.54839999	5.85691500
0.54849999	5.85691500
0.54859999	5.85691500
0.54869999	5.85691500
0.54879999	5.94980300
0.54889999	5.85691500
0.54899999	5.85691500
0.54909999	5.85691500
0.54919999	5.85691500
0.54929999	5.94980300
0.54939999	5.94980300
0.54949999	5.94980300
0.54959999	5.94980300
0.54969999	5.94980300
0.54979999	5.94980300
0.54989999	5.94980300
0.54999999	5.94980300
0.55009999	5.94980300
0.55019999	5.94980300
0.55029999	5.94980300
0.55039999	5.94980300
0.55049999	5.94980300
0.55059999	5.94980300
0.55069999	5.94980300
0.55079999	6.04269200
0.55089999	6.04269200
0.55099999	6.04269200
0.55109999	6.04269200
0.55119999	6.04269200
0.55129999	6.04269200
0.55139999	6.04269200
0.55149999	6.04269200
0.55159999	6.04269200
0.55169999	6.04269200
0.55179999	6.04269200
0.55189999	6.04269200
0.55199999	6.13588800
0.55209999	6.04269200
0.55219999	6.13588800
0.55229999	6.13588800
0.55239999	6.13588800
0.55249999	6.13588800
0.55259999	6.13588800
0.55269999	6.13588800
0.55279999	6.13588800
0.55289999	6.13588800
0.55299999	6.13588800
0.55309999	6.13588800
0.55319999	6.13588800
0.55329999	6.22877700
0.55339999	6.22877700
0.55349999	6.22877700
0.55359999	6.22877700
0.55369999	6.22877700
0.55379999	6.22877700
0.55389999	6.22877700
0.55399999	6.22877700
0.55409999	6.22877700
0.55419999	6.22877700
0.55429999	6.32166600
0.55439999	6.32166600
0.55449999	6.32166600
0.55459999	6.32166600
0.55469999	6.32166600
0.55479999	6.32166600
0.55489999	6.41455500
0.55499999	6.32166600
0.55509999	6.32166600
0.55519999	6.41455500
0.55529999	6.32166600
0.55539999	6.41455500
0.55549999	6.41455500
0.55559999	6.41455500
0.55569999	6.41455500
0.55579999	6.41455500
0.55589999	6.41455500
0.55599999	6.41455500
0.55609999	6.50775100
0.55619999	6.50775100
0.55629999	6.50775100
0.55639999	6.50775100
0.55649999	6.50775100
0.55659999	6.50775100
0.55669999	6.50775100
0.55679999	6.50775100
0.55689999	6.50775100
0.55699999	6.60064000
0.55709999	6.60064000
0.55719999	6.60064000
0.55729999	6.60064000
0.55739999	6.60064000
0.55749999	6.60064000
0.55759999	6.60064000
0.55769999	6.60064000
0.55779999	6.60064000
0.55789999	6.60064000
0.55799999	6.60064000
0.55809999	6.69352900
0.55819999	6.69352900
0.55829999	6.69352900
0.55839999	6.69352900
0.55849999	6.69352900
0.55859999	6.69352900
0.55869999	6.69352900
0.55879999	6.69352900
0.55889999	6.78641700
0.55899999	6.78641700
0.55909999	6.78641700
0.55919999	6.78641700
0.55929999	6.78641700
0.55939999	6.78641700
0.55949999	6.78641700
0.55959999	6.78641700
0.55969999	6.78641700
0.55979999	6.87961400
0.55989999	6.87961400
0.55999999	6.87961400
0.56009999	6.87961400
0.56019999	6.87961400
0.56029999	6.87961400
0.56039999	6.87961400
0.56049999	6.87961400
0.56059999	6.97250200
0.56069999	6.97250200
0.56079999	6.97250200
0.56089999	6.97250200
0.56099999	6.97250200
0.56109999	6.97250200
0.56119999	6.97250200
0.56129999	7.06539100
0.56139999	7.06539100
0.56149999	7.06539100
0.56159999	7.06539100
0.56169999	7.06539100
0.56179999	7.06539100
0.56189999	7.06539100
0.56199999	7.06539100
0.56209999	7.06539100
0.56219999	7.06539100
0.56229999	7.15828000
0.56239999	7.15828000
0.56249999	7.15828000
0.56259999	7.15828000
0.56269999	7.15828000
0.56279999	7.15828000
0.56289999	7.15828000
0.56299999	7.25147600
0.56309999	7.25147600
0.56319999	7.25147600
0.56329999	7.25147600
0.56339999	7.25147600
0.56349999	7.25147600
0.56359999	7.25147600
0.56369999	7.25147600
0.56379999	7.25147600
0.56389999	7.25147600
0.56399999	7.34436500
0.56409999	7.34436500
0.56419999	7.34436500
0.56429999	7.34436500
0.56439999	7.34436500
0.56449999	7.34436500
0.56459999	7.43725400
0.56469999	7.43725400
0.56479999	7.43725400
0.56489999	7.43725400
0.56499999	7.43725400
0.56509999	7.43725400
0.56519999	7.43725400
0.56529999	7.43725400
0.56539999	7.53014300
0.56549999	7.53014300
0.56559999	7.53014300
0.56569999	7.53014300
0.56579999	7.53014300
0.56589999	7.53014300
0.56599999	7.53014300
0.56609999	7.53014300
0.56619999	7.62333900
0.56629999	7.62333900
0.56639999	7.62333900
0.56649999	7.62333900
0.56659999	7.62333900
0.56669999	7.62333900
0.56679999	7.71622800
0.56689999	7.62333900
0.56699999	7.71622800
0.56709999	7.71622800
0.56719999	7.71622800
0.56729999	7.71622800
0.56739999	7.71622800
0.56749999	7.71622800
0.56759999	7.71622800
0.56769999	7.71622800
0.56779999	7.71622800
0.56789999	7.71622800
0.56799999	7.80911700
0.56809999	7.80911700
0.56819999	7.80911700
0.56829999	7.80911700
0.56839999	7.80911700
0.56849999	7.80911700
0.56859999	7.80911700
0.56869999	7.80911700
0.56879999	7.80911700
0.56889999	7.80911700
0.56899999	7.80911700
0.56909999	7.80911700
0.56919999	7.80911700
0.56929999	7.90200500
0.56939999	7.90200500
0.56949999	7.80911700
0.56959999	7.90200500
0.56969999	7.90200500
0.56979999	7.90200500
0.56989999	7.90200500
0.56999999	7.90200500
0.57009999	7.90200500
0.57019999	7.90200500
0.57029999	7.90200500
0.57039999	7.90200500
0.57049999	7.90200500
0.57059999	7.90200500
0.57069999	7.90200500
0.57079999	7.90200500
0.57089999	7.99520200
0.57099999	7.90200500
0.57109999	7.90200500
0.57119999	7.90200500
0.57129999	7.99520200
0.57139999	7.99520200
0.57149999	7.99520200
0.57159999	7.99520200
0.57169999	7.99520200
0.57179999	7.99520200
0.57189999	8.08809100
0.57199999	7.99520200
0.57209999	7.99520200
0.57219999	7.99520200
0.57229999	7.99520200
0.57239999	8.08809100
0.57249999	8.08809100
0.57259999	8.08809100
0.57269999	8.08809100
0.57279999	8.08809100
0.57289999	8.08809100
0.57299999	8.08809100
0.57309999	8.08809100
0.57319999	8.08809100
0.57329999	8.08809100
0.57339999	8.08809100
0.57349999	8.08809100
0.57359999	8.08809100
0.57369999	8.08809100
0.57379999	8.18098000
0.57389999	8.08809100
0.57399999	8.18098000
0.57409999	8.08809100
0.57419999	8.18098000
0.57429999	8.18098000
0.57439999	8.18098000
0.57449999	8.18098000
0.57459999	8.18098000
0.57469999	8.18098000
0.57479999	8.18098000
0.57489999	8.18098000
0.57499999	8.18098000
0.57509999	8.18098000
0.57519999	8.18098000
0.57529999	8.18098000
0.57539999	8.18098000
0.57549999	8.18098000
0.57559999	8.27386800
0.57569999	8.27386800
0.57579999	8.27386800
0.57589999	8.27386800
0.57599999	8.18098000
0.57609999	8.27386800
0.57619999	8.27386800
0.57629999	8.27386800
0.57639999	8.27386800
0.57649999	8.27386800
0.57659999	8.27386800
0.57669999	8.27386800
0.57679999	8.27386800
0.57689999	8.27386800
0.57699999	8.27386800
0.57709999	8.27386800
0.57719999	8.27386800
0.57729999	8.27386800
0.57739999	8.27386800
0.57749999	8.27386800
0.57759999	8.27386800
0.57769999	8.27386800
0.57779999	8.27386800
0.57789999	8.27386800
0.57799999	8.27386800
0.57809999	8.36706400
0.57819999	8.27386800
0.57829999	8.27386800
0.57839999	8.27386800
0.57849999	8.27386800
0.57859999	8.36706400
0.57869999	8.36706400
0.57879999	8.27386800
0.57889999	8.36706400
0.57899999	8.36706400
0.57909999	8.36706400
0.57919999	8.36706400
0.57929999	8.36706400
0.57939999	8.36706400
0.57949999	8.36706400
0.57959999	8.36706400
0.57969999	8.36706400
0.57979999	8.36706400
0.57989999	8.36706400
0.57999999	8.36706400
0.58009999	8.36706400
0.58019999	8.36706400
0.58029999	8.36706400
0.58039999	8.36706400
0.58049999	8.36706400
0.58059999	8.36706400
0.58069999	8.36706400
0.58079999	8.36706400
0.58089999	8.36706400
0.58099999	8.36706400
0.58109999	8.36706400
0.58119999	8.36706400
0.58129999	8.36706400
0.58139999	8.36706400
0.58149999	8.36706400
0.58159999	8.36706400
0.58169999	8.36706400
0.58179999	8.36706400
0.58189999	8.36706400
0.58199999	8.36706400
0.58209999	8.36706400
0.58219999	8.36706400
0.58229999	8.36706400
0.58239999	8.36706400
0.58249999	8.36706400
0.58259999	8.36706400
0.58269999	8.36706400
0.58279999	8.36706400
0.58289999	8.36706400
0.58299999	8.36706400
0.58309999	8.36706400
0.58319999	8.36706400
0.58329999	8.36706400
0.58339999	8.36706400
0.58349999	8.36706400
0.58359999	8.36706400
0.58369999	8.36706400
0.58379999	8.36706400
0.58389999	8.36706400
0.58399999	8.36706400
0.58409999	8.36706400
0.58419999	8.27386800
0.58429999	8.36706400
0.58439999	8.36706400
0.58449999	8.36706400
0.58459999	8.36706400
0.58469999	8.27386800
0.58479999	8.27386800
0.58489999	8.36706400
0.58499999	8.27386800
0.58509999	8.36706400
0.58519999	8.27386800
0.58529999	8.27386800
0.58539999	8.36706400
0.58549999	8.27386800
0.58559999	8.27386800
0.58569999	8.27386800
0.58579999	8.27386800
0.58589999	8.27386800
0.58599999	8.27386800
0.58609999	8.27386800
0.58619999	8.27386800
0.58629999	8.27386800
0.58639999	8.27386800
0.58649999	8.27386800
0.58659999	8.27386800
0.58669999	8.27386800
0.58679999	8.27386800
0.58689999	8.27386800
0.58699999	8.27386800
0.58709999	8.27386800
0.58719999	8.27386800
0.58729999	8.18098000
0.58739999	8.18098000
0.58749999	8.18098000
0.58759999	8.18098000
0.58769999	8.18098000
0.58779999	8.18098000
0.58789999	8.18098000
0.58799999	8.18098000
0.58809999	8.18098000
0.58819999	8.18098000
0.58829999	8.18098000
0.58839999	8.18098000
0.58849999	8.18098000
0.58859999	8.18098000
0.58869999	8.18098000
0.58879999	8.18098000
0.58889999	8.08809100
0.58899999	8.18098000
0.58909999	8.08809100
0.58919999	8.08809100
0.58929999	8.08809100
0.58939999	8.08809100
0.58949999	8.08809100
0.58959999	8.08809100
0.58969999	8.08809100
0.58979999	8.08809100
0.58989999	8.08809100
0.58999999	8.08809100
0.59009999	8.08809100
0.59019999	8.08809100
0.59029999	7.99520200
0.59039999	8.08809100
0.59049999	7.99520200
0.59059999	7.99520200
0.59069999	7.99520200
0.59079999	7.99520200
0.59089999	7.99520200
0.59099999	7.99520200
0.59109999	7.99520200
0.59119999	7.99520200
0.59129999	7.99520200
0.59139999	7.99520200
0.59149999	7.90200500
0.59159999	7.99520200
0.59169999	7.90200500
0.59179999	7.90200500
0.59189999	7.99520200
0.59199999	7.90200500
0.59209999	7.90200500
0.59219999	7.90200500
0.59229999	7.90200500
0.59239999	7.90200500
0.59249999	7.90200500
0.59259999	7.90200500
0.59269999	7.90200500
0.59279999	7.80911700
0.59289999	7.80911700
0.59299999	7.80911700
0.59309999	7.80911700
0.59319999	7.80911700
0.59329999	7.80911700
0.59339999	7.80911700
0.59349999	7.80911700
0.59359999	7.80911700
0.59369999	7.80911700
0.59379998	7.71622800
0.59389998	7.71622800
0.59399998	7.71622800
0.59409998	7.71622800
0.59419998	7.71622800
0.59429998	7.71622800
0.59439998	7.71622800
0.59449998	7.71622800
0.59459998	7.71622800
0.59469998	7.62333900
0.59479998	7.62333900
0.59489998	7.62333900
0.59499998	7.62333900
0.59509998	7.62333900
0.59519998	7.62333900
0.59529998	7.62333900
0.59539998	7.62333900
0.59549998	7.53014300
0.59559998	7.53014300
0.59569998	7.53014300
0.59579998	7.53014300
0.59589998	7.53014300
0.59599998	7.53014300
0.59609998	7.53014300
0.59619998	7.43725400
0.59629998	7.43725400
0.59639998	7.43725400
0.59649998	7.43725400
0.59659998	7.43725400
0.59669998	7.43725400
0.59679998	7.43725400
0.59689998	7.43725400
0.59699998	7.34436500
0.59709998	7.43725400
0.59719998	7.34436500
0.59729998	7.43725400
0.59739998	7.34436500
0.59749998	7.34436500
0.59759998	7.34436500
0.59769998	7.34436500
0.59779998	7.34436500
0.59789998	7.34436500
0.59799998	7.34436500
0.59809998	7.25147600
0.59819998	7.25147600
0.59829998	7.25147600
0.59839998	7.25147600
0.59849998	7.25147600
0.59859998	7.25147600
0.59869998	7.25147600
0.59879998	7.25147600
0.59889998	7.25147600
0.59899998	7.15828000
0.59909998	7.15828000
0.59919998	7.15828000
0.59929998	7.15828000
0.59939998	7.15828000
0.59949998	7.15828000
0.59959998	7.15828000
0.59969998	7.15828000
0.59979998	7.15828000
0.59989998	7.15828000
0.59999998	7.15828000
0.60009998	7.06539100
0.60019998	7.06539100
0.60029998	7.06539100
0.60039998	7.06539100
0.60049998	7.06539100
0.60059998	7.06539100
0.60069998	7.06539100
0.60079998	7.06539100
0.60089998	6.97250200
0.60099998	7.06539100
0.60109998	7.06539100
0.60119998	6.97250200
0.60129998	6.97250200
0.60139998	6.97250200
0.60149998	6.97250200
0.60159998	6.97250200
0.60169998	6.97250200
0.60179998	6.97250200
0.60189998	6.97250200
0.60199998	6.97250200
0.60209998	6.87961400
0.60219998	6.87961400
0.60229998	6.87961400
0.60239998	6.87961400
0.60249998	6.87961400
0.60259998	6.87961400
0.60269998	6.87961400
0.60279998	6.78641700
0.60289998	6.78641700
0.60299998	6.78641700
0.60309998	6.78641700
0.60319998	6.78641700
0.60329998	6.78641700
0.60339998	6.78641700
0.60349998	6.78641700
0.60359998	6.69352900
0.60369998	6.69352900
0.60379998	6.69352900
0.60389998	6.69352900
0.60399998	6.69352900
0.60409998	6.69352900
0.60419998	6.69352900
0.60429998	6.69352900
0.60439998	6.69352900
0.60449998	6.69352900
0.60459998	6.69352900
0.60469998	6.60064000
0.60479998	6.60064000
0.60489998	6.60064000
0.60499998	6.60064000
0.60509998	6.60064000
0.60519998	6.60064000
0.60529998	6.60064000
0.60539998	6.50775100
0.60549998	6.60064000
0.60559998	6.50775100
0.60569998	6.50775100
0.60579998	6.50775100
0.60589998	6.50775100
0.60599998	6.50775100
0.60609998	6.50775100
0.60619998	6.50775100
0.60629998	6.50775100
0.60639998	6.50775100
0.60649998	6.50775100
0.60659998	6.41455500
0.60669998	6.41455500
0.60679998	6.41455500
0.60689998	6.41455500
0.60699998	6.41455500
0.60709998	6.41455500
0.60719998	6.41455500
0.60729998	6.41455500
0.60739998	6.32166600
0.60749998	6.32166600
0.60759998	6.32166600
0.60769998	6.32166600
0.60779998	6.32166600
0.60789998	6.32166600
0.60799998	6.32166600
0.60809998	6.32166600
0.60819998	6.22877700
0.60829998	6.32166600
0.60839998	6.22877700
0.60849998	6.22877700
0.60859998	6.22877700
0.60869998	6.22877700
0.60879998	6.22877700
0.60889998	6.22877700
0.60899998	6.22877700
0.60909998	6.22877700
0.60919998	6.22877700
0.60929998	6.13588800
0.60939998	6.13588800
0.60949998	6.13588800
0.60959998	6.13588800
0.60969998	6.13588800
0.60979998	6.13588800
0.60989998	6.13588800
0.60999998	6.13588800
0.61009998	6.13588800
0.61019998	6.13588800
0.61029998	6.13588800
0.61039998	6.04269200
0.61049998	6.13588800
0.61059998	6.04269200
0.61069998	6.13588800
0.61079998	6.04269200
0.61089998	6.04269200
0.61099998	6.04269200
0.61109998	6.04269200
0.61119998	6.04269200
0.61129998	6.04269200
0.61139998	6.04269200
0.61149998	6.04269200
0.61159998	6.04269200
0.61169998	6.04269200
0.61179998	6.04269200
0.61189998	5.94980300
0.61199998	6.04269200
0.61209998	5.94980300
0.61219998	6.04269200
0.61229998	5.94980300
0.61239998	5.94980300
0.61249998	5.94980300
0.61259998	5.94980300
0.61269998	5.94980300
0.61279998	5.94980300
0.61289998	5.94980300
0.61299998	5.94980300
0.61309998	5.85691500
0.61319998	5.94980300
0.61329998	5.94980300
0.61339998	5.85691500
0.61349998	5.94980300
0.61359998	5.94980300
0.61369998	5.85691500
0.61379998	5.85691500
0.61389998	5.85691500
0.61399998	5.85691500
0.61409998	5.85691500
0.61419998	5.85691500
0.61429998	5.85691500
0.61439998	5.85691500
0.61449998	5.85691500
0.61459998	5.85691500
0.61469998	5.85691500
0.61479998	5.85691500
0.61489998	5.85691500
0.61499998	5.85691500
0.61509998	5.85691500
0.61519998	5.85691500
0.61529998	5.76371800
0.61539998	5.85691500
0.61549998	5.85691500
0.61559998	5.76371800
0.61569998	5.76371800
0.61579998	5.76371800
0.61589998	5.76371800
0.61599998	5.76371800
0.61609998	5.76371800
0.61619998	5.76371800
0.61629998	5.76371800
0.61639998	5.76371800
0.61649998	5.76371800
0.61659998	5.76371800
0.61669998	5.76371800
0.61679998	5.76371800
0.61689998	5.76371800
0.61699998	5.67082900
0.61709998	5.76371800
0.61719998	5.67082900
0.61729998	5.76371800
0.61739998	5.76371800
0.61749998	5.76371800
0.61759998	5.76371800
0.61769998	5.67082900
0.61779998	5.76371800
0.61789998	5.67082900
0.61799998	5.76371800
0.61809998	5.67082900
0.61819998	5.67082900
0.61829998	5.76371800
0.61839998	5.67082900
0.61849998	5.67082900
0.61859998	5.76371800
0.61869998	5.67082900
0.61879998	5.67082900
0.61889998	5.76371800
0.61899998	5.67082900
0.61909998	5.67082900
0.61919998	5.67082900
0.61929998	5.67082900
0.61939998	5.67082900
0.61949998	5.67082900
0.61959998	5.67082900
0.61969998	5.67082900
0.61979998	5.67082900
0.61989998	5.67082900
0.61999998	5.67082900
0.62009998	5.67082900
0.62019998	5.67082900
0.62029998	5.67082900
0.62039998	5.67082900
0.62049998	5.67082900
0.62059998	5.67082900
0.62069998	5.67082900
0.62079998	5.67082900
0.62089998	5.67082900
0.62099998	5.67082900
0.62109998	5.67082900
0.62119998	5.67082900
0.62129998	5.67082900
0.62139998	5.67082900
0.62149998	5.67082900
0.62159998	5.76371800
0.62169998	5.67082900
0.62179998	5.67082900
0.62189998	5.67082900
0.62199998	5.67082900
0.62209998	5.76371800
0.62219998	5.67082900
0.62229998	5.67082900
0.62239998	5.76371800
0.62249998	5.67082900
0.62259998	5.76371800
0.62269998	5.67082900
0.62279998	5.76371800
0.62289998	5.76371800
0.62299998	5.76371800
0.62309998	5.76371800
0.62319998	5.76371800
0.62329998	5.76371800
0.62339998	5.76371800
0.62349998	5.76371800
0.62359998	5.76371800
0.62369998	5.76371800
0.62379998	5.76371800
0.62389998	5.76371800
0.62399998	5.76371800
0.62409998	5.76371800
0.62419998	5.76371800
0.62429998	5.76371800
0.62439998	5.76371800
0.62449998	5.76371800
0.62459998	5.76371800
0.62469998	5.76371800
0.62479998	5.76371800
0.62489998	5.76371800
0.62499998	5.76371800
0.62509998	5.76371800
0.62519998	5.76371800
0.62529998	5.76371800
0.62539998	5.85691500
0.62549998	5.76371800
0.62559998	5.85691500
0.62569998	5.85691500
0.62579998	5.85691500
0.62589998	5.85691500
0.62599998	5.85691500
0.62609998	5.85691500
0.62619998	5.85691500
0.62629998	5.85691500
0.62639998	5.85691500
0.62649998	5.85691500
0.62659998	5.85691500
0.62669998	5.85691500
0.62679998	5.85691500
0.62689998	5.85691500
0.62699998	5.85691500
0.62709998	5.85691500
0.62719998	5.85691500
0.62729998	5.85691500
0.62739998	5.94980300
0.62749998	5.85691500
0.62759998	5.94980300
0.62769998	5.85691500
0.62779998	5.94980300
0.62789998	5.94980300
0.62799998	5.94980300
0.62809998	5.94980300
0.62819998	5.94980300
0.62829998	5.94980300
0.62839998	5.94980300
0.62849998	5.94980300
0.62859998	5.94980300
0.62869998	5.94980300
0.62879998	5.94980300
0.62889998	5.94980300
0.62899998	5.94980300
0.62909998	5.94980300
0.62919998	6.04269200
0.62929998	5.94980300
0.62939998	6.04269200
0.62949998	5.94980300
0.62959998	6.04269200
0.62969998	6.04269200
0.62979998	6.04269200
0.62989998	6.04269200
0.62999998	6.04269200
0.63009998	6.04269200
0.63019998	6.04269200
0.63029998	6.04269200
0.63039998	6.04269200
0.63049998	6.04269200
0.63059998	6.04269200
0.63069998	6.04269200
0.63079998	6.04269200
0.63089998	6.04269200
0.63099998	6.04269200
0.63109998	6.04269200
0.63119998	6.13588800
0.63129998	6.13588800
0.63139998	6.13588800
0.63149998	6.13588800
0.63159998	6.13588800
0.63169998	6.13588800
0.63179998	6.13588800
0.63189998	6.13588800
0.63199998	6.13588800
0.63209998	6.13588800
0.63219998	6.13588800
0.63229998	6.22877700
0.63239998	6.22877700
0.63249998	6.22877700
0.63259998	6.22877700
0.63269998	6.22877700
0.63279998	6.22877700
0.63289998	6.22877700
0.63299998	6.22877700
0.63309998	6.32166600
0.63319998	6.32166600
0.63329998	6.32166600
0.63339998	6.32166600
0.63349998	6.32166600
0.63359998	6.32166600
0.63369998	6.32166600
0.63379998	6.32166600
0.63389998	6.41455500
0.63399998	6.41455500
0.63409998	6.41455500
0.63419998	6.41455500
0.63429998	6.41455500
0.63439998	6.41455500
0.63449998	6.41455500
0.63459998	6.50775100
0.63469998	6.41455500
0.63479998	6.50775100
0.63489998	6.50775100
0.63499998	6.50775100
0.63509998	6.50775100
0.63519998	6.50775100
0.63529998	6.50775100
0.63539998	6.50775100
0.63549998	6.50775100
0.63559998	6.50775100
0.63569998	6.60064000
0.63579998	6.60064000
0.63589998	6.60064000
0.63599998	6.60064000
0.63609998	6.60064000
0.63619998	6.60064000
0.63629998	6.60064000
0.63639998	6.69352900
0.63649998	6.69352900
0.63659998	6.69352900
0.63669998	6.69352900
0.63679998	6.69352900
0.63689998	6.69352900
0.63699998	6.69352900
0.63709998	6.69352900
0.63719998	6.69352900
0.63729998	6.69352900
0.63739998	6.69352900
0.63749998	6.78641700
0.63759998	6.78641700
0.63769998	6.78641700
0.63779998	6.78641700
0.63789998	6.78641700
0.63799998	6.78641700
0.63809998	6.78641700
0.63819998	6.78641700
0.63829998	6.78641700
0.63839998	6.78641700
0.63849998	6.87961400
0.63859998	6.87961400
0.63869998	6.87961400
0.63879998	6.87961400
0.63889998	6.87961400
0.63899998	6.87961400
0.63909998	6.87961400
0.63919998	6.87961400
0.63929998	6.97250200
0.63939998	6.97250200
0.63949998	6.87961400
0.63959998	6.97250200
0.63969998	6.97250200
0.63979998	6.97250200
0.63989998	6.97250200
0.63999998	6.97250200
0.64009998	6.97250200
0.64019998	6.97250200
0.64029998	6.97250200
0.64039998	6.97250200
0.64049998	7.06539100
0.64059998	7.06539100
0.64069998	7.06539100
0.64079998	7.06539100
0.64089998	7.06539100
0.64099998	7.06539100
0.64109998	7.06539100
0.64119998	7.06539100
0.64129998	7.06539100
0.64139998	7.15828000
0.64149998	7.06539100
0.64159998	7.15828000
0.64169998	7.15828000
0.64179998	7.15828000
0.64189998	7.15828000
0.64199998	7.15828000
0.64209998	7.15828000
0.64219998	7.15828000
0.64229998	7.25147600
0.64239998	7.25147600
0.64249998	7.25147600
0.64259998	7.25147600
0.64269998	7.25147600
0.64279998	7.25147600
0.64289998	7.25147600
0.64299998	7.25147600
0.64309998	7.34436500
0.64319998	7.34436500
0.64329998	7.34436500
0.64339998	7.34436500
0.64349998	7.34436500
0.64359998	7.34436500
0.64369998	7.34436500
0.64379998	7.34436500
0.64389998	7.34436500
0.64399998	7.34436500
0.64409998	7.34436500
0.64419998	7.43725400
0.64429998	7.43725400
0.64439998	7.43725400
0.64449998	7.43725400
0.64459998	7.43725400
0.64469998	7.43725400
0.64479998	7.43725400
0.64489998	7.43725400
0.64499998	7.53014300
0.64509998	7.53014300
0.64519998	7.53014300
0.64529998	7.53014300
0.64539998	7.53014300
0.64549998	7.53014300
0.64559998	7.53014300
0.64569998	7.53014300
0.64579998	7.53014300
0.64589998	7.53014300
0.64599998	7.53014300
0.64609998	7.62333900
0.64619998	7.62333900
0.64629998	7.62333900
0.64639998	7.62333900
0.64649998	7.62333900
0.64659998	7.62333900
0.64669998	7.62333900
0.64679998	7.62333900
0.64689998	7.71622800
0.64699998	7.62333900
0.64709998	7.71622800
0.64719998	7.71622800
0.64729998	7.71622800
0.64739998	7.71622800
0.64749998	7.71622800
0.64759998	7.71622800
0.64769998	7.71622800
0.64779998	7.71622800
0.64789998	7.71622800
0.64799998	7.71622800
0.64809998	7.71622800
0.64819998	7.71622800
0.64829998	7.80911700
0.64839998	7.80911700
0.64849998	7.80911700
0.64859998	7.80911700
0.64869998	7.80911700
0.64879998	7.80911700
0.64889998	7.80911700
0.64899998	7.80911700
0.64909998	7.80911700
0.64919998	7.80911700
0.64929998	7.80911700
0.64939998	7.80911700
0.64949998	7.80911700
0.64959998	7.90200500
0.64969998	7.80911700
0.64979998	7.90200500
0.64989998	7.80911700
0.64999998	7.80911700
0.65009998	7.90200500
0.65019998	7.80911700
0.65029998	7.90200500
0.65039998	7.90200500
0.65049998	7.90200500
0.65059998	7.90200500
0.65069998	7.90200500
0.65079998	7.90200500
0.65089998	7.90200500
0.65099998	7.90200500
0.65109998	7.90200500
0.65119998	7.90200500
0.65129998	7.99520200
0.65139998	7.99520200
0.65149998	7.99520200
0.65159998	7.99520200
0.65169998	7.99520200
0.65179998	7.99520200
0.65189998	7.99520200
0.65199998	7.99520200
0.65209998	7.99520200
0.65219998	7.99520200
0.65229998	7.99520200
0.65239998	7.99520200
0.65249998	7.99520200
0.65259998	7.99520200
0.65269998	7.99520200
0.65279998	8.08809100
0.65289998	8.08809100
0.65299998	8.08809100
0.65309998	8.08809100
0.65319998	8.08809100
0.65329998	8.08809100
0.65339998	8.08809100
0.65349998	8.08809100
0.65359998	8.08809100
0.65369998	8.08809100
0.65379998	8.08809100
0.65389998	8.08809100
0.65399998	8.08809100
0.65409998	8.08809100
0.65419998	8.18098000
0.65429998	8.08809100
0.65439998	8.18098000
0.65449998	8.18098000
0.65459998	8.18098000
0.65469998	8.18098000
0.65479998	8.18098000
0.65489998	8.18098000
0.65499998	8.18098000
0.65509998	8.18098000
0.65519998	8.18098000
0.65529998	8.18098000
0.65539998	8.18098000
0.65549998	8.18098000
0.65559998	8.18098000
0.65569998	8.18098000
0.65579998	8.18098000
0.65589998	8.18098000
0.65599998	8.18098000
0.65609998	8.27386800
0.65619998	8.27386800
0.65629998	8.27386800
0.65639998	8.27386800
0.65649998	8.27386800
0.65659998	8.27386800
0.65669998	8.27386800
0.65679998	8.27386800
0.65689998	8.27386800
0.65699998	8.27386800
0.65709998	8.27386800
0.65719998	8.27386800
0.65729998	8.27386800
0.65739998	8.27386800
0.65749998	8.27386800
0.65759998	8.27386800
0.65769998	8.36706400
0.65779998	8.27386800
0.65789998	8.27386800
0.65799998	8.27386800
0.65809998	8.27386800
0.65819998	8.27386800
0.65829998	8.27386800
0.65839998	8.36706400
0.65849998	8.27386800
0.65859998	8.27386800
0.65869998	8.27386800
0.65879998	8.36706400
0.65889998	8.36706400
0.65899998	8.27386800
0.65909998	8.36706400
0.65919998	8.36706400
0.65929998	8.36706400
0.65939998	8.27386800
0.65949998	8.36706400
0.65959998	8.27386800
0.65969998	8.36706400
0.65979998	8.36706400
0.65989998	8.36706400
0.65999998	8.36706400
0.66009998	8.36706400
0.66019998	8.36706400
0.66029998	8.36706400
0.66039998	8.36706400
0.66049998	8.36706400
0.66059998	8.36706400
0.66069998	8.36706400
0.66079998	8.36706400
0.66089998	8.36706400
0.66099998	8.36706400
0.66109998	8.36706400
0.66119998	8.36706400
0.66129998	8.36706400
0.66139998	8.36706400
0.66149998	8.36706400
0.66159998	8.36706400
0.66169998	8.36706400
0.66179998	8.36706400
0.66189998	8.36706400
0.66199998	8.36706400
0.66209998	8.36706400
0.66219998	8.36706400
0.66229998	8.36706400
0.66239998	8.36706400
0.66249998	8.36706400
0.66259998	8.36706400
0.66269998	8.36706400
0.66279998	8.36706400
0.66289998	8.36706400
0.66299998	8.36706400
0.66309998	8.36706400
0.66319998	8.36706400
0.66329998	8.36706400
0.66339998	8.36706400
0.66349998	8.36706400
0.66359998	8.36706400
0.66369998	8.36706400
0.66379998	8.36706400
0.66389998	8.36706400
0.66399998	8.36706400
0.66409998	8.36706400
0.66419998	8.36706400
0.66429998	8.36706400
0.66439998	8.36706400
0.66449998	8.36706400
0.66459998	8.36706400
0.66469998	8.36706400
0.66479998	8.36706400
0.66489998	8.27386800
0.66499998	8.27386800
0.66509998	8.27386800
0.66519998	8.36706400
0.66529998	8.36706400
0.66539998	8.27386800
0.66549998	8.36706400
0.66559998	8.36706400
0.66569998	8.27386800
0.66579998	8.27386800
0.66589998	8.27386800
0.66599998	8.27386800
0.66609998	8.27386800
0.66619998	8.27386800
0.66629998	8.27386800
0.66639998	8.27386800
0.66649998	8.27386800
0.66659998	8.27386800
0.66669998	8.27386800
0.66679998	8.27386800
0.66689998	8.27386800
0.66699998	8.27386800
0.66709998	8.27386800
0.66719998	8.27386800
0.66729998	8.27386800
0.66739998	8.27386800
0.66749998	8.27386800
0.66759998	8.27386800
0.66769998	8.18098000
0.66779998	8.27386800
0.66789998	8.27386800
0.66799998	8.18098000
0.66809998	8.27386800
0.66819998	8.18098000
0.66829998	8.18098000
0.66839998	8.18098000
0.66849998	8.18098000
0.66859998	8.18098000
0.66869998	8.18098000
0.66879998	8.18098000
0.66889998	8.18098000
0.66899998	8.18098000
0.66909998	8.18098000
0.66919998	8.18098000
0.66929998	8.18098000
0.66939998	8.18098000
0.66949998	8.18098000
0.66959998	8.18098000
0.66969998	8.18098000
0.66979998	8.18098000
0.66989998	8.08809100
0.66999998	8.18098000
0.67009998	8.18098000
0.67019998	8.18098000
0.67029998	8.08809100
0.67039998	8.08809100
0.67049998	8.08809100
0.67059998	8.08809100
0.67069998	8.08809100
0.67079998	8.08809100
0.67089998	8.08809100
0.67099998	8.08809100
0.67109998	8.08809100
0.67119998	8.08809100
0.67129998	8.08809100
0.67139998	8.08809100
0.67149998	8.08809100
0.67159998	8.08809100
0.67169998	8.08809100
0.67179998	8.08809100
0.67189998	8.08809100
0.67199998	7.99520200
0.67209998	7.99520200
0.67219998	7.99520200
0.67229998	7.99520200
0.67239998	7.99520200
0.67249998	7.99520200
0.67259998	7.99520200
0.67269998	7.99520200
0.67279998	7.99520200
0.67289998	7.90200500
0.67299998	7.99520200
0.67309998	7.99520200
0.67319998	7.99520200
0.67329998	7.99520200
0.67339998	7.90200500
0.67349998	7.90200500
0.67359998	7.90200500
0.67369998	7.90200500
0.67379998	7.90200500
0.67389998	7.90200500
0.67399998	7.90200500
0.67409998	7.90200500
0.67419998	7.80911700
0.67429998	7.80911700
0.67439998	7.80911700
0.67449998	7.90200500
0.67459998	7.80911700
0.67469998	7.80911700
0.67479998	7.80911700
0.67489998	7.80911700
0.67499998	7.80911700
0.67509998	7.80911700
0.67519998	7.71622800
0.67529998	7.80911700
0.67539998	7.80911700
0.67549998	7.71622800
0.67559998	7.71622800
0.67569998	7.71622800
0.67579998	7.71622800
0.67589998	7.71622800
0.67599998	7.71622800
0.67609998	7.71622800
0.67619998	7.71622800
0.67629998	7.62333900
0.67639998	7.71622800
0.67649998	7.71622800
0.67659998	7.62333900
0.67669998	7.62333900
0.67679998	7.62333900
0.67689998	7.62333900
0.67699998	7.62333900
0.67709998	7.62333900
0.67719998	7.62333900
0.67729998	7.62333900
0.67739998	7.53014300
0.67749998	7.62333900
0.67759998	7.53014300
0.67769998	7.53014300
0.67779998	7.53014300
0.67789998	7.53014300
0.67799998	7.53014300
0.67809998	7.53014300
0.67819998	7.53014300
0.67829998	7.53014300
0.67839998	7.53014300
0.67849998	7.43725400
0.67859998	7.53014300
0.67869998	7.43725400
0.67879998	7.43725400
0.67889998	7.43725400
0.67899998	7.43725400
0.67909998	7.43725400
0.67919998	7.43725400
0.67929998	7.43725400
0.67939998	7.34436500
0.67949998	7.34436500
0.67959998	7.34436500
0.67969998	7.34436500
0.67979998	7.34436500
0.67989998	7.34436500
0.67999998	7.34436500
0.68009998	7.34436500
0.68019998	7.34436500
0.68029998	7.25147600
0.68039998	7.34436500
0.68049998	7.25147600
0.68059998	7.25147600
0.68069998	7.25147600
0.68079998	7.25147600
0.68089998	7.25147600
0.68099998	7.25147600
0.68109998	7.15828000
0.68119998	7.15828000
0.68129998	7.15828000
0.68139998	7.15828000
0.68149998	7.15828000
0.68159998	7.15828000
0.68169998	7.15828000
0.68179998	7.15828000
0.68189998	7.15828000
0.68199998	7.15828000
0.68209998	7.06539100
0.68219998	7.15828000
0.68229998	7.06539100
0.68239998	7.06539100
0.68249998	7.06539100
0.68259998	7.06539100
0.68269998	7.06539100
0.68279998	7.06539100
0.68289998	7.06539100
0.68299998	6.97250200
0.68309998	6.97250200
0.68319998	6.97250200
0.68329998	6.97250200
0.68339998	6.97250200
0.68349998	6.97250200
0.68359998	6.97250200
0.68369998	6.97250200
0.68379998	6.87961400
0.68389998	6.87961400
0.68399998	6.87961400
0.68409998	6.87961400
0.68419998	6.87961400
0.68429998	6.87961400
0.68439998	6.78641700
0.68449998	6.87961400
0.68459998	6.78641700
0.68469998	6.78641700
0.68479998	6.78641700
0.68489998	6.78641700
0.68499998	6.78641700
0.68509998	6.78641700
0.68519998	6.69352900
0.68529998	6.69352900
0.68539998	6.69352900
0.68549998	6.78641700
0.68559998	6.69352900
0.68569998	6.69352900
0.68579998	6.69352900
0.68589998	6.69352900
0.68599998	6.69352900
0.68609998	6.69352900
0.68619998	6.69352900
0.68629998	6.60064000
0.68639998	6.60064000
0.68649998	6.60064000
0.68659998	6.60064000
0.68669998	6.60064000
0.68679998	6.60064000
0.68689998	6.60064000
0.68699998	6.60064000
0.68709998	6.60064000
0.68719998	6.50775100
0.68729998	6.50775100
0.68739998	6.50775100
0.68749998	6.50775100
0.68759998	6.50775100
0.68769998	6.50775100
0.68779998	6.50775100
0.68789998	6.50775100
0.68799998	6.50775100
0.68809998	6.50775100
0.68819998	6.41455500
0.68829998	6.41455500
0.68839998	6.41455500
0.68849998	6.41455500
0.68859998	6.41455500
0.68869998	6.41455500
0.68879998	6.41455500
0.68889998	6.41455500
0.68899998	6.41455500
0.68909998	6.41455500
0.68919998	6.32166600
0.68929998	6.32166600
0.68939998	6.32166600
0.68949998	6.41455500
0.68959998	6.32166600
0.68969998	6.32166600
0.68979998	6.32166600
0.68989998	6.32166600
0.68999998	6.32166600
0.69009998	6.32166600
0.69019998	6.32166600
0.69029998	6.32166600
0.69039998	6.32166600
0.69049998	6.32166600
0.69059998	6.22877700
0.69069998	6.22877700
0.69079998	6.22877700
0.69089998	6.22877700
0.69099998	6.22877700
0.69109998	6.22877700
0.69119998	6.22877700
0.69129998	6.22877700
0.69139998	6.22877700
0.69149998	6.22877700
0.69159998	6.22877700
0.69169998	6.22877700
0.69179998	6.13588800
0.69189998	6.13588800
0.69199998	6.13588800
0.69209998	6.13588800
0.69219998	6.13588800
0.69229998	6.13588800
0.69239998	6.13588800
0.69249998	6.13588800
0.69259998	6.13588800
0.69269998	6.13588800
0.69279998	6.13588800
0.69289998	6.04269200
0.69299998	6.04269200
0.69309998	6.04269200
0.69319998	6.04269200
0.69329998	6.04269200
0.69339998	6.04269200
0.69349998	6.04269200
0.69359998	6.04269200
0.69369998	6.04269200
0.69379998	6.04269200
0.69389998	6.04269200
0.69399998	6.04269200
0.69409998	6.04269200
0.69419998	6.04269200
0.69429998	6.04269200
0.69439998	5.94980300
0.69449998	5.94980300
0.69459998	5.94980300
0.69469998	5.94980300
0.69479998	5.94980300
0.69489998	5.94980300
0.69499998	5.94980300
0.69509998	5.94980300
0.69519998	5.94980300
0.69529998	5.94980300
0.69539998	5.94980300
0.69549998	5.94980300
0.69559998	5.85691500
0.69569998	5.85691500
0.69579998	5.85691500
0.69589998	5.85691500
0.69599998	5.94980300
0.69609998	5.85691500
0.69619998	5.85691500
0.69629998	5.85691500
0.69639998	5.85691500
0.69649998	5.85691500
0.69659998	5.85691500
0.69669998	5.85691500
0.69679998	5.85691500
0.69689998	5.85691500
0.69699998	5.85691500
0.69709998	5.85691500
0.69719998	5.85691500
0.69729998	5.85691500
0.69739998	5.85691500
0.69749998	5.85691500
0.69759998	5.85691500
0.69769998	5.85691500
0.69779998	5.85691500
0.69789998	5.85691500
0.69799998	5.76371800
0.69809998	5.76371800
0.69819998	5.76371800
0.69829998	5.76371800
0.69839998	5.85691500
0.69849998	5.76371800
0.69859998	5.76371800
0.69869998	5.85691500
0.69879998	5.76371800
0.69889998	5.76371800
0.69899998	5.76371800
0.69909998	5.76371800
0.69919998	5.76371800
0.69929998	5.76371800
0.69939998	5.76371800
0.69949998	5.76371800
0.69959998	5.76371800
0.69969998	5.76371800
0.69979998	5.76371800
0.69989998	5.76371800
0.69999998	5.76371800
0.70009998	5.76371800
0.70019998	5.76371800
0.70029998	5.76371800
0.70039998	5.76371800
0.70049998	5.76371800
0.70059998	5.76371800
0.70069998	5.76371800
0.70079998	5.76371800
0.70089998	5.76371800
0.70099998	5.76371800
0.70109998	5.76371800
0.70119998	5.76371800
0.70129998	5.76371800
0.70139998	5.76371800
0.70149998	5.67082900
0.70159998	5.76371800
0.70169998	5.76371800
0.70179998	5.67082900
0.70189998	5.67082900
0.70199998	5.76371800
0.70209998	5.67082900
0.70219998	5.76371800
0.70229998	5.67082900
0.70239998	5.67082900
0.70249998	5.76371800
0.70259998	5.67082900
0.70269998	5.67082900
0.70279998	5.76371800
0.70289998	5.67082900
0.70299998	5.67082900
0.70309998	5.67082900
0.70319998	5.67082900
0.70329998	5.67082900
0.70339998	5.67082900
0.70349998	5.67082900
0.70359998	5.67082900
0.70369998	5.67082900
0.70379998	5.67082900
0.70389998	5.76371800
0.70399998	5.67082900
0.70409998	5.67082900
0.70419998	5.67082900
0.70429998	5.67082900
0.70439998	5.67082900
0.70449998	5.67082900
0.70459998	5.67082900
0.70469998	5.67082900
0.70479998	5.67082900
0.70489998	5.67082900
0.70499998	5.67082900
0.70509998	5.67082900
0.70519998	5.67082900
0.70529998	5.67082900
0.70539998	5.67082900
0.70549998	5.67082900
0.70559998	5.67082900
0.70569998	5.76371800
0.70579998	5.67082900
0.70589998	5.67082900
0.70599998	5.67082900
0.70609998	5.67082900
0.70619998	5.76371800
0.70629998	5.76371800
0.70639998	5.76371800
0.70649998	5.67082900
0.70659998	5.76371800
0.70669998	5.76371800
0.70679998	5.67082900
0.70689998	5.76371800
0.70699998	5.76371800
0.70709998	5.76371800
0.70719998	5.76371800
0.70729998	5.76371800
0.70739998	5.76371800
0.70749998	5.76371800
0.70759998	5.76371800
0.70769998	5.76371800
0.70779998	5.76371800
0.70789998	5.76371800
0.70799998	5.76371800
0.70809998	5.76371800
0.70819998	5.76371800
0.70829998	5.76371800
0.70839998	5.76371800
0.70849998	5.76371800
0.70859998	5.76371800
0.70869998	5.76371800
0.70879998	5.76371800
0.70889998	5.76371800
0.70899998	5.76371800
0.70909998	5.76371800
0.70919998	5.85691500
0.70929998	5.76371800
0.70939998	5.85691500
0.70949998	5.76371800
0.70959998	5.76371800
0.70969998	5.76371800
0.70979998	5.76371800
0.70989998	5.85691500
0.70999998	5.85691500
0.71009998	5.85691500
0.71019998	5.85691500
0.71029998	5.76371800
0.71039998	5.85691500
0.71049998	5.85691500
0.71059998	5.85691500
0.71069998	5.85691500
0.71079998	5.85691500
0.71089998	5.85691500
0.71099998	5.85691500
0.71109998	5.85691500
0.71119998	5.85691500
0.71129998	5.85691500
0.71139998	5.85691500
0.71149998	5.85691500
0.71159998	5.85691500
0.71169998	5.85691500
0.71179998	5.85691500
0.71189998	5.85691500
0.71199998	5.85691500
0.71209998	5.94980300
0.71219998	5.94980300
0.71229998	5.94980300
0.71239998	5.94980300
0.71249998	5.94980300
0.71259998	5.94980300
0.71269998	5.94980300
0.71279998	5.94980300
0.71289998	5.94980300
0.71299998	5.94980300
0.71309998	5.94980300
0.71319998	5.94980300
0.71329998	5.94980300
0.71339998	5.94980300
0.71349998	6.04269200
0.71359998	6.04269200
0.71369998	6.04269200
0.71379998	6.04269200
0.71389998	6.04269200
0.71399998	6.04269200
0.71409998	6.04269200
0.71419998	6.04269200
0.71429998	6.04269200
0.71439998	6.04269200
0.71449998	6.04269200
0.71459998	6.04269200
0.71469998	6.04269200
0.71479998	6.13588800
0.71489998	6.13588800
0.71499998	6.13588800
0.71509998	6.13588800
0.71519998	6.13588800
0.71529998	6.13588800
0.71539998	6.13588800
0.71549998	6.13588800
0.71559998	6.13588800
0.71569998	6.13588800
0.71579998	6.22877700
0.71589998	6.13588800
0.71599998	6.22877700
0.71609998	6.22877700
0.71619998	6.22877700
0.71629998	6.22877700
0.71639998	6.22877700
0.71649998	6.22877700
0.71659998	6.22877700
0.71669998	6.22877700
0.71679998	6.22877700
0.71689998	6.32166600
0.71699998	6.32166600
0.71709998	6.32166600
0.71719998	6.32166600
0.71729998	6.32166600
0.71739998	6.32166600
0.71749998	6.32166600
0.71759998	6.32166600
0.71769998	6.32166600
0.71779998	6.32166600
0.71789998	6.32166600
0.71799998	6.32166600
0.71809998	6.41455500
0.71819998	6.32166600
0.71829998	6.41455500
0.71839998	6.41455500
0.71849998	6.41455500
0.71859998	6.41455500
0.71869998	6.41455500
0.71879998	6.41455500
0.71889998	6.41455500
0.71899998	6.41455500
0.71909998	6.41455500
0.71919998	6.41455500
0.71929998	6.41455500
0.71939998	6.41455500
0.71949998	6.41455500
0.71959998	6.41455500
0.71969998	6.41455500
0.71979998	6.50775100
0.71989998	6.50775100
0.71999998	6.50775100
0.72009998	6.50775100
0.72019998	6.50775100
0.72029998	6.50775100
0.72039998	6.50775100
0.72049998	6.50775100
0.72059998	6.50775100
0.72069998	6.50775100
0.72079998	6.50775100
0.72089998	6.60064000
0.72099998	6.60064000
0.72109998	6.60064000
0.72119998	6.60064000
0.72129998	6.60064000
0.72139998	6.60064000
0.72149998	6.60064000
0.72159998	6.60064000
0.72169998	6.60064000
0.72179998	6.60064000
0.72189998	6.60064000
0.72199998	6.60064000
0.72209998	6.69352900
0.72219998	6.60064000
0.72229998	6.69352900
0.72239998	6.69352900
0.72249998	6.69352900
0.72259998	6.69352900
0.72269998	6.69352900
0.72279998	6.69352900
0.72289998	6.78641700
0.72299998	6.69352900
0.72309998	6.69352900
0.72319998	6.78641700
0.72329998	6.78641700
0.72339998	6.78641700
0.72349998	6.78641700
0.72359998	6.78641700
0.72369998	6.87961400
0.72379998	6.78641700
0.72389998	6.78641700
0.72399998	6.87961400
0.72409998	6.78641700
0.72419998	6.87961400
0.72429998	6.87961400
0.72439998	6.87961400
0.72449998	6.87961400
0.72459998	6.87961400
0.72469998	6.87961400
0.72479998	6.97250200
0.72489998	6.97250200
0.72499998	6.97250200
0.72509998	6.97250200
0.72519998	6.97250200
0.72529998	6.97250200
0.72539998	6.97250200
0.72549998	6.97250200
0.72559998	6.97250200
0.72569998	6.97250200
0.72579998	6.97250200
0.72589998	7.06539100
0.72599998	7.06539100
0.72609998	7.06539100
0.72619998	7.06539100
0.72629998	7.06539100
0.72639998	7.06539100
0.72649998	7.06539100
0.72659998	7.06539100
0.72669998	7.06539100
0.72679998	7.06539100
0.72689998	7.15828000
0.72699998	7.15828000
0.72709998	7.15828000
0.72719998	7.15828000
0.72729998	7.15828000
0.72739998	7.15828000
0.72749998	7.15828000
0.72759998	7.15828000
0.72769998	7.15828000
0.72779998	7.15828000
0.72789998	7.25147600
0.72799998	7.25147600
0.72809998	7.25147600
0.72819998	7.25147600
0.72829998	7.25147600
0.72839998	7.25147600
0.72849998	7.25147600
0.72859998	7.25147600
0.72869998	7.25147600
0.72879998	7.34436500
0.72889998	7.34436500
0.72899998	7.25147600
0.72909998	7.34436500
0.72919998	7.34436500
0.72929998	7.34436500
0.72939998	7.34436500
0.72949998	7.34436500
0.72959998	7.34436500
0.72969998	7.34436500
0.72979998	7.43725400
0.72989998	7.43725400
0.72999998	7.34436500
0.73009998	7.43725400
0.73019998	7.43725400
0.73029998	7.43725400
0.73039998	7.43725400
0.73049998	7.43725400
0.73059998	7.43725400
0.73069998	7.43725400
0.73079998	7.43725400
0.73089998	7.43725400
0.73099998	7.43725400
0.73109998	7.53014300
0.73119998	7.53014300
0.73129998	7.53014300
0.73139998	7.43725400
0.73149998	7.53014300
0.73159998	7.53014300
0.73169998	7.53014300
0.73179998	7.53014300
0.73189998	7.53014300
0.73199998	7.62333900
0.73209998	7.53014300
0.73219998	7.62333900
0.73229998	7.62333900
0.73239998	7.62333900
0.73249998	7.62333900
0.73259998	7.62333900
0.73269998	7.62333900
0.73279998	7.62333900
0.73289998	7.62333900
0.73299998	7.62333900
0.73309998	7.71622800
0.73319998	7.71622800
0.73329998	7.71622800
0.73339998	7.71622800
0.73349998	7.71622800
0.73359998	7.71622800
0.73369998	7.71622800
0.73379998	7.71622800
0.73389998	7.71622800
0.73399998	7.71622800
0.73409998	7.71622800
0.73419998	7.80911700
0.73429998	7.80911700
0.73439998	7.80911700
0.73449998	7.80911700
0.73459998	7.80911700
0.73469998	7.80911700
0.73479998	7.80911700
0.73489998	7.80911700
0.73499998	7.80911700
0.73509998	7.80911700
0.73519998	7.80911700
0.73529998	7.80911700
0.73539998	7.90200500
0.73549998	7.90200500
0.73559998	7.90200500
0.73569998	7.90200500
0.73579998	7.90200500
0.73589998	7.90200500
0.73599998	7.90200500
0.73609998	7.90200500
0.73619998	7.90200500
0.73629998	7.90200500
0.73639998	7.90200500
0.73649998	7.90200500
0.73659998	7.90200500
0.73669998	7.99520200
0.73679998	7.99520200
0.73689998	7.99520200
0.73699998	7.99520200
0.73709998	7.90200500
0.73719998	7.99520200
0.73729998	7.99520200
0.73739998	7.99520200
0.73749998	7.99520200
0.73759998	7.99520200
0.73769998	7.99520200
0.73779998	7.99520200
0.73789998	7.99520200
0.73799998	7.99520200
0.73809998	7.99520200
0.73819998	7.99520200
0.73829998	8.08809100
0.73839998	8.08809100
0.73849998	8.08809100
0.73859998	8.08809100
0.73869998	8.08809100
0.73879998	8.08809100
0.73889998	8.08809100
0.73899998	8.08809100
0.73909998	8.08809100
0.73919998	8.08809100
0.73929998	8.08809100
0.73939998	8.08809100
0.73949998	8.08809100
0.73959998	8.08809100
0.73969998	8.18098000
0.73979998	8.18098000
0.73989998	8.18098000
0.73999998	8.08809100
0.74009998	8.18098000
0.74019998	8.18098000
0.74029998	8.18098000
0.74039998	8.18098000
0.74049998	8.18098000
0.74059998	8.18098000
0.74069998	8.18098000
0.74079998	8.18098000
0.74089998	8.18098000
0.74099998	8.18098000
0.74109998	8.18098000
0.74119998	8.18098000
0.74129998	8.18098000
0.74139998	8.18098000
0.74149998	8.18098000
0.74159998	8.18098000
0.74169998	8.18098000
0.74179998	8.18098000
0.74189998	8.18098000
0.74199998	8.18098000
0.74209998	8.18098000
0.74219998	8.27386800
0.74229998	8.18098000
0.74239998	8.27386800
0.74249998	8.27386800
0.74259998	8.27386800
0.74269998	8.27386800
0.74279998	8.27386800
0.74289998	8.27386800
0.74299998	8.27386800
0.74309998	8.27386800
0.74319998	8.27386800
0.74329998	8.27386800
0.74339998	8.27386800
0.74349998	8.27386800
0.74359998	8.27386800
0.74369998	8.27386800
0.74379998	8.27386800
0.74389998	8.27386800
0.74399998	8.27386800
0.74409998	8.27386800
0.74419998	8.27386800
0.74429998	8.27386800
0.74439998	8.36706400
0.74449998	8.27386800
0.74459998	8.36706400
0.74469998	8.27386800
0.74479998	8.36706400
0.74489998	8.36706400
0.74499998	8.36706400
0.74509998	8.27386800
0.74519998	8.36706400
0.74529998	8.36706400
0.74539998	8.36706400
0.74549998	8.36706400
0.74559998	8.36706400
0.74569998	8.36706400
0.74579998	8.36706400
0.74589998	8.36706400
0.74599998	8.36706400
0.74609998	8.36706400
0.74619998	8.36706400
0.74629998	8.36706400
0.74639998	8.36706400
0.74649998	8.36706400
0.74659998	8.36706400
0.74669998	8.36706400
0.74679998	8.36706400
0.74689998	8.36706400
0.74699998	8.36706400
0.74709998	8.36706400
0.74719998	8.36706400
0.74729998	8.36706400
0.74739998	8.36706400
0.74749998	8.36706400
0.74759998	8.36706400
0.74769998	8.36706400
0.74779998	8.36706400
0.74789998	8.36706400
0.74799998	8.36706400
0.74809998	8.36706400
0.74819998	8.36706400
0.74829998	8.36706400
0.74839998	8.36706400
0.74849998	8.36706400
0.74859998	8.36706400
0.74869998	8.36706400
0.74879998	8.36706400
0.74889998	8.36706400
0.74899998	8.36706400
0.74909998	8.36706400
0.74919998	8.36706400
0.74929998	8.36706400
0.74939998	8.36706400
0.74949998	8.36706400
0.74959998	8.36706400
0.74969998	8.36706400
0.74979998	8.36706400
0.74989998	8.36706400
0.74999998	8.36706400
0.75009998	8.36706400
0.75019998	8.36706400
0.75029998	8.36706400
0.75039998	8.36706400
0.75049998	8.36706400
0.75059998	8.36706400
0.75069998	8.36706400
0.75079998	8.36706400
0.75089998	8.36706400
0.75099998	8.36706400
0.75109998	8.36706400
0.75119998	8.36706400
0.75129998	8.36706400
0.75139998	8.36706400
0.75149998	8.36706400
0.75159998	8.36706400
0.75169998	8.36706400
0.75179998	8.36706400
0.75189998	8.36706400
0.75199998	8.36706400
0.75209998	8.36706400
0.75219998	8.36706400
0.75229998	8.36706400
0.75239998	8.36706400
0.75249998	8.36706400
0.75259998	8.36706400
0.75269998	8.36706400
0.75279998	8.36706400
0.75289998	8.36706400
0.75299998	8.36706400
0.75309998	8.36706400
0.75319998	8.36706400
0.75329998	8.36706400
0.75339998	8.36706400
0.75349998	8.36706400
0.75359998	8.27386800
0.75369998	8.36706400
0.75379998	8.27386800
0.75389998	8.27386800
0.75399998	8.27386800
0.75409998	8.27386800
0.75419998	8.27386800
0.75429998	8.27386800
0.75439998	8.27386800
0.75449998	8.27386800
0.75459998	8.27386800
0.75469998	8.27386800
0.75479998	8.27386800
0.75489998	8.27386800
0.75499998	8.27386800
0.75509998	8.27386800
0.75519998	8.27386800
0.75529998	8.27386800
0.75539998	8.27386800
0.75549998	8.27386800
0.75559998	8.27386800
0.75569998	8.27386800
0.75579998	8.27386800
0.75589998	8.27386800
0.75599998	8.27386800
0.75609998	8.27386800
0.75619998	8.18098000
0.75629998	8.27386800
0.75639998	8.27386800
0.75649998	8.18098000
0.75659998	8.18098000
0.75669998	8.18098000
0.75679998	8.18098000
0.75689998	8.18098000
0.75699998	8.18098000
0.75709998	8.18098000
0.75719998	8.18098000
0.75729998	8.18098000
0.75739998	8.18098000
0.75749998	8.18098000
0.75759998	8.18098000
0.75769998	8.08809100
0.75779998	8.08809100
0.75789998	8.18098000
0.75799998	8.08809100
0.75809998	8.08809100
0.75819998	8.08809100
0.75829998	8.08809100
0.75839998	8.08809100
0.75849998	8.08809100
0.75859998	8.08809100
0.75869998	8.08809100
0.75879998	8.08809100
0.75889998	8.08809100
0.75899998	8.08809100
0.75909998	8.08809100
0.75919998	7.99520200
0.75929998	8.08809100
0.75939998	8.08809100
0.75949998	7.99520200
0.75959998	7.99520200
0.75969998	7.99520200
0.75979998	7.99520200
0.75989998	7.99520200
0.75999998	7.99520200
0.76009998	7.99520200
0.76019998	7.99520200
0.76029998	7.99520200
0.76039998	7.99520200
0.76049998	7.99520200
0.76059998	7.99520200
0.76069998	7.90200500
0.76079998	7.99520200
0.76089998	7.99520200
0.76099998	7.90200500
0.76109998	7.90200500
0.76119998	7.90200500
0.76129998	7.90200500
0.76139998	7.90200500
0.76149998	7.90200500
0.76159998	7.90200500
0.76169998	7.90200500
0.76179998	7.90200500
0.76189998	7.90200500
0.76199998	7.90200500
0.76209998	7.80911700
0.76219998	7.90200500
0.76229998	7.80911700
0.76239998	7.80911700
0.76249998	7.80911700
0.76259998	7.80911700
0.76269998	7.80911700
0.76279998	7.80911700
0.76289998	7.80911700
0.76299998	7.80911700
0.76309998	7.80911700
0.76319998	7.80911700
0.76329998	7.71622800
0.76339998	7.80911700
0.76349998	7.71622800
0.76359998	7.71622800
0.76369998	7.71622800
0.76379998	7.71622800
0.76389998	7.71622800
0.76399998	7.71622800
0.76409998	7.71622800
0.76419998	7.62333900
0.76429998	7.71622800
0.76439998	7.62333900
0.76449998	7.62333900
0.76459998	7.62333900
0.76469998	7.62333900
0.76479998	7.62333900
0.76489998	7.62333900
0.76499998	7.62333900
0.76509998	7.62333900
0.76519998	7.62333900
0.76529998	7.62333900
0.76539998	7.62333900
0.76549998	7.62333900
0.76559998	7.53014300
0.76569998	7.53014300
0.76579998	7.53014300
0.76589998	7.53014300
0.76599998	7.53014300
0.76609998	7.53014300
0.76619998	7.53014300
0.76629998	7.53014300
0.76639998	7.43725400
0.76649998	7.53014300
0.76659998	7.43725400
0.76669998	7.43725400
0.76679998	7.43725400
0.76689998	7.43725400
0.76699998	7.43725400
0.76709998	7.43725400
0.76719998	7.43725400
0.76729998	7.34436500
0.76739998	7.34436500
0.76749998	7.34436500
0.76759998	7.34436500
0.76769998	7.34436500
0.76779998	7.34436500
0.76789998	7.34436500
0.76799998	7.34436500
0.76809998	7.34436500
0.76819998	7.34436500
0.76829998	7.25147600
0.76839998	7.25147600
0.76849998	7.25147600
0.76859998	7.25147600
0.76869998	7.25147600
0.76879998	7.25147600
0.76889998	7.25147600
0.76899998	7.25147600
0.76909998	7.25147600
0.76919998	7.25147600
0.76929998	7.25147600
0.76939998	7.15828000
0.76949998	7.15828000
0.76959998	7.15828000
0.76969998	7.15828000
0.76979998	7.15828000
0.76989998	7.15828000
0.76999998	7.15828000
0.77009998	7.15828000
0.77019998	7.15828000
0.77029998	7.15828000
0.77039998	7.15828000
0.77049998	7.15828000
0.77059998	7.06539100
0.77069998	7.06539100
0.77079998	7.06539100
0.77089998	7.06539100
0.77099998	7.06539100
0.77109998	7.06539100
0.77119998	7.06539100
0.77129998	7.06539100
0.77139998	7.06539100
0.77149998	7.06539100
0.77159998	7.06539100
0.77169998	7.06539100
0.77179998	7.06539100
0.77189998	7.06539100
0.77199998	6.97250200
0.77209998	6.97250200
0.77219998	6.97250200
0.77229998	6.97250200
0.77239998	6.97250200
0.77249998	6.97250200
0.77259998	6.97250200
0.77269998	6.97250200
0.77279998	6.87961400
0.77289998	6.97250200
0.77299998	6.87961400
0.77309998	6.97250200
0.77319998	6.87961400
0.77329998	6.87961400
0.77339998	6.87961400
0.77349998	6.87961400
0.77359998	6.87961400
0.77369998	6.87961400
0.77379998	6.87961400
0.77389998	6.87961400
0.77399998	6.78641700
0.77409998	6.78641700
0.77419998	6.78641700
0.77429998	6.78641700
0.77439998	6.78641700
0.77449998	6.78641700
0.77459998	6.78641700
0.77469998	6.78641700
0.77479998	6.78641700
0.77489998	6.69352900
0.77499998	6.69352900
0.77509998	6.69352900
0.77519998	6.69352900
0.77529998	6.69352900
0.77539998	6.69352900
0.77549998	6.60064000
0.77559998	6.69352900
0.77569998	6.69352900
0.77579998	6.69352900
0.77589998	6.69352900
0.77599998	6.60064000
0.77609998	6.60064000
0.77619998	6.60064000
0.77629998	6.60064000
0.77639998	6.60064000
0.77649998	6.60064000
0.77659998	6.50775100
0.77669998	6.60064000
0.77679998	6.50775100
0.77689998	6.60064000
0.77699998	6.50775100
0.77709998	6.50775100
0.77719998	6.50775100
0.77729998	6.50775100
0.77739998	6.50775100
0.77749998	6.50775100
0.77759998	6.50775100
0.77769998	6.41455500
0.77779998	6.41455500
0.77789998	6.50775100
0.77799998	6.41455500
0.77809998	6.41455500
0.77819998	6.41455500
0.77829998	6.41455500
0.77839998	6.41455500
0.77849998	6.41455500
0.77859998	6.41455500
0.77869998	6.41455500
0.77879998	6.32166600
0.77889998	6.41455500
0.77899998	6.32166600
0.77909998	6.41455500
0.77919998	6.32166600
0.77929998	6.32166600
0.77939998	6.32166600
0.77949998	6.32166600
0.77959998	6.32166600
0.77969998	6.32166600
0.77979998	6.32166600
0.77989998	6.32166600
0.77999998	6.32166600
0.78009998	6.32166600
0.78019998	6.32166600
0.78029998	6.32166600
0.78039998	6.22877700
0.78049998	6.22877700
0.78059998	6.22877700
0.78069998	6.22877700
0.78079998	6.32166600
0.78089998	6.22877700
0.78099998	6.22877700
0.78109998	6.22877700
0.78119998	6.22877700
0.78129998	6.22877700
0.78139998	6.22877700
0.78149998	6.22877700
0.78159998	6.22877700
0.78169998	6.22877700
0.78179998	6.13588800
0.78189998	6.22877700
0.78199998	6.22877700
0.78209998	6.13588800
0.78219998	6.22877700
0.78229998	6.13588800
0.78239998	6.13588800
0.78249998	6.13588800
0.78259998	6.13588800
0.78269998	6.13588800
0.78279998	6.13588800
0.78289998	6.13588800
0.78299998	6.04269200
0.78309998	6.04269200
0.78319998	6.13588800
0.78329998	6.04269200
0.78339998	6.04269200
0.78349998	6.04269200
0.78359998	6.04269200
0.78369998	6.04269200
0.78379998	6.04269200
0.78389998	6.04269200
0.78399998	6.04269200
0.78409998	6.04269200
0.78419998	6.04269200
0.78429998	6.04269200
0.78439998	6.04269200
0.78449998	6.04269200
0.78459998	5.94980300
0.78469998	5.94980300
0.78479998	5.94980300
0.78489998	5.94980300
0.78499998	5.94980300
0.78509998	5.94980300
0.78519998	5.94980300
0.78529998	5.94980300
0.78539998	5.94980300
0.78549998	5.94980300
0.78559998	5.94980300
0.78569998	5.94980300
0.78579998	5.94980300
0.78589998	5.85691500
0.78599998	5.94980300
0.78609998	5.94980300
0.78619998	5.85691500
0.78629998	5.85691500
0.78639998	5.94980300
0.78649998	5.85691500
0.78659998	5.85691500
0.78669998	5.85691500
0.78679998	5.85691500
0.78689998	5.85691500
0.78699998	5.85691500
0.78709998	5.85691500
0.78719998	5.85691500
0.78729998	5.85691500
0.78739998	5.85691500
0.78749998	5.85691500
0.78759998	5.85691500
0.78769998	5.85691500
0.78779998	5.85691500
0.78789998	5.85691500
0.78799998	5.76371800
0.78809998	5.76371800
0.78819998	5.76371800
0.78829998	5.85691500
0.78839998	5.76371800
0.78849998	5.85691500
0.78859998	5.76371800
0.78869998	5.76371800
0.78879998	5.76371800
0.78889998	5.76371800
0.78899998	5.76371800
0.78909998	5.76371800
0.78919998	5.76371800
0.78929998	5.76371800
0.78939998	5.76371800
0.78949998	5.76371800
0.78959998	5.76371800
0.78969998	5.76371800
0.78979998	5.76371800
0.78989998	5.76371800
0.78999998	5.76371800
0.79009998	5.76371800
0.79019998	5.76371800
0.79029998	5.76371800
0.79039998	5.67082900
0.79049998	5.76371800
0.79059998	5.76371800
0.79069998	5.67082900
0.79079998	5.76371800
0.79089998	5.67082900
0.79099998	5.76371800
0.79109998	5.67082900
0.79119998	5.76371800
0.79129998	5.76371800
0.79139998	5.67082900
0.79149998	5.67082900
0.79159998	5.76371800
0.79169998	5.67082900
0.79179998	5.67082900
0.79189998	5.76371800
0.79199998	5.67082900
0.79209998	5.67082900
0.79219998	5.67082900
0.79229998	5.67082900
0.79239998	5.67082900
0.79249998	5.67082900
0.79259998	5.67082900
0.79269998	5.76371800
0.79279998	5.67082900
0.79289998	5.67082900
0.79299998	5.67082900
0.79309998	5.67082900
0.79319998	5.67082900
0.79329998	5.76371800
0.79339998	5.67082900
0.79349998	5.67082900
0.79359998	5.67082900
0.79369998	5.67082900
0.79379998	5.67082900
0.79389998	5.67082900
0.79399998	5.67082900
0.79409998	5.67082900
0.79419998	5.67082900
0.79429998	5.67082900
0.79439998	5.67082900
0.79449998	5.67082900
0.79459998	5.67082900
0.79469998	5.67082900
0.79479998	5.76371800
0.79489998	5.67082900
0.79499998	5.67082900
0.79509998	5.67082900
0.79519998	5.67082900
0.79529998	5.67082900
0.79539998	5.67082900
0.79549998	5.67082900
0.79559998	5.67082900
0.79569998	5.76371800
0.79579998	5.67082900
0.79589998	5.67082900
0.79599998	5.76371800
0.79609998	5.76371800
0.79619998	5.76371800
0.79629998	5.76371800
0.79639998	5.76371800
0.79649998	5.67082900
0.79659998	5.67082900
0.79669998	5.76371800
0.79679998	5.67082900
0.79689998	5.67082900
0.79699998	5.76371800
0.79709998	5.67082900
0.79719998	5.67082900
0.79729998	5.67082900
0.79739998	5.76371800
0.79749998	5.67082900
0.79759998	5.67082900
0.79769998	5.67082900
0.79779998	5.76371800
0.79789998	5.76371800
0.79799998	5.76371800
0.79809998	5.67082900
0.79819998	5.76371800
0.79829998	5.76371800
0.79839998	5.76371800
0.79849998	5.67082900
0.79859998	5.67082900
0.79869998	5.76371800
0.79879998	5.76371800
0.79889998	5.76371800
0.79899998	5.76371800
0.79909998	5.76371800
0.79919998	5.76371800
0.79929998	5.76371800
0.79939998	5.76371800
0.79949998	5.76371800
0.79959998	5.76371800
0.79969998	5.76371800
0.79979998	5.76371800
0.79989998	5.76371800
0.79999998	5.76371800
0.80009998	5.76371800
0.80019998	5.76371800
0.80029998	5.76371800
0.80039998	5.76371800
0.80049998	5.76371800
0.80059998	5.76371800
0.80069998	5.76371800
0.80079998	5.76371800
0.80089998	5.76371800
0.80099998	5.76371800
0.80109998	5.76371800
0.80119998	5.76371800
0.80129998	5.76371800
0.80139998	5.76371800
0.80149998	5.76371800
0.80159998	5.76371800
0.80169998	5.76371800
0.80179998	5.76371800
0.80189998	5.76371800
0.80199998	5.76371800
0.80209998	5.76371800
0.80219998	5.76371800
0.80229998	5.85691500
0.80239998	5.85691500
0.80249998	5.85691500
0.80259998	5.85691500
0.80269998	5.85691500
0.80279998	5.76371800
0.80289998	5.85691500
0.80299998	5.85691500
0.80309998	5.85691500
0.80319998	5.85691500
0.80329998	5.85691500
0.80339998	5.85691500
0.80349998	5.85691500
0.80359998	5.85691500
0.80369998	5.85691500
0.80379998	5.94980300
0.80389998	5.94980300
0.80399998	5.94980300
0.80409998	5.94980300
0.80419998	5.94980300
0.80429998	5.94980300
0.80439998	5.94980300
0.80449998	5.94980300
0.80459998	5.94980300
0.80469998	5.94980300
0.80479998	5.94980300
0.80489998	6.04269200
0.80499998	5.94980300
0.80509998	5.94980300
0.80519998	6.04269200
0.80529998	6.04269200
0.80539998	6.04269200
0.80549998	6.04269200
0.80559998	6.04269200
0.80569998	6.04269200
0.80579998	6.04269200
0.80589998	6.04269200
0.80599998	6.04269200
0.80609998	6.04269200
0.80619998	6.04269200
0.80629998	6.04269200
0.80639998	6.13588800
0.80649998	6.13588800
0.80659998	6.04269200
0.80669998	6.13588800
0.80679998	6.13588800
0.80689998	6.13588800
0.80699998	6.13588800
0.80709998	6.13588800
0.80719998	6.13588800
0.80729998	6.13588800
0.80739998	6.13588800
0.80749998	6.13588800
0.80759998	6.13588800
0.80769998	6.13588800
0.80779998	6.22877700
0.80789998	6.22877700
0.80799998	6.22877700
0.80809998	6.22877700
0.80819998	6.22877700
0.80829998	6.22877700
0.80839998	6.22877700
0.80849998	6.22877700
0.80859998	6.22877700
0.80869998	6.22877700
0.80879998	6.22877700
0.80889998	6.22877700
0.80899998	6.22877700
0.80909998	6.22877700
0.80919998	6.22877700
0.80929998	6.32166600
0.80939998	6.22877700
0.80949998	6.22877700
0.80959998	6.32166600
0.80969998	6.32166600
0.80979998	6.32166600
0.80989998	6.32166600
0.80999998	6.32166600
0.81009998	6.32166600
0.81019998	6.32166600
0.81029998	6.32166600
0.81039998	6.32166600
0.81049998	6.41455500
0.81059998	6.41455500
0.81069998	6.41455500
0.81079998	6.41455500
0.81089998	6.41455500
0.81099998	6.41455500
0.81109998	6.41455500
0.81119998	6.41455500
0.81129998	6.41455500
0.81139998	6.41455500
0.81149998	6.41455500
0.81159998	6.41455500
0.81169998	6.41455500
0.81179998	6.50775100
0.81189998	6.50775100
0.81199998	6.50775100
0.81209998	6.50775100
0.81219998	6.50775100
0.81229998	6.50775100
0.81239998	6.50775100
0.81249998	6.50775100
0.81259998	6.50775100
0.81269998	6.60064000
0.81279998	6.60064000
0.81289998	6.60064000
0.81299998	6.60064000
0.81309998	6.60064000
0.81319998	6.60064000
0.81329998	6.60064000
0.81339998	6.60064000
0.81349998	6.60064000
0.81359998	6.60064000
0.81369998	6.69352900
0.81379998	6.69352900
0.81389998	6.69352900
0.81399998	6.69352900
0.81409998	6.60064000
0.81419998	6.69352900
0.81429998	6.69352900
0.81439998	6.69352900
0.81449998	6.69352900
0.81459998	6.69352900
0.81469998	6.69352900
0.81479998	6.78641700
0.81489998	6.78641700
0.81499998	6.78641700
0.81509998	6.78641700
0.81519998	6.78641700
0.81529998	6.78641700
0.81539998	6.78641700
0.81549998	6.78641700
0.81559998	6.87961400
0.81569998	6.87961400
0.81579998	6.78641700
0.81589998	6.87961400
0.81599998	6.78641700
0.81609998	6.87961400
0.81619998	6.87961400
0.81629998	6.87961400
0.81639998	6.87961400
0.81649998	6.87961400
0.81659998	6.87961400
0.81669998	6.87961400
0.81679998	6.97250200
0.81689998	6.87961400
0.81699998	6.97250200
0.81709998	6.97250200
0.81719998	6.97250200
0.81729998	6.97250200
0.81739998	6.97250200
0.81749998	6.97250200
0.81759998	6.97250200
0.81769998	6.97250200
0.81779998	6.97250200
0.81789998	6.97250200
0.81799998	7.06539100
0.81809998	7.06539100
0.81819998	7.06539100
0.81829998	7.06539100
0.81839998	7.06539100
0.81849998	7.06539100
0.81859998	7.06539100
0.81869998	7.06539100
0.81879998	7.06539100
0.81889998	7.06539100
0.81899998	7.06539100
0.81909998	7.06539100
0.81919998	7.06539100
0.81929998	7.15828000
0.81939998	7.15828000
0.81949998	7.15828000
0.81959998	7.15828000
0.81969998	7.15828000
0.81979998	7.15828000
0.81989998	7.15828000
0.81999998	7.15828000
0.82009998	7.15828000
0.82019998	7.15828000
0.82029998	7.15828000
0.82039998	7.15828000
0.82049998	7.15828000
0.82059998	7.15828000
0.82069998	7.15828000
0.82079998	7.15828000
0.82089998	7.25147600
0.82099998	7.25147600
0.82109998	7.25147600
0.82119998	7.25147600
0.82129998	7.25147600
0.82139998	7.25147600
0.82149998	7.25147600
0.82159998	7.25147600
0.82169998	7.25147600
0.82179998	7.34436500
0.82189998	7.25147600
0.82199998	7.34436500
0.82209998	7.34436500
0.82219998	7.34436500
0.82229998	7.34436500
0.82239998	7.34436500
0.82249998	7.34436500
0.82259998	7.34436500
0.82269998	7.34436500
0.82279998	7.34436500
0.82289998	7.34436500
0.82299998	7.34436500
0.82309998	7.34436500
0.82319998	7.34436500
0.82329998	7.43725400
0.82339998	7.43725400
0.82349998	7.43725400
0.82359998	7.43725400
0.82369998	7.43725400
0.82379998	7.43725400
0.82389998	7.43725400
0.82399998	7.43725400
0.82409998	7.43725400
0.82419998	7.53014300
0.82429998	7.53014300
0.82439998	7.53014300
0.82449998	7.53014300
0.82459998	7.53014300
0.82469998	7.53014300
0.82479998	7.53014300
0.82489998	7.53014300
0.82499998	7.62333900
0.82509998	7.62333900
0.82519998	7.62333900
0.82529998	7.62333900
0.82539998	7.62333900
0.82549998	7.62333900
0.82559998	7.62333900
0.82569998	7.62333900
0.82579998	7.62333900
0.82589998	7.62333900
0.82599998	7.62333900
0.82609998	7.62333900
0.82619998	7.62333900
0.82629998	7.62333900
0.82639998	7.71622800
0.82649998	7.71622800
0.82659998	7.71622800
0.82669998	7.71622800
0.82679998	7.71622800
0.82689998	7.71622800
0.82699998	7.71622800
0.82709998	7.71622800
0.82719998	7.71622800
0.82729998	7.71622800
0.82739998	7.71622800
0.82749998	7.80911700
0.82759998	7.71622800
0.82769998	7.71622800
0.82779998	7.80911700
0.82789998	7.80911700
0.82799998	7.80911700
0.82809998	7.80911700
0.82819998	7.80911700
0.82829998	7.80911700
0.82839998	7.80911700
0.82849998	7.80911700
0.82859998	7.80911700
0.82869998	7.80911700
0.82879998	7.80911700
0.82889998	7.80911700
0.82899998	7.80911700
0.82909998	7.80911700
0.82919998	7.90200500
0.82929998	7.90200500
0.82939998	7.90200500
0.82949998	7.90200500
0.82959998	7.90200500
0.82969998	7.90200500
0.82979998	7.90200500
0.82989998	7.90200500
0.82999998	7.90200500
0.83009998	7.90200500
0.83019998	7.90200500
0.83029998	7.90200500
0.83039998	7.90200500
0.83049998	7.99520200
0.83059998	7.90200500
0.83069998	7.99520200
0.83079998	7.99520200
0.83089998	7.99520200
0.83099998	7.99520200
0.83109998	7.99520200
0.83119998	7.99520200
0.83129998	7.99520200
0.83139998	7.99520200
0.83149998	7.99520200
0.83159998	7.99520200
0.83169998	7.99520200
0.83179998	7.99520200
0.83189998	7.99520200
0.83199998	7.99520200
0.83209998	7.99520200
0.83219998	7.99520200
0.83229998	8.08809100
0.83239998	8.08809100
0.83249998	8.08809100
0.83259998	8.08809100
0.83269998	8.08809100
0.83279998	8.08809100
0.83289998	8.08809100
0.83299998	8.08809100
0.83309998	8.08809100
0.83319998	8.08809100
0.83329998	8.08809100
0.83339998	8.08809100
0.83349998	8.08809100
0.83359998	8.08809100
0.83369998	8.08809100
0.83379998	8.18098000
0.83389998	8.18098000
0.83399998	8.08809100
0.83409998	8.18098000
0.83419998	8.18098000
0.83429998	8.18098000
0.83439998	8.18098000
0.83449998	8.18098000
0.83459998	8.18098000
0.83469998	8.18098000
0.83479998	8.18098000
0.83489998	8.18098000
0.83499998	8.18098000
0.83509998	8.18098000
0.83519998	8.18098000
0.83529998	8.18098000
0.83539998	8.18098000
0.83549998	8.27386800
0.83559998	8.27386800
0.83569998	8.18098000
0.83579998	8.18098000
0.83589998	8.27386800
0.83599998	8.27386800
0.83609998	8.27386800
0.83619998	8.27386800
0.83629998	8.18098000
0.83639998	8.27386800
0.83649998	8.27386800
0.83659998	8.27386800
0.83669998	8.27386800
0.83679998	8.27386800
0.83689998	8.27386800
0.83699998	8.27386800
0.83709998	8.27386800
0.83719998	8.27386800
0.83729998	8.27386800
0.83739998	8.27386800
0.83749998	8.27386800
0.83759998	8.27386800
0.83769998	8.27386800
0.83779998	8.27386800
0.83789998	8.27386800
0.83799998	8.27386800
0.83809998	8.27386800
0.83819998	8.27386800
0.83829998	8.27386800
0.83839998	8.27386800
0.83849998	8.36706400
0.83859998	8.36706400
0.83869998	8.36706400
0.83879998	8.36706400
0.83889998	8.36706400
0.83899998	8.36706400
0.83909998	8.36706400
0.83919998	8.36706400
0.83929998	8.36706400
0.83939998	8.36706400
0.83949998	8.36706400
0.83959998	8.36706400
0.83969998	8.36706400
0.83979998	8.36706400
0.83989998	8.36706400
0.83999998	8.36706400
0.84009998	8.36706400
0.84019998	8.36706400
0.84029998	8.36706400
0.84039998	8.36706400
0.84049998	8.36706400
0.84059998	8.36706400
0.84069998	8.36706400
0.84079998	8.36706400
0.84089998	8.36706400
0.84099998	8.36706400
0.84109998	8.36706400
0.84119998	8.36706400
0.84129998	8.36706400
0.84139998	8.36706400
0.84149998	8.36706400
0.84159998	8.36706400
0.84169998	8.36706400
0.84179998	8.36706400
0.84189998	8.36706400
0.84199998	8.36706400
0.84209998	8.45995300
0.84219998	8.36706400
0.84229998	8.36706400
0.84239998	8.36706400
0.84249998	8.36706400
0.84259998	8.36706400
0.84269998	8.36706400
0.84279998	8.36706400
0.84289998	8.36706400
0.84299998	8.36706400
0.84309998	8.36706400
0.84319998	8.36706400
0.84329998	8.36706400
0.84339998	8.36706400
0.84349998	8.36706400
0.84359998	8.36706400
0.84369998	8.36706400
0.84379998	8.36706400
0.84389998	8.36706400
0.84399998	8.36706400
0.84409998	8.36706400
0.84419998	8.36706400
0.84429998	8.36706400
0.84439998	8.36706400
0.84449998	8.36706400
0.84459998	8.36706400
0.84469998	8.36706400
0.84479998	8.36706400
0.84489998	8.36706400
0.84499998	8.36706400
0.84509998	8.36706400
0.84519998	8.36706400
0.84529998	8.36706400
0.84539998	8.36706400
0.84549998	8.36706400
0.84559998	8.36706400
0.84569998	8.36706400
0.84579998	8.36706400
0.84589998	8.36706400
0.84599998	8.36706400
0.84609998	8.36706400
0.84619998	8.36706400
0.84629998	8.36706400
0.84639998	8.36706400
0.84649998	8.36706400
0.84659998	8.36706400
0.84669998	8.36706400
0.84679998	8.36706400
0.84689998	8.36706400
0.84699998	8.36706400
0.84709998	8.36706400
0.84719998	8.36706400
0.84729998	8.36706400
0.84739998	8.36706400
0.84749998	8.36706400
0.84759998	8.36706400
0.84769998	8.36706400
0.84779998	8.36706400
0.84789998	8.36706400
0.84799998	8.36706400
0.84809998	8.36706400
0.84819998	8.36706400
0.84829998	8.36706400
0.84839998	8.36706400
0.84849998	8.36706400
0.84859998	8.36706400
0.84869998	8.36706400
0.84879998	8.36706400
0.84889998	8.36706400
0.84899998	8.27386800
0.84909998	8.27386800
0.84919998	8.36706400
0.84929998	8.36706400
0.84939998	8.27386800
0.84949998	8.27386800
0.84959998	8.27386800
0.84969998	8.36706400
0.84979998	8.27386800
0.84989998	8.27386800
0.84999998	8.27386800
0.85009998	8.27386800
0.85019998	8.27386800
0.85029998	8.27386800
0.85039998	8.27386800
0.85049998	8.27386800
0.85059998	8.27386800
0.85069998	8.27386800
0.85079998	8.27386800
0.85089998	8.27386800
0.85099998	8.27386800
0.85109998	8.27386800
0.85119998	8.27386800
0.85129998	8.27386800
0.85139998	8.27386800
0.85149998	8.27386800
0.85159998	8.27386800
0.85169998	8.18098000
0.85179998	8.18098000
0.85189998	8.27386800
0.85199998	8.27386800
0.85209998	8.18098000
0.85219998	8.18098000
0.85229998	8.18098000
0.85239998	8.18098000
0.85249998	8.18098000
0.85259998	8.18098000
0.85269998	8.18098000
0.85279998	8.18098000
0.85289998	8.18098000
0.85299998	8.18098000
0.85309998	8.18098000
0.85319998	8.18098000
0.85329998	8.18098000
0.85339998	8.18098000
0.85349998	8.18098000
0.85359998	8.18098000
0.85369998	8.18098000
0.85379998	8.18098000
0.85389998	8.08809100
0.85399998	8.18098000
0.85409998	8.08809100
0.85419998	8.08809100
0.85429998	8.08809100
0.85439998	8.08809100
0.85449998	8.08809100
0.85459998	8.08809100
0.85469998	8.08809100
0.85479998	8.08809100
0.85489998	8.08809100
0.85499998	8.08809100
0.85509998	8.08809100
0.85519998	8.08809100
0.85529998	7.99520200
0.85539998	7.99520200
0.85549998	7.99520200
0.85559998	7.99520200
0.85569998	7.99520200
0.85579998	7.99520200
0.85589998	7.99520200
0.85599998	7.99520200
0.85609998	7.99520200
0.85619998	7.99520200
0.85629998	7.99520200
0.85639998	7.99520200
0.85649998	7.99520200
0.85659998	7.99520200
0.85669998	7.99520200
0.85679998	7.99520200
0.85689998	7.99520200
0.85699998	7.99520200
0.85709998	7.99520200
0.85719998	7.90200500
0.85729998	7.90200500
0.85739998	7.90200500
0.85749998	7.90200500
0.85759998	7.90200500
0.85769998	7.90200500
0.85779998	7.90200500
0.85789998	7.90200500
0.85799998	7.90200500
0.85809998	7.80911700
0.85819998	7.90200500
0.85829998	7.90200500
0.85839998	7.80911700
0.85849998	7.80911700
0.85859998	7.80911700
0.85869998	7.80911700
0.85879998	7.80911700
0.85889998	7.80911700
0.85899998	7.80911700
0.85909998	7.80911700
0.85919998	7.80911700
0.85929998	7.80911700
0.85939998	7.80911700
0.85949998	7.80911700
0.85959998	7.80911700
0.85969998	7.80911700
0.85979998	7.71622800
0.85989998	7.71622800
0.85999998	7.71622800
0.86009998	7.71622800
0.86019998	7.71622800
0.86029998	7.71622800
0.86039998	7.71622800
0.86049998	7.71622800
0.86059998	7.71622800
0.86069998	7.71622800
0.86079998	7.71622800
0.86089998	7.71622800
0.86099998	7.71622800
0.86109998	7.62333900
0.86119998	7.62333900
0.86129998	7.62333900
0.86139998	7.62333900
0.86149998	7.62333900
0.86159998	7.62333900
0.86169998	7.62333900
0.86179998	7.62333900
0.86189998	7.62333900
0.86199998	7.62333900
0.86209998	7.53014300
0.86219998	7.62333900
0.86229998	7.53014300
0.86239998	7.53014300
0.86249998	7.53014300
0.86259998	7.53014300
0.86269998	7.53014300
0.86279998	7.53014300
0.86289998	7.53014300
0.86299998	7.53014300
0.86309998	7.53014300
0.86319998	7.53014300
0.86329998	7.43725400
0.86339998	7.43725400
0.86349998	7.43725400
0.86359998	7.43725400
0.86369998	7.43725400
0.86379998	7.43725400
0.86389998	7.43725400
0.86399998	7.43725400
0.86409998	7.43725400
0.86419998	7.34436500
0.86429998	7.34436500
0.86439998	7.34436500
0.86449998	7.34436500
0.86459998	7.34436500
0.86469998	7.34436500
0.86479998	7.25147600
0.86489998	7.34436500
0.86499998	7.34436500
0.86509998	7.25147600
0.86519998	7.34436500
0.86529998	7.25147600
0.86539998	7.25147600
0.86549998	7.25147600
0.86559998	7.25147600
0.86569998	7.25147600
0.86579998	7.25147600
0.86589998	7.25147600
0.86599998	7.15828000
0.86609998	7.15828000
0.86619998	7.15828000
0.86629998	7.15828000
0.86639998	7.25147600
0.86649998	7.15828000
0.86659998	7.15828000
0.86669998	7.15828000
0.86679998	7.15828000
0.86689998	7.15828000
0.86699998	7.15828000
0.86709998	7.06539100
0.86719998	7.06539100
0.86729998	7.06539100
0.86739998	7.06539100
0.86749998	7.06539100
0.86759998	7.06539100
0.86769998	7.06539100
0.86779998	7.06539100
0.86789998	7.06539100
0.86799998	7.06539100
0.86809998	6.97250200
0.86819998	6.97250200
0.86829998	6.97250200
0.86839998	6.97250200
0.86849998	6.97250200
0.86859998	6.97250200
0.86869998	6.97250200
0.86879998	6.97250200
0.86889998	6.97250200
0.86899998	6.97250200
0.86909998	6.87961400
0.86919998	6.87961400
0.86929998	6.87961400
0.86939998	6.97250200
0.86949998	6.87961400
0.86959998	6.87961400
0.86969998	6.87961400
0.86979998	6.87961400
0.86989998	6.87961400
0.86999998	6.87961400
0.87009998	6.87961400
0.87019998	6.87961400
0.87029998	6.87961400
0.87039998	6.87961400
0.87049998	6.87961400
0.87059998	6.87961400
0.87069998	6.87961400
0.87079998	6.87961400
0.87089998	6.87961400
0.87099998	6.78641700
0.87109998	6.87961400
0.87119998	6.78641700
0.87129998	6.78641700
0.87139998	6.78641700
0.87149998	6.78641700
0.87159998	6.78641700
0.87169998	6.78641700
0.87179998	6.78641700
0.87189998	6.78641700
0.87199998	6.78641700
0.87209998	6.69352900
0.87219998	6.78641700
0.87229998	6.69352900
0.87239998	6.69352900
0.87249998	6.69352900
0.87259998	6.69352900
0.87269998	6.69352900
0.87279998	6.69352900
0.87289998	6.69352900
0.87299998	6.69352900
0.87309998	6.69352900
0.87319998	6.69352900
0.87329998	6.69352900
0.87339998	6.69352900
0.87349998	6.69352900
0.87359998	6.60064000
0.87369998	6.60064000
0.87379998	6.60064000
0.87389998	6.60064000
0.87399998	6.60064000
0.87409998	6.60064000
0.87419998	6.50775100
0.87429998	6.60064000
0.87439998	6.60064000
0.87449998	6.60064000
0.87459998	6.50775100
0.87469998	6.50775100
0.87479998	6.50775100
0.87489998	6.50775100
0.87499998	6.50775100
0.87509998	6.50775100
0.87519998	6.50775100
0.87529998	6.50775100
0.87539998	6.41455500
0.87549998	6.50775100
0.87559998	6.50775100
0.87569998	6.41455500
0.87579998	6.50775100
0.87589998	6.41455500
0.87599998	6.41455500
0.87609998	6.41455500
0.87619998	6.41455500
0.87629998	6.41455500
0.87639998	6.41455500
0.87649998	6.32166600
0.87659998	6.41455500
0.87669998	6.41455500
0.87679998	6.41455500
0.87689998	6.32166600
0.87699998	6.32166600
0.87709998	6.32166600
0.87719998	6.32166600
0.87729998	6.32166600
0.87739998	6.32166600
0.87749998	6.32166600
0.87759998	6.32166600
0.87769998	6.32166600
0.87779998	6.32166600
0.87789998	6.22877700
0.87799998	6.22877700
0.87809998	6.22877700
0.87819998	6.32166600
0.87829998	6.22877700
0.87839998	6.22877700
0.87849998	6.22877700
0.87859998	6.22877700
0.87869998	6.22877700
0.87879998	6.22877700
0.87889998	6.22877700
0.87899998	6.22877700
0.87909998	6.22877700
0.87919998	6.22877700
0.87929998	6.22877700
0.87939998	6.22877700
0.87949998	6.13588800
0.87959998	6.13588800
0.87969998	6.13588800
0.87979998	6.13588800
0.87989998	6.13588800
0.87999998	6.13588800
0.88009998	6.13588800
0.88019998	6.13588800
0.88029998	6.13588800
0.88039998	6.13588800
0.88049998	6.13588800
0.88059998	6.13588800
0.88069998	6.13588800
0.88079998	6.13588800
0.88089998	6.13588800
0.88099998	6.13588800
0.88109998	6.04269200
0.88119998	6.04269200
0.88129998	6.13588800
0.88139998	6.04269200
0.88149998	6.04269200
0.88159998	6.13588800
0.88169998	6.04269200
0.88179998	6.04269200
0.88189998	6.04269200
0.88199998	6.04269200
0.88209998	6.04269200
0.88219998	6.04269200
0.88229998	6.04269200
0.88239998	6.04269200
0.88249998	6.04269200
0.88259998	6.04269200
0.88269998	6.04269200
0.88279998	6.04269200
0.88289998	6.04269200
0.88299998	6.04269200
0.88309998	5.94980300
0.88319998	5.94980300
0.88329998	6.04269200
0.88339998	6.04269200
0.88349998	5.94980300
0.88359998	5.94980300
0.88369998	5.94980300
0.88379998	5.94980300
0.88389998	5.94980300
0.88399998	5.94980300
0.88409998	5.94980300
0.88419998	5.94980300
0.88429998	5.94980300
0.88439998	5.94980300
0.88449998	5.94980300
0.88459998	5.94980300
0.88469998	5.85691500
0.88479998	5.94980300
0.88489998	5.85691500
0.88499998	5.94980300
0.88509998	5.94980300
0.88519998	5.85691500
0.88529998	5.85691500
0.88539998	5.85691500
0.88549998	5.85691500
0.88559998	5.85691500
0.88569998	5.85691500
0.88579998	5.85691500
0.88589998	5.85691500
0.88599998	5.85691500
0.88609998	5.85691500
0.88619998	5.85691500
0.88629998	5.85691500
0.88639998	5.85691500
0.88649998	5.85691500
0.88659998	5.85691500
0.88669998	5.76371800
0.88679998	5.76371800
0.88689998	5.85691500
0.88699998	5.76371800
0.88709998	5.76371800
0.88719998	5.76371800
0.88729998	5.76371800
0.88739998	5.76371800
0.88749998	5.76371800
0.88759998	5.76371800
0.88769998	5.76371800
0.88779998	5.76371800
0.88789998	5.76371800
0.88799998	5.76371800
0.88809998	5.76371800
0.88819998	5.76371800
0.88829998	5.76371800
0.88839998	5.76371800
0.88849998	5.76371800
0.88859998	5.76371800
0.88869998	5.76371800
0.88879998	5.76371800
0.88889998	5.76371800
0.88899998	5.76371800
0.88909998	5.76371800
0.88919998	5.67082900
0.88929998	5.76371800
0.88939998	5.76371800
0.88949998	5.76371800
0.88959998	5.76371800
0.88969998	5.67082900
0.88979998	5.67082900
0.88989998	5.76371800
0.88999998	5.67082900
0.89009998	5.67082900
0.89019998	5.67082900
0.89029998	5.67082900
0.89039998	5.76371800
0.89049998	5.76371800
0.89059998	5.67082900
0.89069998	5.67082900
0.89079998	5.76371800
0.89089998	5.67082900
0.89099998	5.67082900
0.89109998	5.67082900
0.89119998	5.67082900
0.89129998	5.67082900
0.89139998	5.67082900
0.89149998	5.67082900
0.89159998	5.67082900
0.89169998	5.67082900
0.89179998	5.67082900
0.89189998	5.67082900
0.89199998	5.67082900
0.89209998	5.67082900
0.89219998	5.67082900
0.89229998	5.67082900
0.89239998	5.67082900
0.89249998	5.67082900
0.89259998	5.67082900
0.89269998	5.67082900
0.89279998	5.67082900
0.89289998	5.67082900
0.89299998	5.67082900
0.89309998	5.67082900
0.89319998	5.67082900
0.89329998	5.67082900
0.89339998	5.67082900
0.89349998	5.67082900
0.89359998	5.67082900
0.89369998	5.67082900
0.89379998	5.67082900
0.89389998	5.67082900
0.89399998	5.67082900
0.89409998	5.67082900
0.89419998	5.67082900
0.89429998	5.67082900
0.89439998	5.67082900
0.89449998	5.67082900
0.89459998	5.67082900
0.89469998	5.67082900
0.89479998	5.67082900
0.89489998	5.67082900
0.89499998	5.67082900
0.89509998	5.67082900
0.89519998	5.76371800
0.89529998	5.67082900
0.89539998	5.67082900
0.89549998	5.67082900
0.89559998	5.67082900
0.89569998	5.76371800
0.89579998	5.76371800
0.89589998	5.67082900
0.89599998	5.67082900
0.89609998	5.67082900
0.89619998	5.67082900
0.89629998	5.67082900
0.89639998	5.67082900
0.89649998	5.67082900
0.89659998	5.67082900
0.89669998	5.76371800
0.89679998	5.76371800
0.89689998	5.67082900
0.89699998	5.67082900
0.89709998	5.76371800
0.89719998	5.76371800
0.89729998	5.76371800
0.89739998	5.67082900
0.89749998	5.76371800
0.89759998	5.67082900
0.89769998	5.76371800
0.89779998	5.76371800
0.89789998	5.67082900
0.89799998	5.76371800
0.89809998	5.76371800
0.89819998	5.76371800
0.89829998	5.76371800
0.89839998	5.76371800
0.89849998	5.76371800
0.89859998	5.76371800
0.89869998	5.76371800
0.89879998	5.76371800
0.89889998	5.76371800
0.89899998	5.76371800
0.89909998	5.76371800
0.89919998	5.76371800
0.89929998	5.76371800
0.89939998	5.76371800
0.89949998	5.76371800
0.89959998	5.76371800
0.89969998	5.76371800
0.89979998	5.76371800
0.89989998	5.76371800
0.89999998	5.76371800
0.90009998	5.76371800
0.90019998	5.76371800
0.90029998	5.76371800
0.90039998	5.76371800
0.90049998	5.76371800
0.90059998	5.76371800
0.90069998	5.76371800
0.90079998	5.76371800
0.90089998	5.76371800
0.90099998	5.76371800
0.90109998	5.76371800
0.90119998	5.76371800
0.90129998	5.76371800
0.90139998	5.76371800
0.90149998	5.76371800
0.90159998	5.76371800
0.90169998	5.85691500
0.90179998	5.76371800
0.90189998	5.85691500
0.90199998	5.85691500
0.90209998	5.85691500
0.90219998	5.85691500
0.90229998	5.85691500
0.90239998	5.85691500
0.90249998	5.85691500
0.90259998	5.85691500
0.90269998	5.85691500
0.90279998	5.85691500
0.90289998	5.85691500
0.90299998	5.85691500
0.90309998	5.85691500
0.90319998	5.85691500
0.90329998	5.85691500
0.90339998	5.85691500
0.90349998	5.85691500
0.90359998	5.85691500
0.90369998	5.94980300
0.90379998	5.94980300
0.90389998	5.94980300
0.90399998	5.94980300
0.90409998	5.94980300
0.90419998	5.94980300
0.90429998	5.94980300
0.90439998	5.94980300
0.90449998	5.94980300
0.90459998	5.94980300
0.90469998	5.94980300
0.90479998	5.94980300
0.90489998	5.94980300
0.90499998	5.94980300
0.90509998	5.94980300
0.90519998	5.94980300
0.90529998	5.94980300
0.90539998	6.04269200
0.90549998	6.04269200
0.90559998	6.04269200
0.90569998	6.04269200
0.90579998	6.04269200
0.90589998	6.04269200
0.90599998	6.04269200
0.90609998	6.04269200
0.90619998	6.04269200
0.90629998	6.04269200
0.90639998	6.04269200
0.90649998	6.04269200
0.90659998	6.13588800
0.90669998	6.04269200
0.90679998	6.04269200
0.90689998	6.13588800
0.90699998	6.13588800
0.90709998	6.13588800
0.90719998	6.04269200
0.90729998	6.13588800
0.90739998	6.13588800
0.90749998	6.13588800
0.90759998	6.13588800
0.90769998	6.13588800
0.90779998	6.13588800
0.90789998	6.13588800
0.90799998	6.13588800
0.90809998	6.13588800
0.90819998	6.13588800
0.90829998	6.13588800
0.90839998	6.13588800
0.90849998	6.22877700
0.90859998	6.22877700
0.90869998	6.22877700
0.90879998	6.22877700
0.90889998	6.22877700
0.90899998	6.22877700
0.90909998	6.22877700
0.90919998	6.22877700
0.90929998	6.22877700
0.90939998	6.22877700
0.90949998	6.22877700
0.90959998	6.22877700
0.90969998	6.22877700
0.90979998	6.22877700
0.90989998	6.32166600
0.90999998	6.22877700
0.91009998	6.22877700
0.91019998	6.22877700
0.91029998	6.32166600
0.91039998	6.32166600
0.91049998	6.32166600
0.91059998	6.32166600
0.91069998	6.32166600
0.91079998	6.32166600
0.91089998	6.32166600
0.91099998	6.41455500
0.91109998	6.41455500
0.91119998	6.41455500
0.91129998	6.32166600
0.91139998	6.41455500
0.91149998	6.41455500
0.91159998	6.41455500
0.91169998	6.41455500
0.91179998	6.41455500
0.91189998	6.41455500
0.91199998	6.41455500
0.91209998	6.41455500
0.91219998	6.41455500
0.91229998	6.50775100
0.91239998	6.50775100
0.91249998	6.41455500
0.91259998	6.41455500
0.91269998	6.50775100
0.91279998	6.50775100
0.91289998	6.50775100
0.91299998	6.50775100
0.91309998	6.50775100
0.91319998	6.60064000
0.91329998	6.50775100
0.91339998	6.50775100
0.91349998	6.60064000
0.91359998	6.60064000
0.91369998	6.60064000
0.91379998	6.60064000
0.91389998	6.60064000
0.91399998	6.60064000
0.91409998	6.60064000
0.91419998	6.60064000
0.91429998	6.60064000
0.91439998	6.60064000
0.91449998	6.60064000
0.91459998	6.60064000
0.91469998	6.69352900
0.91479998	6.60064000
0.91489998	6.69352900
0.91499998	6.60064000
0.91509998	6.69352900
0.91519998	6.69352900
0.91529998	6.69352900
0.91539998	6.69352900
0.91549998	6.69352900
0.91559998	6.69352900
0.91569998	6.69352900
0.91579998	6.78641700
0.91589998	6.78641700
0.91599998	6.78641700
0.91609998	6.78641700
0.91619998	6.78641700
0.91629998	6.78641700
0.91639998	6.78641700
0.91649998	6.78641700
0.91659998	6.78641700
0.91669998	6.78641700
0.91679998	6.87961400
0.91689998	6.87961400
0.91699998	6.87961400
0.91709998	6.87961400
0.91719998	6.87961400
0.91729998	6.87961400
0.91739998	6.87961400
0.91749998	6.87961400
0.91759998	6.87961400
0.91769998	6.87961400
0.91779998	6.87961400
0.91789998	6.87961400
0.91799998	6.87961400
0.91809998	6.87961400
0.91819998	6.87961400
0.91829998	6.87961400
0.91839998	6.87961400
0.91849998	6.87961400
0.91859998	6.87961400
0.91869998	6.87961400
0.91879998	6.97250200
0.91889998	6.97250200
0.91899998	6.97250200
0.91909998	6.97250200
0.91919998	6.97250200
0.91929998	6.97250200
0.91939998	6.97250200
0.91949998	6.97250200
0.91959998	6.97250200
0.91969998	6.97250200
0.91979998	6.97250200
0.91989998	6.97250200
0.91999998	6.97250200
0.92009998	6.97250200
0.92019998	6.97250200
0.92029998	7.06539100
0.92039998	6.97250200
0.92049998	6.97250200
0.92059998	7.06539100
0.92069998	7.06539100
0.92079998	7.06539100
0.92089998	7.06539100
0.92099998	7.06539100
0.92109998	7.06539100
0.92119998	7.06539100
0.92129998	7.06539100
0.92139998	7.06539100
0.92149998	7.06539100
0.92159998	7.06539100
0.92169998	7.06539100
0.92179998	7.15828000
0.92189998	7.15828000
0.92199998	7.15828000
0.92209998	7.06539100
0.92219998	7.15828000
0.92229998	7.15828000
0.92239998	7.15828000
0.92249998	7.15828000
0.92259998	7.15828000
0.92269998	7.15828000
0.92279998	7.25147600
0.92289998	7.25147600
0.92299998	7.25147600
0.92309998	7.25147600
0.92319998	7.25147600
0.92329998	7.25147600
0.92339998	7.25147600
0.92349998	7.25147600
0.92359998	7.25147600
0.92369998	7.25147600
0.92379998	7.25147600
0.92389998	7.34436500
0.92399998	7.34436500
0.92409998	7.34436500
0.92419998	7.34436500
0.92429998	7.34436500
0.92439998	7.34436500
0.92449998	7.34436500
0.92459998	7.34436500
0.92469998	7.34436500
0.92479998	7.34436500
0.92489998	7.43725400
0.92499998	7.43725400
0.92509998	7.43725400
0.92519998	7.43725400
0.92529998	7.43725400
0.92539998	7.43725400
0.92549998	7.43725400
0.92559998	7.43725400
0.92569998	7.43725400
0.92579998	7.43725400
0.92589998	7.43725400
0.92599998	7.43725400
0.92609998	7.43725400
0.92619998	7.43725400
0.92629998	7.53014300
0.92639998	7.53014300
0.92649998	7.53014300
0.92659998	7.53014300
0.92669998	7.53014300
0.92679998	7.53014300
0.92689998	7.53014300
0.92699998	7.53014300
0.92709998	7.53014300
0.92719998	7.53014300
0.92729998	7.53014300
0.92739998	7.62333900
0.92749998	7.53014300
0.92759998	7.53014300
0.92769998	7.62333900
0.92779998	7.62333900
0.92789998	7.62333900
0.92799998	7.62333900
0.92809998	7.62333900
0.92819998	7.62333900
0.92829998	7.62333900
0.92839998	7.62333900
0.92849998	7.62333900
0.92859998	7.62333900
0.92869998	7.62333900
0.92879998	7.71622800
0.92889998	7.62333900
0.92899998	7.62333900
0.92909998	7.71622800
0.92919998	7.62333900
0.92929998	7.71622800
0.92939998	7.71622800
0.92949998	7.71622800
0.92959998	7.71622800
0.92969998	7.71622800
0.92979998	7.71622800
0.92989998	7.71622800
0.92999998	7.71622800
0.93009998	7.71622800
0.93019998	7.71622800
0.93029998	7.71622800
0.93039998	7.80911700
0.93049998	7.80911700
0.93059998	7.80911700
0.93069998	7.80911700
0.93079998	7.80911700
0.93089998	7.80911700
0.93099998	7.80911700
0.93109998	7.80911700
0.93119998	7.80911700
0.93129998	7.80911700
0.93139998	7.90200500
0.93149998	7.80911700
0.93159998	7.90200500
0.93169998	7.80911700
0.93179998	7.90200500
0.93189998	7.80911700
0.93199998	7.90200500
0.93209998	7.90200500
0.93219998	7.90200500
0.93229998	7.90200500
0.93239998	7.90200500
0.93249998	7.90200500
0.93259998	7.90200500
0.93269998	7.90200500
0.93279998	7.90200500
0.93289998	7.90200500
0.93299998	7.90200500
0.93309998	7.90200500
0.93319998	7.99520200
0.93329998	7.99520200
0.93339998	7.99520200
0.93349998	7.99520200
0.93359998	7.99520200
0.93369998	7.99520200
0.93379998	7.99520200
0.93389998	7.99520200
0.93399998	7.99520200
0.93409998	7.99520200
0.93419998	7.99520200
0.93429998	7.99520200
0.93439998	7.99520200
0.93449998	7.99520200
0.93459998	8.08809100
0.93469998	8.08809100
0.93479998	8.08809100
0.93489998	8.08809100
0.93499998	8.08809100
0.93509998	8.08809100
0.93519998	8.08809100
0.93529998	8.08809100
0.93539998	8.08809100
0.93549998	8.08809100
0.93559998	8.08809100
0.93569998	8.08809100
0.93579998	8.08809100
0.93589998	8.18098000
0.93599998	8.08809100
0.93609998	8.08809100
0.93619998	8.08809100
0.93629998	8.08809100
0.93639998	8.18098000
0.93649998	8.18098000
0.93659998	8.18098000
0.93669998	8.18098000
0.93679998	8.18098000
0.93689998	8.18098000
0.93699998	8.18098000
0.93709998	8.18098000
0.93719998	8.18098000
0.93729998	8.18098000
0.93739998	8.18098000
0.93749998	8.18098000
0.93759998	8.18098000
0.93769998	8.18098000
0.93779998	8.18098000
0.93789998	8.18098000
0.93799998	8.18098000
0.93809998	8.18098000
0.93819998	8.18098000
0.93829998	8.27386800
0.93839998	8.18098000
0.93849998	8.27386800
0.93859998	8.18098000
0.93869998	8.27386800
0.93879998	8.18098000
0.93889998	8.27386800
0.93899998	8.27386800
0.93909998	8.27386800
0.93919998	8.27386800
0.93929998	8.27386800
0.93939998	8.27386800
0.93949998	8.27386800
0.93959998	8.27386800
0.93969998	8.27386800
0.93979998	8.27386800
0.93989998	8.27386800
0.93999998	8.27386800
0.94009998	8.27386800
0.94019998	8.27386800
0.94029998	8.27386800
0.94039998	8.27386800
0.94049998	8.27386800
0.94059998	8.27386800
0.94069998	8.27386800
0.94079998	8.27386800
0.94089998	8.27386800
0.94099998	8.27386800
0.94109998	8.27386800
0.94119998	8.36706400
0.94129998	8.36706400
0.94139998	8.27386800
0.94149998	8.36706400
0.94159998	8.27386800
0.94169998	8.36706400
0.94179998	8.27386800
0.94189998	8.27386800
0.94199998	8.36706400
0.94209998	8.36706400
0.94219998	8.36706400
0.94229998	8.36706400
0.94239998	8.36706400
0.94249998	8.36706400
0.94259998	8.36706400
0.94269998	8.36706400
0.94279998	8.36706400
0.94289998	8.36706400
0.94299998	8.36706400
0.94309998	8.36706400
0.94319998	8.36706400
0.94329998	8.36706400
0.94339998	8.36706400
0.94349998	8.36706400
0.94359998	8.36706400
0.94369998	8.36706400
0.94379998	8.36706400
0.94389998	8.36706400
0.94399998	8.36706400
0.94409998	8.36706400
0.94419998	8.36706400
0.94429998	8.36706400
0.94439998	8.36706400
0.94449998	8.36706400
0.94459998	8.36706400
0.94469998	8.36706400
0.94479998	8.36706400
0.94489998	8.36706400
0.94499998	8.36706400
0.94509998	8.36706400
0.94519998	8.36706400
0.94529998	8.36706400
0.94539998	8.36706400
0.94549998	8.36706400
0.94559998	8.36706400
0.94569998	8.36706400
0.94579998	8.36706400
0.94589998	8.36706400
0.94599998	8.45995300
0.94609998	8.45995300
0.94619998	8.36706400
0.94629998	8.36706400
0.94639998	8.36706400
0.94649998	8.36706400
0.94659998	8.36706400
0.94669998	8.45995300
0.94679998	8.45995300
0.94689998	8.36706400
0.94699998	8.45995300
0.94709998	8.36706400
0.94719998	8.45995300
0.94729998	8.36706400
0.94739998	8.36706400
0.94749998	8.45995300
0.94759998	8.36706400
0.94769998	8.45995300
0.94779998	8.36706400
0.94789998	8.36706400
0.94799998	8.36706400
0.94809998	8.45995300
0.94819998	8.36706400
0.94829998	8.36706400
0.94839998	8.36706400
0.94849998	8.45995300
0.94859998	8.36706400
0.94869998	8.36706400
0.94879998	8.45995300
0.94889998	8.36706400
0.94899998	8.36706400
0.94909998	8.45995300
0.94919998	8.36706400
0.94929998	8.36706400
0.94939998	8.36706400
0.94949998	8.45995300
0.94959998	8.36706400
0.94969998	8.36706400
0.94979998	8.36706400
0.94989998	8.36706400
0.94999998	8.36706400
0.95009998	8.36706400
0.95019998	8.36706400
0.95029998	8.36706400
0.95039998	8.36706400
0.95049998	8.36706400
0.95059998	8.36706400
0.95069998	8.36706400
0.95079998	8.36706400
0.95089998	8.36706400
0.95099998	8.36706400
0.95109998	8.36706400
0.95119998	8.45995300
0.95129998	8.36706400
0.95139998	8.36706400
0.95149998	8.36706400
0.95159998	8.36706400
0.95169998	8.36706400
0.95179998	8.36706400
0.95189998	8.36706400
0.95199998	8.36706400
0.95209998	8.36706400
0.95219998	8.36706400
0.95229998	8.36706400
0.95239998	8.36706400
0.95249998	8.36706400
0.95259998	8.36706400
0.95269998	8.36706400
0.95279998	8.36706400
0.95289998	8.36706400
0.95299998	8.36706400
0.95309998	8.36706400
0.95319998	8.36706400
0.95329998	8.36706400
0.95339998	8.36706400
0.95349998	8.36706400
0.95359998	8.36706400
0.95369998	8.36706400
0.95379998	8.36706400
0.95389998	8.36706400
0.95399998	8.36706400
0.95409998	8.36706400
0.95419998	8.36706400
0.95429998	8.36706400
0.95439998	8.36706400
0.95449998	8.36706400
0.95459998	8.36706400
0.95469998	8.36706400
0.95479998	8.36706400
0.95489998	8.36706400
0.95499998	8.36706400
0.95509998	8.36706400
0.95519998	8.36706400
0.95529998	8.27386800
0.95539998	8.27386800
0.95549998	8.27386800
0.95559998	8.27386800
0.95569998	8.36706400
0.95579998	8.27386800
0.95589998	8.27386800
0.95599998	8.27386800
0.95609998	8.27386800
0.95619998	8.27386800
0.95629998	8.27386800
0.95639998	8.27386800
0.95649998	8.27386800
0.95659998	8.27386800
0.95669998	8.27386800
0.95679998	8.27386800
0.95689998	8.27386800
0.95699998	8.27386800
0.95709998	8.27386800
0.95719998	8.27386800
0.95729998	8.27386800
0.95739998	8.27386800
0.95749998	8.18098000
0.95759998	8.18098000
0.95769998	8.27386800
0.95779998	8.18098000
0.95789998	8.18098000
0.95799998	8.18098000
0.95809998	8.18098000
0.95819998	8.18098000
0.95829998	8.18098000
0.95839998	8.18098000
0.95849998	8.18098000
0.95859998	8.18098000
0.95869998	8.18098000
0.95879998	8.18098000
0.95889998	8.18098000
0.95899998	8.18098000
0.95909998	8.18098000
0.95919998	8.18098000
0.95929998	8.18098000
0.95939998	8.18098000
0.95949998	8.18098000
0.95959998	8.08809100
0.95969998	8.08809100
0.95979998	8.08809100
0.95989998	8.08809100
0.95999998	8.08809100
0.96009998	8.08809100
0.96019998	8.08809100
0.96029998	8.08809100
0.96039998	8.08809100
0.96049998	8.08809100
0.96059998	8.08809100
0.96069998	8.08809100
0.96079998	8.08809100
0.96089998	8.08809100
0.96099998	8.08809100
0.96109998	8.08809100
0.96119998	8.08809100
0.96129998	8.08809100
0.96139998	7.99520200
0.96149998	7.99520200
0.96159998	7.99520200
0.96169998	7.99520200
0.96179998	7.99520200
0.96189998	7.99520200
0.96199998	7.99520200
0.96209998	7.99520200
0.96219998	7.99520200
0.96229998	7.99520200
0.96239998	7.90200500
0.96249998	7.90200500
0.96259998	7.90200500
0.96269998	7.99520200
0.96279998	7.90200500
0.96289998	7.90200500
0.96299998	7.90200500
0.96309998	7.90200500
0.96319998	7.90200500
0.96329998	7.90200500
0.96339998	7.90200500
0.96349998	7.90200500
0.96359998	7.90200500
0.96369998	7.90200500
0.96379998	7.80911700
0.96389998	7.80911700
0.96399998	7.80911700
0.96409998	7.80911700
0.96419998	7.80911700
0.96429998	7.80911700
0.96439998	7.80911700
0.96449998	7.80911700
0.96459998	7.80911700
0.96469998	7.80911700
0.96479998	7.80911700
0.96489998	7.80911700
0.96499998	7.80911700
0.96509998	7.71622800
0.96519998	7.71622800
0.96529998	7.71622800
0.96539998	7.71622800
0.96549998	7.71622800
0.96559998	7.71622800
0.96569998	7.71622800
0.96579998	7.71622800
0.96589998	7.71622800
0.96599998	7.71622800
0.96609998	7.71622800
0.96619998	7.71622800
0.96629998	7.71622800
0.96639998	7.71622800
0.96649998	7.71622800
0.96659998	7.62333900
0.96669998	7.62333900
0.96679998	7.62333900
0.96689998	7.62333900
0.96699998	7.62333900
0.96709998	7.62333900
0.96719998	7.62333900
0.96729998	7.62333900
0.96739998	7.62333900
0.96749998	7.62333900
0.96759998	7.62333900
0.96769998	7.62333900
0.96779998	7.62333900
0.96789998	7.62333900
0.96799998	7.62333900
0.96809998	7.53014300
0.96819998	7.62333900
0.96829998	7.53014300
0.96839998	7.62333900
0.96849998	7.53014300
0.96859998	7.53014300
0.96869998	7.53014300
0.96879998	7.53014300
0.96889998	7.53014300
0.96899998	7.53014300
0.96909998	7.53014300
0.96919998	7.53014300
0.96929998	7.53014300
0.96939998	7.53014300
0.96949998	7.53014300
0.96959998	7.43725400
0.96969998	7.53014300
0.96979998	7.43725400
0.96989998	7.43725400
0.96999998	7.43725400
0.97009998	7.43725400
0.97019998	7.43725400
0.97029998	7.43725400
0.97039998	7.43725400
0.97049998	7.43725400
0.97059998	7.43725400
0.97069998	7.43725400
0.97079998	7.43725400
0.97089998	7.43725400
0.97099998	7.34436500
0.97109998	7.34436500
0.97119998	7.43725400
0.97129998	7.34436500
0.97139998	7.34436500
0.97149998	7.34436500
0.97159998	7.34436500
0.97169998	7.34436500
0.97179998	7.34436500
0.97189998	7.34436500
0.97199998	7.34436500
0.97209998	7.34436500
0.97219998	7.34436500
0.97229998	7.34436500
0.97239998	7.34436500
0.97249998	7.34436500
0.97259998	7.34436500
0.97269998	7.34436500
0.97279998	7.25147600
0.97289998	7.25147600
0.97299998	7.25147600
0.97309998	7.25147600
0.97319998	7.25147600
0.97329998	7.25147600
0.97339998	7.25147600
0.97349998	7.25147600
0.97359998	7.15828000
0.97369998	7.15828000
0.97379998	7.15828000
0.97389998	7.15828000
0.97399998	7.15828000
0.97409998	7.15828000
0.97419998	7.15828000
0.97429998	7.15828000
0.97439998	7.15828000
0.97449998	7.15828000
0.97459998	7.15828000
0.97469998	7.15828000
0.97479998	7.15828000
0.97489998	7.15828000
0.97499998	7.06539100
0.97509998	7.06539100
0.97519998	7.06539100
0.97529998	7.06539100
0.97539998	7.06539100
0.97549998	7.06539100
0.97559998	7.06539100
0.97569998	7.06539100
0.97579998	7.06539100
0.97589998	7.06539100
0.97599998	6.97250200
0.97609998	6.97250200
0.97619998	6.97250200
0.97629998	6.97250200
0.97639998	6.97250200
0.97649998	6.97250200
0.97659998	6.97250200
0.97669998	6.97250200
0.97679998	6.87961400
0.97689998	6.87961400
0.97699998	6.97250200
0.97709998	6.87961400
0.97719998	6.87961400
0.97729998	6.87961400
0.97739998	6.87961400
0.97749998	6.87961400
0.97759998	6.87961400
0.97769998	6.87961400
0.97779998	6.87961400
0.97789998	6.78641700
0.97799998	6.87961400
0.97809998	6.78641700
0.97819998	6.87961400
0.97829998	6.78641700
0.97839998	6.78641700
0.97849998	6.87961400
0.97859998	6.78641700
0.97869998	6.78641700
0.97879998	6.78641700
0.97889998	6.78641700
0.97899998	6.78641700
0.97909998	6.78641700
0.97919998	6.78641700
0.97929998	6.78641700
0.97939998	6.78641700
0.97949998	6.78641700
0.97959998	6.78641700
0.97969998	6.78641700
0.97979998	6.78641700
0.97989998	6.78641700
0.97999998	6.78641700
0.98009998	6.69352900
0.98019998	6.69352900
0.98029998	6.69352900
0.98039998	6.69352900
0.98049998	6.69352900
0.98059998	6.69352900
0.98069998	6.69352900
0.98079998	6.69352900
0.98089998	6.60064000
0.98099998	6.60064000
0.98109998	6.60064000
0.98119998	6.60064000
0.98129998	6.60064000
0.98139998	6.60064000
0.98149998	6.60064000
0.98159998	6.60064000
0.98169998	6.60064000
0.98179998	6.60064000
0.98189998	6.60064000
0.98199998	6.60064000
0.98209998	6.60064000
0.98219998	6.60064000
0.98229998	6.60064000
0.98239998	6.50775100
0.98249998	6.50775100
0.98259998	6.60064000
0.98269998	6.50775100
0.98279998	6.50775100
0.98289998	6.50775100
0.98299998	6.50775100
0.98309998	6.50775100
0.98319998	6.50775100
0.98329998	6.50775100
0.98339998	6.50775100
0.98349998	6.41455500
0.98359998	6.50775100
0.98369998	6.41455500
0.98379998	6.41455500
0.98389998	6.41455500
0.98399998	6.41455500
0.98409998	6.41455500
0.98419998	6.41455500
0.98429998	6.41455500
0.98439998	6.41455500
0.98449998	6.41455500
0.98459998	6.41455500
0.98469998	6.41455500
0.98479998	6.41455500
0.98489998	6.32166600
0.98499998	6.32166600
0.98509998	6.32166600
0.98519998	6.32166600
0.98529998	6.32166600
0.98539998	6.32166600
0.98549998	6.32166600
0.98559998	6.32166600
0.98569998	6.32166600
0.98579998	6.32166600
0.98589998	6.32166600
0.98599998	6.32166600
0.98609998	6.32166600
0.98619998	6.32166600
0.98629998	6.22877700
0.98639998	6.22877700
0.98649998	6.22877700
0.98659998	6.22877700
0.98669998	6.22877700
0.98679998	6.22877700
0.98689998	6.22877700
0.98699998	6.22877700
0.98709998	6.22877700
0.98719998	6.22877700
0.98729998	6.22877700
0.98739998	6.22877700
0.98749998	6.13588800
0.98759998	6.22877700
0.98769998	6.13588800
0.98779998	6.13588800
0.98789998	6.22877700
0.98799998	6.13588800
0.98809998	6.13588800
0.98819998	6.13588800
0.98829998	6.13588800
0.98839998	6.13588800
0.98849998	6.13588800
0.98859998	6.13588800
0.98869998	6.13588800
0.98879998	6.13588800
0.98889998	6.04269200
0.98899998	6.13588800
0.98909998	6.04269200
0.98919998	6.04269200
0.98929998	6.04269200
0.98939998	6.04269200
0.98949998	6.04269200
0.98959998	6.04269200
0.98969997	6.04269200
0.98979997	6.04269200
0.98989997	6.04269200
0.98999997	6.04269200
0.99009997	6.04269200
0.99019997	6.04269200
0.99029997	6.04269200
0.99039997	6.04269200
0.99049997	5.94980300
0.99059997	6.04269200
0.99069997	5.94980300
0.99079997	6.04269200
0.99089997	6.04269200
0.99099997	6.04269200
0.99109997	5.94980300
0.99119997	5.94980300
0.99129997	5.94980300
0.99139997	5.94980300
0.99149997	5.94980300
0.99159997	5.94980300
0.99169997	5.94980300
0.99179997	5.94980300
0.99189997	5.94980300
0.99199997	5.94980300
0.99209997	5.94980300
0.99219997	5.94980300
0.99229997	5.94980300
0.99239997	5.94980300
0.99249997	5.94980300
0.99259997	5.94980300
0.99269997	5.85691500
0.99279997	5.94980300
0.99289997	5.85691500
0.99299997	5.85691500
0.99309997	5.94980300
0.99319997	5.85691500
0.99329997	5.85691500
0.99339997	5.85691500
0.99349997	5.85691500
0.99359997	5.85691500
0.99369997	5.85691500
0.99379997	5.85691500
0.99389997	5.85691500
0.99399997	5.85691500
0.99409997	5.85691500
0.99419997	5.85691500
0.99429997	5.85691500
0.99439997	5.85691500
0.99449997	5.85691500
0.99459997	5.85691500
0.99469997	5.85691500
0.99479997	5.85691500
0.99489997	5.85691500
0.99499997	5.85691500
0.99509997	5.85691500
0.99519997	5.76371800
0.99529997	5.85691500
0.99539997	5.85691500
0.99549997	5.85691500
0.99559997	5.85691500
0.99569997	5.85691500
0.99579997	5.85691500
0.99589997	5.76371800
0.99599997	5.76371800
0.99609997	5.76371800
0.99619997	5.76371800
0.99629997	5.76371800
0.99639997	5.76371800
0.99649997	5.76371800
0.99659997	5.76371800
0.99669997	5.76371800
0.99679997	5.76371800
0.99689997	5.76371800
0.99699997	5.76371800
0.99709997	5.76371800
0.99719997	5.76371800
0.99729997	5.76371800
0.99739997	5.76371800
0.99749997	5.76371800
0.99759997	5.76371800
0.99769997	5.76371800
0.99779997	5.76371800
0.99789997	5.76371800
0.99799997	5.76371800
0.99809997	5.76371800
0.99819997	5.76371800
0.99829997	5.76371800
0.99839997	5.76371800
0.99849997	5.76371800
0.99859997	5.76371800
0.99869997	5.76371800
0.99879997	5.76371800
0.99889997	5.76371800
0.99899997	5.76371800
0.99909997	5.67082900
0.99919997	5.67082900
0.99929997	5.76371800
0.99939997	5.76371800
0.99949997	5.76371800
0.99959997	5.76371800
0.99969997	5.76371800
0.99979997	5.67082900
0.99989997	5.67082900
0.99999997	5.67082900
1.00009997	5.67082900
1.00019997	5.67082900
1.00029997	5.76371800
1.00039997	5.76371800
1.00049997	5.76371800
1.00059997	5.67082900
1.00069997	5.76371800
1.00079997	5.76371800
1.00089997	5.76371800
1.00099997	5.67082900
1.00109997	5.67082900
1.00119997	5.67082900
1.00129997	5.67082900
1.00139997	5.67082900
1.00149997	5.67082900
1.00159997	5.67082900
1.00169997	5.76371800
1.00179997	5.67082900
1.00189997	5.67082900
1.00199997	5.67082900
1.00209997	5.67082900
1.00219997	5.67082900
1.00229997	5.67082900
1.00239997	5.67082900
1.00249997	5.67082900
1.00259997	5.67082900
1.00269997	5.67082900
1.00279997	5.67082900
1.00289997	5.67082900
1.00299997	5.67082900
1.00309997	5.67082900
1.00319997	5.67082900
1.00329997	5.67082900
1.00339997	5.67082900
1.00349997	5.67082900
1.00359997	5.67082900
1.00369997	5.67082900
1.00379997	5.67082900
1.00389997	5.67082900
1.00399997	5.67082900
1.00409997	5.67082900
1.00419997	5.67082900
1.00429997	5.67082900
1.00439997	5.67082900
1.00449997	5.67082900
1.00459997	5.67082900
1.00469997	5.67082900
1.00479997	5.67082900
1.00489997	5.67082900
1.00499997	5.67082900
1.00509997	5.67082900
1.00519997	5.67082900
1.00529997	5.67082900
1.00539997	5.67082900
1.00549997	5.67082900
1.00559997	5.67082900
1.00569997	5.67082900
1.00579997	5.67082900
1.00589997	5.67082900
1.00599997	5.67082900
1.00609997	5.67082900
1.00619997	5.67082900
1.00629997	5.67082900
1.00639997	5.67082900
1.00649997	5.67082900
1.00659997	5.67082900
1.00669997	5.67082900
1.00679997	5.67082900
1.00689997	5.67082900
1.00699997	5.67082900
1.00709997	5.67082900
1.00719997	5.67082900
1.00729997	5.67082900
1.00739997	5.67082900
1.00749997	5.67082900
1.00759997	5.67082900
1.00769997	5.76371800
1.00779997	5.76371800
1.00789997	5.76371800
1.00799997	5.76371800
1.00809997	5.76371800
1.00819997	5.67082900
1.00829997	5.67082900
1.00839997	5.67082900
1.00849997	5.67082900
1.00859997	5.67082900
1.00869997	5.67082900
1.00879997	5.76371800
1.00889997	5.76371800
1.00899997	5.76371800
1.00909997	5.76371800
1.00919997	5.76371800
1.00929997	5.76371800
1.00939997	5.76371800
1.00949997	5.76371800
1.00959997	5.76371800
1.00969997	5.76371800
1.00979997	5.76371800
1.00989997	5.76371800
1.00999997	5.76371800
1.01009997	5.76371800
1.01019997	5.76371800
1.01029997	5.76371800
1.01039997	5.76371800
1.01049997	5.76371800
1.01059997	5.76371800
1.01069997	5.76371800
1.01079997	5.76371800
1.01089997	5.76371800
1.01099997	5.76371800
1.01109997	5.76371800
1.01119997	5.85691500
1.01129997	5.76371800
1.01139997	5.76371800
1.01149997	5.76371800
1.01159997	5.76371800
1.01169997	5.76371800
1.01179997	5.76371800
1.01189997	5.76371800
1.01199997	5.85691500
1.01209997	5.76371800
1.01219997	5.85691500
1.01229997	5.85691500
1.01239997	5.85691500
1.01249997	5.85691500
1.01259997	5.85691500
1.01269997	5.76371800
1.01279997	5.85691500
1.01289997	5.85691500
1.01299997	5.85691500
1.01309997	5.85691500
1.01319997	5.85691500
1.01329997	5.85691500
1.01339997	5.85691500
1.01349997	5.85691500
1.01359997	5.85691500
1.01369997	5.85691500
1.01379997	5.85691500
1.01389997	5.85691500
1.01399997	5.85691500
1.01409997	5.85691500
1.01419997	5.85691500
1.01429997	5.85691500
1.01439997	5.85691500
1.01449997	5.94980300
1.01459997	5.94980300
1.01469997	5.94980300
1.01479997	5.94980300
1.01489997	5.94980300
1.01499997	5.94980300
1.01509997	5.94980300
1.01519997	5.94980300
1.01529997	5.94980300
1.01539997	5.94980300
1.01549997	5.94980300
1.01559997	5.94980300
1.01569997	5.94980300
1.01579997	5.94980300
1.01589997	6.04269200
1.01599997	5.94980300
1.01609997	5.94980300
1.01619997	6.04269200
1.01629997	6.04269200
1.01639997	6.04269200
1.01649997	6.04269200
1.01659997	6.04269200
1.01669997	6.04269200
1.01679997	6.04269200
1.01689997	6.04269200
1.01699997	6.04269200
1.01709997	6.04269200
1.01719997	6.04269200
1.01729997	6.04269200
1.01739997	6.04269200
1.01749997	6.04269200
1.01759997	6.04269200
1.01769997	6.04269200
1.01779997	6.13588800
1.01789997	6.04269200
1.01799997	6.04269200
1.01809997	6.04269200
1.01819997	6.04269200
1.01829997	6.04269200
1.01839997	6.04269200
1.01849997	6.04269200
1.01859997	6.04269200
1.01869997	6.04269200
1.01879997	6.04269200
1.01889997	6.04269200
1.01899997	6.04269200
1.01909997	6.13588800
1.01919997	6.13588800
1.01929997	6.13588800
1.01939997	6.13588800
1.01949997	6.13588800
1.01959997	6.13588800
1.01969997	6.13588800
1.01979997	6.13588800
1.01989997	6.13588800
1.01999997	6.13588800
1.02009997	6.13588800
1.02019997	6.13588800
1.02029997	6.13588800
1.02039997	6.13588800
1.02049997	6.13588800
1.02059997	6.13588800
1.02069997	6.22877700
1.02079997	6.13588800
1.02089997	6.22877700
1.02099997	6.22877700
1.02109997	6.22877700
1.02119997	6.22877700
1.02129997	6.22877700
1.02139997	6.22877700
1.02149997	6.22877700
1.02159997	6.22877700
1.02169997	6.22877700
1.02179997	6.22877700
1.02189997	6.22877700
1.02199997	6.22877700
1.02209997	6.22877700
1.02219997	6.22877700
1.02229997	6.32166600
1.02239997	6.32166600
1.02249997	6.32166600
1.02259997	6.32166600
1.02269997	6.32166600
1.02279997	6.32166600
1.02289997	6.32166600
1.02299997	6.32166600
1.02309997	6.32166600
1.02319997	6.32166600
1.02329997	6.41455500
1.02339997	6.32166600
1.02349997	6.32166600
1.02359997	6.41455500
1.02369997	6.32166600
1.02379997	6.41455500
1.02389997	6.41455500
1.02399997	6.41455500
1.02409997	6.41455500
1.02419997	6.41455500
1.02429997	6.32166600
1.02439997	6.41455500
1.02449997	6.41455500
1.02459997	6.41455500
1.02469997	6.41455500
1.02479997	6.41455500
1.02489997	6.41455500
1.02499997	6.41455500
1.02509997	6.41455500
1.02519997	6.41455500
1.02529997	6.41455500
1.02539997	6.41455500
1.02549997	6.41455500
1.02559997	6.41455500
1.02569997	6.41455500
1.02579997	6.41455500
1.02589997	6.50775100
1.02599997	6.50775100
1.02609997	6.41455500
1.02619997	6.50775100
1.02629997	6.50775100
1.02639997	6.50775100
1.02649997	6.50775100
1.02659997	6.50775100
1.02669997	6.50775100
1.02679997	6.50775100
1.02689997	6.50775100
1.02699997	6.50775100
1.02709997	6.50775100
1.02719997	6.50775100
1.02729997	6.50775100
1.02739997	6.60064000
1.02749997	6.60064000
1.02759997	6.60064000
1.02769997	6.60064000
1.02779997	6.60064000
1.02789997	6.60064000
1.02799997	6.60064000
1.02809997	6.60064000
1.02819997	6.60064000
1.02829997	6.69352900
1.02839997	6.69352900
1.02849997	6.69352900
1.02859997	6.69352900
1.02869997	6.69352900
1.02879997	6.69352900
1.02889997	6.69352900
1.02899997	6.69352900
1.02909997	6.69352900
1.02919997	6.78641700
1.02929997	6.78641700
1.02939997	6.78641700
1.02949997	6.78641700
1.02959997	6.78641700
1.02969997	6.78641700
1.02979997	6.78641700
1.02989997	6.78641700
1.02999997	6.78641700
1.03009997	6.87961400
1.03019997	6.87961400
1.03029997	6.87961400
1.03039997	6.87961400
1.03049997	6.87961400
1.03059997	6.87961400
1.03069997	6.87961400
1.03079997	6.87961400
1.03089997	6.87961400
1.03099997	6.87961400
1.03109997	6.87961400
1.03119997	6.87961400
1.03129997	6.87961400
1.03139997	6.87961400
1.03149997	6.87961400
1.03159997	6.87961400
1.03169997	6.97250200
1.03179997	6.87961400
1.03189997	6.87961400
1.03199997	6.87961400
1.03209997	6.87961400
1.03219997	6.97250200
1.03229997	6.87961400
1.03239997	6.87961400
1.03249997	6.87961400
1.03259997	6.97250200
1.03269997	6.97250200
1.03279997	6.97250200
1.03289997	6.87961400
1.03299997	6.97250200
1.03309997	6.97250200
1.03319997	6.97250200
1.03329997	6.97250200
1.03339997	6.97250200
1.03349997	6.97250200
1.03359997	6.97250200
1.03369997	6.97250200
1.03379997	7.06539100
1.03389997	7.06539100
1.03399997	7.06539100
1.03409997	6.97250200
1.03419997	7.06539100
1.03429997	7.06539100
1.03439997	7.06539100
1.03449997	7.06539100
1.03459997	7.15828000
1.03469997	7.06539100
1.03479997	7.15828000
1.03489997	7.06539100
1.03499997	7.15828000
1.03509997	7.15828000
1.03519997	7.15828000
1.03529997	7.15828000
1.03539997	7.15828000
1.03549997	7.15828000
1.03559997	7.25147600
1.03569997	7.25147600
1.03579997	7.25147600
1.03589997	7.25147600
1.03599997	7.25147600
1.03609997	7.34436500
1.03619997	7.25147600
1.03629997	7.34436500
1.03639997	7.34436500
1.03649997	7.34436500
1.03659997	7.34436500
1.03669997	7.34436500
1.03679997	7.34436500
1.03689997	7.34436500
1.03699997	7.34436500
1.03709997	7.34436500
1.03719997	7.34436500
1.03729997	7.34436500
1.03739997	7.43725400
1.03749997	7.34436500
1.03759997	7.43725400
1.03769997	7.43725400
1.03779997	7.43725400
1.03789997	7.43725400
1.03799997	7.43725400
1.03809997	7.43725400
1.03819997	7.43725400
1.03829997	7.43725400
1.03839997	7.43725400
1.03849997	7.43725400
1.03859997	7.43725400
1.03869997	7.43725400
1.03879997	7.43725400
1.03889997	7.43725400
1.03899997	7.53014300
1.03909997	7.43725400
1.03919997	7.43725400
1.03929997	7.43725400
1.03939997	7.43725400
1.03949997	7.43725400
1.03959997	7.43725400
1.03969997	7.43725400
1.03979997	7.43725400
1.03989997	7.43725400
1.03999997	7.43725400
1.04009997	7.43725400
1.04019997	7.53014300
1.04029997	7.53014300
1.04039997	7.43725400
1.04049997	7.43725400
1.04059997	7.53014300
1.04069997	7.43725400
1.04079997	7.53014300
1.04089997	7.53014300
1.04099997	7.53014300
1.04109997	7.53014300
1.04119997	7.53014300
1.04129997	7.53014300
1.04139997	7.53014300
1.04149997	7.53014300
1.04159997	7.53014300
1.04169997	7.53014300
1.04179997	7.53014300
1.04189997	7.53014300
1.04199997	7.53014300
1.04209997	7.53014300
1.04219997	7.62333900
1.04229997	7.62333900
1.04239997	7.62333900
1.04249997	7.62333900
1.04259997	7.62333900
1.04269997	7.62333900
1.04279997	7.62333900
1.04289997	7.62333900
1.04299997	7.62333900
1.04309997	7.62333900
1.04319997	7.71622800
1.04329997	7.71622800
1.04339997	7.71622800
1.04349997	7.71622800
1.04359997	7.71622800
1.04369997	7.71622800
1.04379997	7.71622800
1.04389997	7.71622800
1.04399997	7.71622800
1.04409997	7.80911700
1.04419997	7.80911700
1.04429997	7.71622800
1.04439997	7.80911700
1.04449997	7.80911700
1.04459997	7.80911700
1.04469997	7.80911700
1.04479997	7.80911700
1.04489997	7.80911700
1.04499997	7.80911700
1.04509997	7.80911700
1.04519997	7.80911700
1.04529997	7.80911700
1.04539997	7.90200500
1.04549997	7.90200500
1.04559997	7.90200500
1.04569997	7.90200500
1.04579997	7.90200500
1.04589997	7.90200500
1.04599997	7.90200500
1.04609997	7.90200500
1.04619997	7.90200500
1.04629997	7.90200500
1.04639997	7.90200500
1.04649997	7.90200500
1.04659997	7.90200500
1.04669997	7.90200500
1.04679997	7.90200500
1.04689997	7.90200500
1.04699997	7.90200500
1.04709997	7.99520200
1.04719997	7.90200500
1.04729997	7.99520200
1.04739997	7.90200500
1.04749997	7.90200500
1.04759997	7.99520200
1.04769997	7.99520200
1.04779997	7.99520200
1.04789997	7.99520200
1.04799997	7.99520200
1.04809997	7.99520200
1.04819997	7.99520200
1.04829997	7.99520200
1.04839997	7.99520200
1.04849997	7.99520200
1.04859997	7.99520200
1.04869997	7.99520200
1.04879997	7.99520200
1.04889997	7.99520200
1.04899997	7.99520200
1.04909997	7.99520200
1.04919997	8.08809100
1.04929997	7.99520200
1.04939997	7.99520200
1.04949997	8.08809100
1.04959997	7.99520200
1.04969997	8.08809100
1.04979997	8.08809100
1.04989997	8.08809100
1.04999997	8.08809100
1.05009997	8.08809100
1.05019997	8.08809100
1.05029997	8.08809100
1.05039997	8.08809100
1.05049997	8.08809100
1.05059997	8.08809100
1.05069997	8.08809100
1.05079997	8.08809100
1.05089997	8.08809100
1.05099997	8.08809100
1.05109997	8.08809100
1.05119997	8.08809100
1.05129997	8.08809100
1.05139997	8.08809100
1.05149997	8.08809100
1.05159997	8.08809100
1.05169997	8.08809100
1.05179997	8.08809100
1.05189997	8.08809100
1.05199997	8.08809100
1.05209997	8.08809100
1.05219997	8.08809100
1.05229997	8.18098000
1.05239997	8.08809100
1.05249997	8.18098000
1.05259997	8.18098000
1.05269997	8.18098000
1.05279997	8.18098000
1.05289997	8.18098000
1.05299997	8.18098000
1.05309997	8.18098000
1.05319997	8.18098000
1.05329997	8.18098000
1.05339997	8.18098000
1.05349997	8.18098000
1.05359997	8.18098000
1.05369997	8.18098000
1.05379997	8.18098000
1.05389997	8.18098000
1.05399997	8.18098000
1.05409997	8.18098000
1.05419997	8.18098000
1.05429997	8.18098000
1.05439997	8.18098000
1.05449997	8.18098000
1.05459997	8.27386800
1.05469997	8.18098000
1.05479997	8.18098000
1.05489997	8.27386800
1.05499997	8.27386800
1.05509997	8.27386800
1.05519997	8.27386800
1.05529997	8.27386800
1.05539997	8.27386800
1.05549997	8.27386800
1.05559997	8.27386800
1.05569997	8.27386800
1.05579997	8.27386800
1.05589997	8.27386800
1.05599997	8.27386800
1.05609997	8.27386800
1.05619997	8.27386800
1.05629997	8.27386800
1.05639997	8.27386800
1.05649997	8.27386800
1.05659997	8.27386800
1.05669997	8.27386800
1.05679997	8.27386800
1.05689997	8.27386800
1.05699997	8.36706400
1.05709997	8.36706400
1.05719997	8.36706400
1.05729997	8.36706400
1.05739997	8.36706400
1.05749997	8.36706400
1.05759997	8.36706400
1.05769997	8.36706400
1.05779997	8.36706400
1.05789997	8.36706400
1.05799997	8.36706400
1.05809997	8.36706400
1.05819997	8.36706400
1.05829997	8.36706400
1.05839997	8.36706400
1.05849997	8.36706400
1.05859997	8.36706400
1.05869997	8.36706400
1.05879997	8.36706400
1.05889997	8.36706400
1.05899997	8.36706400
1.05909997	8.36706400
1.05919997	8.36706400
1.05929997	8.36706400
1.05939997	8.36706400
1.05949997	8.36706400
1.05959997	8.36706400
1.05969997	8.36706400
1.05979997	8.36706400
1.05989997	8.36706400
1.05999997	8.36706400
1.06009997	8.45995300
1.06019997	8.36706400
1.06029997	8.36706400
1.06039997	8.36706400
1.06049997	8.36706400
1.06059997	8.36706400
1.06069997	8.36706400
1.06079997	8.36706400
1.06089997	8.36706400
1.06099997	8.36706400
1.06109997	8.36706400
1.06119997	8.36706400
1.06129997	8.36706400
1.06139997	8.36706400
1.06149997	8.36706400
1.06159997	8.45995300
1.06169997	8.36706400
1.06179997	8.45995300
1.06189997	8.45995300
1.06199997	8.36706400
1.06209997	8.36706400
1.06219997	8.36706400
1.06229997	8.36706400
1.06239997	8.45995300
1.06249997	8.45995300
1.06259997	8.36706400
1.06269997	8.45995300
1.06279997	8.45995300
1.06289997	8.45995300
1.06299997	8.45995300
1.06309997	8.45995300
1.06319997	8.36706400
1.06329997	8.45995300
1.06339997	8.45995300
1.06349997	8.45995300
1.06359997	8.45995300
1.06369997	8.45995300
1.06379997	8.45995300
1.06389997	8.45995300
1.06399997	8.36706400
1.06409997	8.45995300
1.06419997	8.45995300
1.06429997	8.45995300
1.06439997	8.45995300
1.06449997	8.36706400
1.06459997	8.36706400
1.06469997	8.36706400
1.06479997	8.45995300
1.06489997	8.36706400
1.06499997	8.45995300
1.06509997	8.36706400
1.06519997	8.45995300
1.06529997	8.36706400
1.06539997	8.45995300
1.06549997	8.36706400
1.06559997	8.45995300
1.06569997	8.45995300
1.06579997	8.36706400
1.06589997	8.36706400
1.06599997	8.45995300
1.06609997	8.45995300
1.06619997	8.36706400
1.06629997	8.45995300
1.06639997	8.45995300
1.06649997	8.45995300
1.06659997	8.45995300
1.06669997	8.45995300
1.06679997	8.45995300
1.06689997	8.36706400
1.06699997	8.36706400
1.06709997	8.45995300
1.06719997	8.36706400
1.06729997	8.45995300
1.06739997	8.36706400
1.06749997	8.36706400
1.06759997	8.45995300
1.06769997	8.36706400
1.06779997	8.36706400
1.06789997	8.36706400
1.06799997	8.45995300
1.06809997	8.45995300
1.06819997	8.36706400
1.06829997	8.36706400
1.06839997	8.36706400
1.06849997	8.45995300
1.06859997	8.36706400
1.06869997	8.36706400
1.06879997	8.36706400
1.06889997	8.36706400
1.06899997	8.36706400
1.06909997	8.36706400
1.06919997	8.36706400
1.06929997	8.36706400
1.06939997	8.36706400
1.06949997	8.36706400
1.06959997	8.36706400
1.06969997	8.36706400
1.06979997	8.36706400
1.06989997	8.36706400
1.06999997	8.36706400
1.07009997	8.36706400
1.07019997	8.36706400
1.07029997	8.36706400
1.07039997	8.36706400
1.07049997	8.36706400
1.07059997	8.36706400
1.07069997	8.36706400
1.07079997	8.36706400
1.07089997	8.36706400
1.07099997	8.36706400
1.07109997	8.36706400
1.07119997	8.36706400
1.07129997	8.36706400
1.07139997	8.36706400
1.07149997	8.36706400
1.07159997	8.36706400
1.07169997	8.36706400
1.07179997	8.36706400
1.07189997	8.36706400
1.07199997	8.36706400
1.07209997	8.36706400
1.07219997	8.36706400
1.07229997	8.36706400
1.07239997	8.36706400
1.07249997	8.36706400
1.07259997	8.36706400
1.07269997	8.36706400
1.07279997	8.36706400
1.07289997	8.27386800
1.07299997	8.36706400
1.07309997	8.27386800
1.07319997	8.36706400
1.07329997	8.27386800
1.07339997	8.27386800
1.07349997	8.27386800
1.07359997	8.27386800
1.07369997	8.36706400
1.07379997	8.27386800
1.07389997	8.27386800
1.07399997	8.27386800
1.07409997	8.27386800
1.07419997	8.27386800
1.07429997	8.27386800
1.07439997	8.27386800
1.07449997	8.27386800
1.07459997	8.27386800
1.07469997	8.27386800
1.07479997	8.27386800
1.07489997	8.27386800
1.07499997	8.27386800
1.07509997	8.27386800
1.07519997	8.27386800
1.07529997	8.27386800
1.07539997	8.27386800
1.07549997	8.18098000
1.07559997	8.27386800
1.07569997	8.27386800
1.07579997	8.18098000
1.07589997	8.18098000
1.07599997	8.18098000
1.07609997	8.18098000
1.07619997	8.27386800
1.07629997	8.18098000
1.07639997	8.27386800
1.07649997	8.18098000
1.07659997	8.18098000
1.07669997	8.18098000
1.07679997	8.18098000
1.07689997	8.18098000
1.07699997	8.18098000
1.07709997	8.18098000
1.07719997	8.18098000
1.07729997	8.18098000
1.07739997	8.18098000
1.07749997	8.18098000
1.07759997	8.18098000
1.07769997	8.18098000
1.07779997	8.18098000
1.07789997	8.18098000
1.07799997	8.18098000
1.07809997	8.18098000
1.07819997	8.18098000
1.07829997	8.08809100
1.07839997	8.08809100
1.07849997	8.18098000
1.07859997	8.18098000
1.07869997	8.18098000
1.07879997	8.08809100
1.07889997	8.08809100
1.07899997	8.08809100
1.07909997	8.08809100
1.07919997	8.08809100
1.07929997	8.08809100
1.07939997	8.08809100
1.07949997	8.08809100
1.07959997	8.08809100
1.07969997	8.08809100
1.07979997	8.08809100
1.07989997	8.08809100
1.07999997	8.08809100
1.08009997	8.08809100
1.08019997	8.08809100
1.08029997	8.08809100
1.08039997	8.08809100
1.08049997	8.08809100
1.08059997	8.08809100
1.08069997	7.99520200
1.08079997	7.99520200
1.08089997	8.08809100
1.08099997	7.99520200
1.08109997	8.08809100
1.08119997	8.08809100
1.08129997	7.99520200
1.08139997	7.99520200
1.08149997	7.99520200
1.08159997	7.99520200
1.08169997	7.99520200
1.08179997	7.99520200
1.08189997	7.99520200
1.08199997	7.99520200
1.08209997	7.99520200
1.08219997	7.99520200
1.08229997	7.99520200
1.08239997	7.99520200
1.08249997	7.99520200
1.08259997	7.99520200
1.08269997	7.99520200
1.08279997	7.99520200
1.08289997	7.90200500
1.08299997	7.99520200
1.08309997	7.90200500
1.08319997	7.90200500
1.08329997	7.90200500
1.08339997	7.90200500
1.08349997	7.90200500
1.08359997	7.90200500
1.08369997	7.90200500
1.08379997	7.90200500
1.08389997	7.90200500
1.08399997	7.90200500
1.08409997	7.80911700
1.08419997	7.80911700
1.08429997	7.80911700
1.08439997	7.80911700
1.08449997	7.80911700
1.08459997	7.80911700
1.08469997	7.80911700
1.08479997	7.80911700
1.08489997	7.80911700
1.08499997	7.80911700
1.08509997	7.80911700
1.08519997	7.80911700
1.08529997	7.80911700
1.08539997	7.71622800
1.08549997	7.71622800
1.08559997	7.71622800
1.08569997	7.71622800
1.08579997	7.71622800
1.08589997	7.71622800
1.08599997	7.71622800
1.08609997	7.71622800
1.08619997	7.71622800
1.08629997	7.71622800
1.08639997	7.71622800
1.08649997	7.71622800
1.08659997	7.62333900
1.08669997	7.62333900
1.08679997	7.62333900
1.08689997	7.62333900
1.08699997	7.62333900
1.08709997	7.62333900
1.08719997	7.62333900
1.08729997	7.62333900
1.08739997	7.62333900
1.08749997	7.62333900
1.08759997	7.62333900
1.08769997	7.53014300
1.08779997	7.62333900
1.08789997	7.53014300
1.08799997	7.53014300
1.08809997	7.62333900
1.08819997	7.53014300
1.08829997	7.53014300
1.08839997	7.53014300
1.08849997	7.53014300
1.08859997	7.53014300
1.08869997	7.53014300
1.08879997	7.53014300
1.08889997	7.53014300
1.08899997	7.53014300
1.08909997	7.43725400
1.08919997	7.43725400
1.08929997	7.43725400
1.08939997	7.43725400
1.08949997	7.43725400
1.08959997	7.43725400
1.08969997	7.43725400
1.08979997	7.43725400
1.08989997	7.43725400
1.08999997	7.43725400
1.09009997	7.43725400
1.09019997	7.43725400
1.09029997	7.43725400
1.09039997	7.43725400
1.09049997	7.43725400
1.09059997	7.43725400
1.09069997	7.34436500
1.09079997	7.43725400
1.09089997	7.43725400
1.09099997	7.34436500
1.09109997	7.34436500
1.09119997	7.34436500
1.09129997	7.34436500
1.09139997	7.34436500
1.09149997	7.34436500
1.09159997	7.34436500
1.09169997	7.34436500
1.09179997	7.34436500
1.09189997	7.34436500
1.09199997	7.34436500
1.09209997	7.34436500
1.09219997	7.34436500
1.09229997	7.34436500
1.09239997	7.34436500
1.09249997	7.34436500
1.09259997	7.34436500
1.09269997	7.34436500
1.09279997	7.25147600
1.09289997	7.25147600
1.09299997	7.25147600
1.09309997	7.25147600
1.09319997	7.25147600
1.09329997	7.25147600
1.09339997	7.25147600
1.09349997	7.25147600
1.09359997	7.25147600
1.09369997	7.25147600
1.09379997	7.25147600
1.09389997	7.25147600
1.09399997	7.15828000
1.09409997	7.15828000
1.09419997	7.15828000
1.09429997	7.15828000
1.09439997	7.15828000
1.09449997	7.15828000
1.09459997	7.15828000
1.09469997	7.15828000
1.09479997	7.15828000
1.09489997	7.15828000
1.09499997	7.15828000
1.09509997	7.06539100
1.09519997	7.06539100
1.09529997	7.06539100
1.09539997	7.06539100
1.09549997	7.06539100
1.09559997	7.06539100
1.09569997	7.06539100
1.09579997	7.06539100
1.09589997	7.06539100
1.09599997	7.06539100
1.09609997	6.97250200
1.09619997	6.97250200
1.09629997	7.06539100
1.09639997	6.97250200
1.09649997	6.97250200
1.09659997	6.97250200
1.09669997	6.97250200
1.09679997	6.97250200
1.09689997	6.97250200
1.09699997	6.97250200
1.09709997	6.97250200
1.09719997	6.97250200
1.09729997	6.97250200
1.09739997	6.97250200
1.09749997	6.97250200
1.09759997	6.87961400
1.09769997	6.87961400
1.09779997	6.87961400
1.09789997	6.87961400
1.09799997	6.87961400
1.09809997	6.87961400
1.09819997	6.87961400
1.09829997	6.87961400
1.09839997	6.87961400
1.09849997	6.87961400
1.09859997	6.87961400
1.09869997	6.87961400
1.09879997	6.87961400
1.09889997	6.87961400
1.09899997	6.87961400
1.09909997	6.87961400
1.09919997	6.87961400
1.09929997	6.87961400
1.09939997	6.78641700
1.09949997	6.87961400
1.09959997	6.87961400
1.09969997	6.87961400
1.09979997	6.87961400
1.09989997	6.78641700
1.09999997	6.78641700
1.10009997	6.78641700
1.10019997	6.87961400
1.10029997	6.78641700
1.10039997	6.78641700
1.10049997	6.78641700
1.10059997	6.78641700
1.10069997	6.78641700
1.10079997	6.87961400
1.10089997	6.78641700
1.10099997	6.78641700
1.10109997	6.78641700
1.10119997	6.78641700
1.10129997	6.78641700
1.10139997	6.78641700
1.10149997	6.78641700
1.10159997	6.78641700
1.10169997	6.78641700
1.10179997	6.69352900
1.10189997	6.78641700
1.10199997	6.78641700
1.10209997	6.78641700
1.10219997	6.78641700
1.10229997	6.69352900
1.10239997	6.78641700
1.10249997	6.69352900
1.10259997	6.69352900
1.10269997	6.69352900
1.10279997	6.69352900
1.10289997	6.69352900
1.10299997	6.69352900
1.10309997	6.69352900
1.10319997	6.69352900
1.10329997	6.69352900
1.10339997	6.69352900
1.10349997	6.69352900
1.10359997	6.60064000
1.10369997	6.60064000
1.10379997	6.60064000
1.10389997	6.60064000
1.10399997	6.60064000
1.10409997	6.60064000
1.10419997	6.60064000
1.10429997	6.60064000
1.10439997	6.60064000
1.10449997	6.60064000
1.10459997	6.50775100
1.10469997	6.60064000
1.10479997	6.50775100
1.10489997	6.50775100
1.10499997	6.50775100
1.10509997	6.50775100
1.10519997	6.50775100
1.10529997	6.41455500
1.10539997	6.50775100
1.10549997	6.41455500
1.10559997	6.41455500
1.10569997	6.41455500
1.10579997	6.41455500
1.10589997	6.41455500
1.10599997	6.41455500
1.10609997	6.41455500
1.10619997	6.41455500
1.10629997	6.41455500
1.10639997	6.41455500
1.10649997	6.41455500
1.10659997	6.41455500
1.10669997	6.32166600
1.10679997	6.32166600
1.10689997	6.32166600
1.10699997	6.32166600
1.10709997	6.32166600
1.10719997	6.32166600
1.10729997	6.32166600
1.10739997	6.32166600
1.10749997	6.32166600
1.10759997	6.32166600
1.10769997	6.32166600
1.10779997	6.32166600
1.10789997	6.22877700
1.10799997	6.22877700
1.10809997	6.22877700
1.10819997	6.22877700
1.10829997	6.22877700
1.10839997	6.22877700
1.10849997	6.22877700
1.10859997	6.22877700
1.10869997	6.22877700
1.10879997	6.22877700
1.10889997	6.22877700
1.10899997	6.22877700
1.10909997	6.22877700
1.10919997	6.22877700
1.10929997	6.13588800
1.10939997	6.22877700
1.10949997	6.22877700
1.10959997	6.22877700
1.10969997	6.13588800
1.10979997	6.13588800
1.10989997	6.13588800
1.10999997	6.13588800
1.11009997	6.13588800
1.11019997	6.13588800
1.11029997	6.13588800
1.11039997	6.13588800
1.11049997	6.13588800
1.11059997	6.13588800
1.11069997	6.13588800
1.11079997	6.13588800
1.11089997	6.13588800
1.11099997	6.13588800
1.11109997	6.13588800
1.11119997	6.13588800
1.11129997	6.13588800
1.11139997	6.13588800
1.11149997	6.13588800
1.11159997	6.13588800
1.11169997	6.04269200
1.11179997	6.04269200
1.11189997	6.04269200
1.11199997	6.04269200
1.11209997	6.13588800
1.11219997	6.04269200
1.11229997	6.04269200
1.11239997	6.04269200
1.11249997	6.04269200
1.11259997	6.04269200
1.11269997	6.04269200
1.11279997	6.04269200
1.11289997	6.04269200
1.11299997	6.04269200
1.11309997	6.04269200
1.11319997	6.04269200
1.11329997	6.04269200
1.11339997	6.04269200
1.11349997	6.04269200
1.11359997	5.94980300
1.11369997	6.04269200
1.11379997	5.94980300
1.11389997	5.94980300
1.11399997	6.04269200
1.11409997	5.94980300
1.11419997	5.94980300
1.11429997	5.94980300
1.11439997	5.94980300
1.11449997	5.94980300
1.11459997	5.94980300
1.11469997	5.94980300
1.11479997	5.94980300
1.11489997	5.94980300
1.11499997	5.94980300
1.11509997	5.94980300
1.11519997	5.94980300
1.11529997	5.94980300
1.11539997	5.94980300
1.11549997	5.85691500
1.11559997	5.85691500
1.11569997	5.85691500
1.11579997	5.94980300
1.11589997	5.85691500
1.11599997	5.85691500
1.11609997	5.85691500
1.11619997	5.85691500
1.11629997	5.85691500
1.11639997	5.85691500
1.11649997	5.85691500
1.11659997	5.85691500
1.11669997	5.85691500
1.11679997	5.85691500
1.11689997	5.85691500
1.11699997	5.85691500
1.11709997	5.85691500
1.11719997	5.85691500
1.11729997	5.85691500
1.11739997	5.85691500
1.11749997	5.85691500
1.11759997	5.85691500
1.11769997	5.85691500
1.11779997	5.85691500
1.11789997	5.85691500
1.11799997	5.85691500
1.11809997	5.85691500
1.11819997	5.85691500
1.11829997	5.85691500
1.11839997	5.85691500
1.11849997	5.85691500
1.11859997	5.85691500
1.11869997	5.76371800
1.11879997	5.85691500
1.11889997	5.85691500
1.11899997	5.85691500
1.11909997	5.85691500
1.11919997	5.85691500
1.11929997	5.76371800
1.11939997	5.85691500
1.11949997	5.76371800
1.11959997	5.76371800
1.11969997	5.76371800
1.11979997	5.76371800
1.11989997	5.76371800
1.11999997	5.76371800
1.12009997	5.76371800
1.12019997	5.76371800
1.12029997	5.76371800
1.12039997	5.76371800
1.12049997	5.76371800
1.12059997	5.76371800
1.12069997	5.76371800
1.12079997	5.76371800
1.12089997	5.76371800
1.12099997	5.76371800
1.12109997	5.76371800
1.12119997	5.76371800
1.12129997	5.76371800
1.12139997	5.76371800
1.12149997	5.76371800
1.12159997	5.76371800
1.12169997	5.76371800
1.12179997	5.76371800
1.12189997	5.76371800
1.12199997	5.76371800
1.12209997	5.76371800
1.12219997	5.76371800
1.12229997	5.76371800
1.12239997	5.76371800
1.12249997	5.76371800
1.12259997	5.76371800
1.12269997	5.76371800
1.12279997	5.76371800
1.12289997	5.76371800
1.12299997	5.76371800
1.12309997	5.67082900
1.12319997	5.76371800
1.12329997	5.76371800
1.12339997	5.76371800
1.12349997	5.76371800
1.12359997	5.76371800
1.12369997	5.67082900
1.12379997	5.67082900
1.12389997	5.76371800
1.12399997	5.67082900
1.12409997	5.67082900
1.12419997	5.67082900
1.12429997	5.67082900
1.12439997	5.76371800
1.12449997	5.76371800
1.12459997	5.67082900
1.12469997	5.67082900
1.12479997	5.67082900
1.12489997	5.67082900
1.12499997	5.67082900
1.12509997	5.67082900
1.12519997	5.67082900
1.12529997	5.67082900
1.12539997	5.67082900
1.12549997	5.67082900
1.12559997	5.67082900
1.12569997	5.67082900
1.12579997	5.67082900
1.12589997	5.67082900
1.12599997	5.67082900
1.12609997	5.67082900
1.12619997	5.67082900
1.12629997	5.67082900
1.12639997	5.67082900
1.12649997	5.67082900
1.12659997	5.67082900
1.12669997	5.67082900
1.12679997	5.67082900
1.12689997	5.67082900
1.12699997	5.67082900
1.12709997	5.67082900
1.12719997	5.67082900
1.12729997	5.67082900
1.12739997	5.67082900
1.12749997	5.67082900
1.12759997	5.67082900
1.12769997	5.67082900
1.12779997	5.67082900
1.12789997	5.67082900
1.12799997	5.67082900
1.12809997	5.67082900
1.12819997	5.67082900
1.12829997	5.67082900
1.12839997	5.67082900
1.12849997	5.67082900
1.12859997	5.67082900
1.12869997	5.67082900
1.12879997	5.67082900
1.12889997	5.67082900
1.12899997	5.67082900
1.12909997	5.67082900
1.12919997	5.67082900
1.12929997	5.67082900
1.12939997	5.67082900
1.12949997	5.67082900
1.12959997	5.67082900
1.12969997	5.67082900
1.12979997	5.67082900
1.12989997	5.67082900
1.12999997	5.67082900
1.13009997	5.67082900
1.13019997	5.67082900
1.13029997	5.67082900
1.13039997	5.67082900
1.13049997	5.67082900
1.13059997	5.67082900
1.13069997	5.67082900
1.13079997	5.67082900
1.13089997	5.67082900
1.13099997	5.67082900
1.13109997	5.67082900
1.13119997	5.67082900
1.13129997	5.67082900
1.13139997	5.67082900
1.13149997	5.67082900
1.13159997	5.67082900
1.13169997	5.67082900
1.13179997	5.67082900
1.13189997	5.67082900
1.13199997	5.67082900
1.13209997	5.67082900
1.13219997	5.67082900
1.13229997	5.67082900
1.13239997	5.67082900
1.13249997	5.67082900
1.13259997	5.67082900
1.13269997	5.67082900
1.13279997	5.67082900
1.13289997	5.76371800
1.13299997	5.67082900
1.13309997	5.67082900
1.13319997	5.67082900
1.13329997	5.67082900
1.13339997	5.67082900
1.13349997	5.67082900
1.13359997	5.67082900
1.13369997	5.67082900
1.13379997	5.67082900
1.13389997	5.76371800
1.13399997	5.67082900
1.13409997	5.76371800
1.13419997	5.67082900
1.13429997	5.76371800
1.13439997	5.76371800
1.13449997	5.76371800
1.13459997	5.76371800
1.13469997	5.76371800
1.13479997	5.76371800
1.13489997	5.76371800
1.13499997	5.76371800
1.13509997	5.67082900
1.13519997	5.76371800
1.13529997	5.76371800
1.13539997	5.76371800
1.13549997	5.76371800
1.13559997	5.76371800
1.13569997	5.76371800
1.13579997	5.76371800
1.13589997	5.76371800
1.13599997	5.76371800
1.13609997	5.76371800
1.13619997	5.76371800
1.13629997	5.76371800
1.13639997	5.76371800
1.13649997	5.76371800
1.13659997	5.76371800
1.13669997	5.76371800
1.13679997	5.76371800
1.13689997	5.76371800
1.13699997	5.76371800
1.13709997	5.76371800
1.13719997	5.76371800
1.13729997	5.76371800
1.13739997	5.85691500
1.13749997	5.76371800
1.13759997	5.76371800
1.13769997	5.76371800
1.13779997	5.85691500
1.13789997	5.76371800
1.13799997	5.85691500
1.13809997	5.85691500
1.13819997	5.85691500
1.13829997	5.85691500
1.13839997	5.85691500
1.13849997	5.85691500
1.13859997	5.85691500
1.13869997	5.85691500
1.13879997	5.85691500
1.13889997	5.85691500
1.13899997	5.85691500
1.13909997	5.85691500
1.13919997	5.85691500
1.13929997	5.85691500
1.13939997	5.85691500
1.13949997	5.85691500
1.13959997	5.85691500
1.13969997	5.85691500
1.13979997	5.85691500
1.13989997	5.85691500
1.13999997	5.85691500
1.14009997	5.85691500
1.14019997	5.85691500
1.14029997	5.85691500
1.14039997	5.85691500
1.14049997	5.85691500
1.14059997	5.85691500
1.14069997	5.85691500
1.14079997	5.85691500
1.14089997	5.85691500
1.14099997	5.85691500
1.14109997	5.85691500
1.14119997	5.85691500
1.14129997	5.85691500
1.14139997	5.85691500
1.14149997	5.85691500
1.14159997	5.94980300
1.14169997	5.94980300
1.14179997	5.94980300
1.14189997	5.94980300
1.14199997	5.94980300
1.14209997	5.85691500
1.14219997	5.94980300
1.14229997	5.94980300
1.14239997	5.94980300
1.14249997	5.94980300
1.14259997	5.94980300
1.14269997	5.94980300
1.14279997	5.94980300
1.14289997	5.94980300
1.14299997	5.94980300
1.14309997	5.94980300
1.14319997	5.94980300
1.14329997	5.94980300
1.14339997	5.94980300
1.14349997	5.94980300
1.14359997	5.94980300
1.14369997	6.04269200
1.14379997	5.94980300
1.14389997	5.94980300
1.14399997	5.94980300
1.14409997	6.04269200
1.14419997	6.04269200
1.14429997	6.04269200
1.14439997	6.04269200
1.14449997	6.04269200
1.14459997	6.04269200
1.14469997	6.04269200
1.14479997	6.04269200
1.14489997	6.04269200
1.14499997	6.04269200
1.14509997	6.13588800
1.14519997	6.04269200
1.14529997	6.13588800
1.14539997	6.04269200
1.14549997	6.13588800
1.14559997	6.13588800
1.14569997	6.13588800
1.14579997	6.13588800
1.14589997	6.13588800
1.14599997	6.13588800
1.14609997	6.13588800
1.14619997	6.13588800
1.14629997	6.13588800
1.14639997	6.13588800
1.14649997	6.13588800
1.14659997	6.13588800
1.14669997	6.13588800
1.14679997	6.13588800
1.14689997	6.13588800
1.14699997	6.13588800
1.14709997	6.13588800
1.14719997	6.13588800
1.14729997	6.13588800
1.14739997	6.22877700
1.14749997	6.13588800
1.14759997	6.13588800
1.14769997	6.22877700
1.14779997	6.22877700
1.14789997	6.22877700
1.14799997	6.22877700
1.14809997	6.22877700
1.14819997	6.22877700
1.14829997	6.22877700
1.14839997	6.22877700
1.14849997	6.22877700
1.14859997	6.22877700
1.14869997	6.22877700
1.14879997	6.22877700
1.14889997	6.22877700
1.14899997	6.22877700
1.14909997	6.22877700
1.14919997	6.22877700
1.14929997	6.22877700
1.14939997	6.22877700
1.14949997	6.22877700
1.14959997	6.22877700
1.14969997	6.22877700
1.14979997	6.22877700
1.14989997	6.22877700
1.14999997	6.22877700
1.15009997	6.22877700
1.15019997	6.22877700
1.15029997	6.22877700
1.15039997	6.32166600
1.15049997	6.22877700
1.15059997	6.22877700
1.15069997	6.22877700
1.15079997	6.22877700
1.15089997	6.32166600
1.15099997	6.32166600
1.15109997	6.32166600
1.15119997	6.32166600
1.15129997	6.32166600
1.15139997	6.32166600
1.15149997	6.32166600
1.15159997	6.32166600
1.15169997	6.32166600
1.15179997	6.32166600
1.15189997	6.32166600
1.15199997	6.32166600
1.15209997	6.32166600
1.15219997	6.32166600
1.15229997	6.32166600
1.15239997	6.32166600
1.15249997	6.32166600
1.15259997	6.41455500
1.15269997	6.41455500
1.15279997	6.41455500
1.15289997	6.41455500
1.15299997	6.41455500
1.15309997	6.41455500
1.15319997	6.41455500
1.15329997	6.41455500
1.15339997	6.41455500
1.15349997	6.41455500
1.15359997	6.41455500
1.15369997	6.41455500
1.15379997	6.41455500
1.15389997	6.50775100
1.15399997	6.41455500
1.15409997	6.41455500
1.15419997	6.50775100
1.15429997	6.50775100
1.15439997	6.50775100
1.15449997	6.50775100
1.15459997	6.50775100
1.15469997	6.50775100
1.15479997	6.50775100
1.15489997	6.60064000
1.15499997	6.60064000
1.15509997	6.60064000
1.15519997	6.60064000
1.15529997	6.60064000
1.15539997	6.60064000
1.15549997	6.60064000
1.15559997	6.60064000
1.15569997	6.60064000
1.15579997	6.69352900
1.15589997	6.69352900
1.15599997	6.69352900
1.15609997	6.60064000
1.15619997	6.69352900
1.15629997	6.69352900
1.15639997	6.69352900
1.15649997	6.69352900
1.15659997	6.69352900
1.15669997	6.69352900
1.15679997	6.69352900
1.15689997	6.69352900
1.15699997	6.69352900
1.15709997	6.69352900
1.15719997	6.78641700
1.15729997	6.69352900
1.15739997	6.69352900
1.15749997	6.78641700
1.15759997	6.69352900
1.15769997	6.78641700
1.15779997	6.78641700
1.15789997	6.78641700
1.15799997	6.78641700
1.15809997	6.78641700
1.15819997	6.78641700
1.15829997	6.78641700
1.15839997	6.78641700
1.15849997	6.87961400
1.15859997	6.87961400
1.15869997	6.87961400
1.15879997	6.78641700
1.15889997	6.78641700
1.15899997	6.78641700
1.15909997	6.78641700
1.15919997	6.87961400
1.15929997	6.87961400
1.15939997	6.87961400
1.15949997	6.87961400
1.15959997	6.87961400
1.15969997	6.87961400
1.15979997	6.87961400
1.15989997	6.87961400
1.15999997	6.87961400
1.16009997	6.87961400
1.16019997	6.87961400
1.16029997	6.87961400
1.16039997	6.87961400
1.16049997	6.87961400
1.16059997	6.87961400
1.16069997	6.87961400
1.16079997	6.87961400
1.16089997	6.87961400
1.16099997	6.87961400
1.16109997	6.97250200
1.16119997	6.87961400
1.16129997	6.97250200
1.16139997	6.97250200
1.16149997	6.97250200
1.16159997	6.97250200
1.16169997	6.97250200
1.16179997	6.97250200
1.16189997	6.97250200
1.16199997	6.97250200
1.16209997	6.97250200
1.16219997	6.97250200
1.16229997	6.97250200
1.16239997	6.97250200
1.16249997	6.97250200
1.16259997	7.06539100
1.16269997	6.97250200
1.16279997	7.06539100
1.16289997	6.97250200
1.16299997	6.97250200
1.16309997	7.06539100
1.16319997	6.97250200
1.16329997	7.06539100
1.16339997	7.06539100
1.16349997	7.06539100
1.16359997	7.06539100
1.16369997	7.06539100
1.16379997	7.06539100
1.16389997	7.06539100
1.16399997	7.06539100
1.16409997	7.06539100
1.16419997	7.06539100
1.16429997	7.06539100
1.16439997	7.15828000
1.16449997	7.06539100
1.16459997	7.06539100
1.16469997	7.15828000
1.16479997	7.15828000
1.16489997	7.15828000
1.16499997	7.15828000
1.16509997	7.15828000
1.16519997	7.15828000
1.16529997	7.15828000
1.16539997	7.25147600
1.16549997	7.25147600
1.16559997	7.25147600
1.16569997	7.25147600
1.16579997	7.25147600
1.16589997	7.25147600
1.16599997	7.25147600
1.16609997	7.25147600
1.16619997	7.25147600
1.16629997	7.25147600
1.16639997	7.25147600
1.16649997	7.34436500
1.16659997	7.25147600
1.16669997	7.25147600
1.16679997	7.25147600
1.16689997	7.34436500
1.16699997	7.34436500
1.16709997	7.34436500
1.16719997	7.34436500
1.16729997	7.34436500
1.16739997	7.34436500
1.16749997	7.34436500
1.16759997	7.34436500
1.16769997	7.34436500
1.16779997	7.34436500
1.16789997	7.34436500
1.16799997	7.34436500
1.16809997	7.34436500
1.16819997	7.43725400
1.16829997	7.43725400
1.16839997	7.43725400
1.16849997	7.43725400
1.16859997	7.43725400
1.16869997	7.43725400
1.16879997	7.43725400
1.16889997	7.43725400
1.16899997	7.43725400
1.16909997	7.43725400
1.16919997	7.43725400
1.16929997	7.43725400
1.16939997	7.43725400
1.16949997	7.43725400
1.16959997	7.53014300
1.16969997	7.43725400
1.16979997	7.43725400
1.16989997	7.53014300
1.16999997	7.53014300
1.17009997	7.43725400
1.17019997	7.43725400
1.17029997	7.53014300
1.17039997	7.53014300
1.17049997	7.53014300
1.17059997	7.53014300
1.17069997	7.53014300
1.17079997	7.53014300
1.17089997	7.53014300
1.17099997	7.53014300
1.17109997	7.53014300
1.17119997	7.53014300
1.17129997	7.53014300
1.17139997	7.53014300
1.17149997	7.53014300
1.17159997	7.53014300
1.17169997	7.53014300
1.17179997	7.53014300
1.17189997	7.53014300
1.17199997	7.53014300
1.17209997	7.53014300
1.17219997	7.62333900
1.17229997	7.53014300
1.17239997	7.62333900
1.17249997	7.62333900
1.17259997	7.62333900
1.17269997	7.62333900
1.17279997	7.62333900
1.17289997	7.62333900
1.17299997	7.62333900
1.17309997	7.62333900
1.17319997	7.62333900
1.17329997	7.62333900
1.17339997	7.62333900
1.17349997	7.71622800
1.17359997	7.62333900
1.17369997	7.62333900
1.17379997	7.71622800
1.17389997	7.71622800
1.17399997	7.71622800
1.17409997	7.71622800
1.17419997	7.62333900
1.17429997	7.71622800
1.17439997	7.71622800
1.17449997	7.80911700
1.17459997	7.71622800
1.17469997	7.71622800
1.17479997	7.71622800
1.17489997	7.71622800
1.17499997	7.71622800
1.17509997	7.71622800
1.17519997	7.80911700
1.17529997	7.80911700
1.17539997	7.80911700
1.17549997	7.80911700
1.17559997	7.80911700
1.17569997	7.80911700
1.17579997	7.80911700
1.17589997	7.80911700
1.17599997	7.80911700
1.17609997	7.80911700
1.17619997	7.80911700
1.17629997	7.80911700
1.17639997	7.80911700
1.17649997	7.90200500
1.17659997	7.80911700
1.17669997	7.80911700
1.17679997	7.80911700
1.17689997	7.90200500
1.17699997	7.90200500
1.17709997	7.90200500
1.17719997	7.90200500
1.17729997	7.90200500
1.17739997	7.90200500
1.17749997	7.90200500
1.17759997	7.90200500
1.17769997	7.90200500
1.17779997	7.90200500
1.17789997	7.90200500
1.17799997	7.90200500
1.17809997	7.90200500
1.17819997	7.90200500
1.17829997	7.90200500
1.17839997	7.90200500
1.17849997	7.90200500
1.17859997	7.90200500
1.17869997	7.90200500
1.17879997	7.99520200
1.17889997	7.90200500
1.17899997	7.90200500
1.17909997	7.90200500
1.17919997	7.99520200
1.17929997	7.99520200
1.17939997	7.99520200
1.17949997	7.99520200
1.17959997	7.99520200
1.17969997	7.99520200
1.17979997	7.99520200
1.17989997	7.99520200
1.17999997	7.99520200
1.18009997	7.99520200
1.18019997	7.99520200
1.18029997	7.99520200
1.18039997	7.99520200
1.18049997	7.99520200
1.18059997	7.99520200
1.18069997	7.99520200
1.18079997	7.99520200
1.18089997	7.99520200
1.18099997	7.99520200
1.18109997	7.99520200
1.18119997	7.99520200
1.18129997	8.08809100
1.18139997	7.99520200
1.18149997	7.99520200
1.18159997	7.99520200
1.18169997	7.99520200
1.18179997	7.99520200
1.18189997	7.99520200
1.18199997	8.08809100
1.18209997	7.99520200
1.18219997	8.08809100
1.18229997	8.08809100
1.18239997	8.08809100
1.18249997	8.08809100
1.18259997	8.08809100
1.18269997	8.08809100
1.18279997	8.08809100
1.18289997	8.08809100
1.18299997	8.08809100
1.18309997	8.08809100
1.18319997	8.08809100
1.18329997	8.08809100
1.18339997	8.08809100
1.18349997	8.08809100
1.18359997	8.08809100
1.18369997	8.08809100
1.18379997	8.18098000
1.18389997	8.08809100
1.18399997	8.18098000
1.18409997	8.18098000
1.18419997	8.08809100
1.18429997	8.08809100
1.18439997	8.18098000
1.18449997	8.18098000
1.18459997	8.18098000
1.18469997	8.18098000
1.18479997	8.18098000
1.18489997	8.18098000
1.18499997	8.18098000
1.18509997	8.18098000
1.18519997	8.18098000
1.18529997	8.18098000
1.18539997	8.18098000
1.18549997	8.18098000
1.18559997	8.18098000
1.18569997	8.18098000
1.18579997	8.18098000
1.18589997	8.18098000
1.18599997	8.18098000
1.18609997	8.18098000
1.18619997	8.27386800
1.18629997	8.18098000
1.18639997	8.27386800
1.18649997	8.27386800
1.18659997	8.27386800
1.18669997	8.27386800
1.18679997	8.27386800
1.18689997	8.27386800
1.18699997	8.27386800
1.18709997	8.27386800
1.18719997	8.27386800
1.18729997	8.27386800
1.18739997	8.27386800
1.18749997	8.27386800
1.18759997	8.27386800
1.18769997	8.27386800
1.18779997	8.27386800
1.18789997	8.27386800
1.18799997	8.27386800
1.18809997	8.27386800
1.18819997	8.27386800
1.18829997	8.27386800
1.18839997	8.27386800
1.18849997	8.27386800
1.18859997	8.27386800
1.18869997	8.27386800
1.18879997	8.27386800
1.18889997	8.27386800
1.18899997	8.27386800
1.18909997	8.27386800
1.18919997	8.36706400
1.18929997	8.27386800
1.18939997	8.27386800
1.18949997	8.27386800
1.18959997	8.27386800
1.18969997	8.27386800
1.18979997	8.27386800
1.18989997	8.36706400
1.18999997	8.36706400
1.19009997	8.36706400
1.19019997	8.36706400
1.19029997	8.36706400
1.19039997	8.27386800
1.19049997	8.36706400
1.19059997	8.27386800
1.19069997	8.36706400
1.19079997	8.27386800
1.19089997	8.36706400
1.19099997	8.36706400
1.19109997	8.36706400
1.19119997	8.36706400
1.19129997	8.36706400
1.19139997	8.36706400
1.19149997	8.36706400
1.19159997	8.36706400
1.19169997	8.36706400
1.19179997	8.36706400
1.19189997	8.36706400
1.19199997	8.36706400
1.19209997	8.36706400
1.19219997	8.36706400
1.19229997	8.36706400
1.19239997	8.36706400
1.19249997	8.36706400
1.19259997	8.36706400
1.19269997	8.36706400
1.19279997	8.36706400
1.19289997	8.36706400
1.19299997	8.36706400
1.19309997	8.36706400
1.19319997	8.36706400
1.19329997	8.36706400
1.19339997	8.36706400
1.19349997	8.36706400
1.19359997	8.36706400
1.19369997	8.36706400
1.19379997	8.36706400
1.19389997	8.36706400
1.19399997	8.36706400
1.19409997	8.36706400
1.19419997	8.36706400
1.19429997	8.45995300
1.19439997	8.45995300
1.19449997	8.36706400
1.19459997	8.36706400
1.19469997	8.45995300
1.19479997	8.36706400
1.19489997	8.36706400
1.19499997	8.36706400
1.19509997	8.45995300
1.19519997	8.36706400
1.19529997	8.45995300
1.19539997	8.45995300
1.19549997	8.45995300
1.19559997	8.45995300
1.19569997	8.45995300
1.19579997	8.45995300
1.19589997	8.45995300
1.19599997	8.45995300
1.19609997	8.45995300
1.19619997	8.45995300
1.19629997	8.45995300
1.19639997	8.45995300
1.19649997	8.45995300
1.19659997	8.45995300
1.19669997	8.45995300
1.19679997	8.45995300
1.19689997	8.36706400
1.19699997	8.36706400
1.19709997	8.45995300
1.19719997	8.45995300
1.19729997	8.45995300
1.19739997	8.45995300
1.19749997	8.45995300
1.19759997	8.45995300
1.19769997	8.45995300
1.19779997	8.45995300
1.19789997	8.45995300
1.19799997	8.45995300
1.19809997	8.45995300
1.19819997	8.45995300
1.19829997	8.45995300
1.19839997	8.45995300
1.19849997	8.45995300
1.19859997	8.45995300
1.19869997	8.45995300
1.19879997	8.45995300
1.19889997	8.45995300
1.19899997	8.45995300
1.19909997	8.45995300
1.19919997	8.45995300
1.19929997	8.45995300
1.19939997	8.45995300
1.19949997	8.45995300
1.19959997	8.45995300
1.19969997	8.45995300
1.19979997	8.45995300
1.19989997	8.45995300
1.19999997	8.45995300
1.20009997	8.45995300
1.20019997	8.45995300
1.20029997	8.45995300
1.20039997	8.45995300
1.20049997	8.45995300
1.20059997	8.45995300
1.20069997	8.45995300
1.20079997	8.45995300
1.20089997	8.45995300
1.20099997	8.45995300
1.20109997	8.45995300
1.20119997	8.45995300
1.20129997	8.45995300
1.20139997	8.45995300
1.20149997	8.45995300
1.20159997	8.45995300
1.20169997	8.45995300
1.20179997	8.45995300
1.20189997	8.45995300
1.20199997	8.45995300
1.20209997	8.45995300
1.20219997	8.45995300
1.20229997	8.45995300
1.20239997	8.45995300
1.20249997	8.45995300
1.20259997	8.45995300
1.20269997	8.45995300
1.20279997	8.45995300
1.20289997	8.45995300
1.20299997	8.45995300
1.20309997	8.45995300
1.20319997	8.45995300
1.20329997	8.36706400
1.20339997	8.36706400
1.20349997	8.45995300
1.20359997	8.45995300
1.20369997	8.36706400
1.20379997	8.45995300
1.20389997	8.36706400
1.20399997	8.36706400
1.20409997	8.45995300
1.20419997	8.36706400
1.20429997	8.36706400
1.20439997	8.45995300
1.20449997	8.45995300
1.20459997	8.45995300
1.20469997	8.36706400
1.20479997	8.45995300
1.20489997	8.36706400
1.20499997	8.36706400
1.20509997	8.36706400
1.20519997	8.36706400
1.20529997	8.36706400
1.20539997	8.36706400
1.20549997	8.36706400
1.20559997	8.36706400
1.20569997	8.45995300
1.20579997	8.36706400
1.20589997	8.36706400
1.20599997	8.45995300
1.20609997	8.36706400
1.20619997	8.36706400
1.20629997	8.36706400
1.20639997	8.36706400
1.20649997	8.36706400
1.20659997	8.36706400
1.20669997	8.36706400
1.20679997	8.36706400
1.20689997	8.36706400
1.20699997	8.36706400
1.20709997	8.36706400
1.20719997	8.36706400
1.20729997	8.36706400
1.20739997	8.36706400
1.20749997	8.36706400
1.20759997	8.36706400
1.20769997	8.36706400
1.20779997	8.36706400
1.20789997	8.36706400
1.20799997	8.36706400
1.20809997	8.36706400
1.20819997	8.36706400
1.20829997	8.36706400
1.20839997	8.36706400
1.20849997	8.36706400
1.20859997	8.36706400
1.20869997	8.27386800
1.20879997	8.27386800
1.20889997	8.27386800
1.20899997	8.27386800
1.20909997	8.27386800
1.20919997	8.27386800
1.20929997	8.27386800
1.20939997	8.27386800
1.20949997	8.27386800
1.20959997	8.27386800
1.20969997	8.27386800
1.20979997	8.27386800
1.20989997	8.27386800
1.20999997	8.27386800
1.21009997	8.27386800
1.21019997	8.27386800
1.21029997	8.27386800
1.21039997	8.27386800
1.21049997	8.27386800
1.21059997	8.27386800
1.21069997	8.27386800
1.21079997	8.27386800
1.21089997	8.27386800
1.21099997	8.27386800
1.21109997	8.27386800
1.21119997	8.27386800
1.21129997	8.27386800
1.21139997	8.27386800
1.21149997	8.27386800
1.21159997	8.27386800
1.21169997	8.18098000
1.21179997	8.27386800
1.21189997	8.27386800
1.21199997	8.18098000
1.21209997	8.27386800
1.21219997	8.18098000
1.21229997	8.18098000
1.21239997	8.18098000
1.21249997	8.18098000
1.21259997	8.18098000
1.21269997	8.18098000
1.21279997	8.18098000
1.21289997	8.18098000
1.21299997	8.18098000
1.21309997	8.18098000
1.21319997	8.18098000
1.21329997	8.18098000
1.21339997	8.18098000
1.21349997	8.18098000
1.21359997	8.18098000
1.21369997	8.08809100
1.21379997	8.08809100
1.21389997	8.18098000
1.21399997	8.08809100
1.21409997	8.18098000
1.21419997	8.08809100
1.21429997	8.18098000
1.21439997	8.08809100
1.21449997	8.08809100
1.21459997	8.08809100
1.21469997	8.08809100
1.21479997	8.08809100
1.21489997	8.08809100
1.21499997	8.08809100
1.21509997	8.08809100
1.21519997	8.08809100
1.21529997	8.08809100
1.21539997	8.08809100
1.21549997	8.08809100
1.21559997	8.08809100
1.21569997	8.08809100
1.21579997	8.08809100
1.21589997	8.08809100
1.21599997	8.08809100
1.21609997	7.99520200
1.21619997	7.99520200
1.21629997	7.99520200
1.21639997	8.08809100
1.21649997	7.99520200
1.21659997	7.99520200
1.21669997	7.99520200
1.21679997	7.99520200
1.21689997	7.99520200
1.21699997	7.99520200
1.21709997	7.99520200
1.21719997	7.99520200
1.21729997	7.99520200
1.21739997	7.99520200
1.21749997	7.99520200
1.21759997	7.99520200
1.21769997	7.99520200
1.21779997	7.99520200
1.21789997	7.99520200
1.21799997	7.99520200
1.21809997	7.99520200
1.21819997	7.99520200
1.21829997	7.99520200
1.21839997	7.99520200
1.21849997	7.99520200
1.21859997	7.99520200
1.21869997	7.99520200
1.21879997	7.99520200
1.21889997	7.99520200
1.21899997	7.90200500
1.21909997	7.90200500
1.21919997	7.99520200
1.21929997	7.99520200
1.21939997	7.90200500
1.21949997	7.90200500
1.21959997	7.90200500
1.21969997	7.90200500
1.21979997	7.90200500
1.21989997	7.90200500
1.21999997	7.90200500
1.22009997	7.90200500
1.22019997	7.90200500
1.22029997	7.90200500
1.22039997	7.90200500
1.22049997	7.90200500
1.22059997	7.90200500
1.22069997	7.90200500
1.22079997	7.90200500
1.22089997	7.90200500
1.22099997	7.90200500
1.22109997	7.90200500
1.22119997	7.90200500
1.22129997	7.90200500
1.22139997	7.80911700
1.22149997	7.80911700
1.22159997	7.80911700
1.22169997	7.90200500
1.22179997	7.90200500
1.22189997	7.90200500
1.22199997	7.80911700
1.22209997	7.90200500
1.22219997	7.80911700
1.22229997	7.80911700
1.22239997	7.90200500
1.22249997	7.80911700
1.22259997	7.80911700
1.22269997	7.80911700
1.22279997	7.80911700
1.22289997	7.80911700
1.22299997	7.80911700
1.22309997	7.80911700
1.22319997	7.80911700
1.22329997	7.80911700
1.22339997	7.80911700
1.22349997	7.80911700
1.22359997	7.80911700
1.22369997	7.80911700
1.22379997	7.80911700
1.22389997	7.80911700
1.22399997	7.80911700
1.22409997	7.80911700
1.22419997	7.71622800
1.22429997	7.71622800
1.22439997	7.71622800
1.22449997	7.71622800
1.22459997	7.71622800
1.22469997	7.71622800
1.22479997	7.71622800
1.22489997	7.71622800
1.22499997	7.71622800
1.22509997	7.71622800
1.22519997	7.71622800
1.22529997	7.71622800
1.22539997	7.71622800
1.22549997	7.71622800
1.22559997	7.71622800
1.22569997	7.71622800
1.22579997	7.62333900
1.22589997	7.62333900
1.22599997	7.62333900
1.22609997	7.71622800
1.22619997	7.62333900
1.22629997	7.62333900
1.22639997	7.62333900
1.22649997	7.62333900
1.22659997	7.62333900
1.22669997	7.62333900
1.22679997	7.62333900
1.22689997	7.62333900
1.22699997	7.62333900
1.22709997	7.53014300
1.22719997	7.62333900
1.22729997	7.62333900
1.22739997	7.53014300
1.22749997	7.53014300
1.22759997	7.53014300
1.22769997	7.53014300
1.22779997	7.53014300
1.22789997	7.53014300
1.22799997	7.53014300
1.22809997	7.53014300
1.22819997	7.53014300
1.22829997	7.53014300
1.22839997	7.53014300
1.22849997	7.53014300
1.22859997	7.53014300
1.22869997	7.53014300
1.22879997	7.53014300
1.22889997	7.53014300
1.22899997	7.53014300
1.22909997	7.53014300
1.22919997	7.53014300
1.22929997	7.43725400
1.22939997	7.53014300
1.22949997	7.43725400
1.22959997	7.43725400
1.22969997	7.43725400
1.22979997	7.43725400
1.22989997	7.53014300
1.22999997	7.43725400
1.23009997	7.43725400
1.23019997	7.43725400
1.23029997	7.43725400
1.23039997	7.43725400
1.23049997	7.43725400
1.23059997	7.43725400
1.23069997	7.43725400
1.23079997	7.43725400
1.23089997	7.43725400
1.23099997	7.43725400
1.23109997	7.34436500
1.23119997	7.34436500
1.23129997	7.34436500
1.23139997	7.34436500
1.23149997	7.34436500
1.23159997	7.34436500
1.23169997	7.34436500
1.23179997	7.34436500
1.23189997	7.34436500
1.23199997	7.34436500
1.23209997	7.34436500
1.23219997	7.25147600
1.23229997	7.34436500
1.23239997	7.25147600
1.23249997	7.34436500
1.23259997	7.25147600
1.23269997	7.25147600
1.23279997	7.25147600
1.23289997	7.25147600
1.23299997	7.25147600
1.23309997	7.25147600
1.23319997	7.15828000
1.23329997	7.15828000
1.23339997	7.25147600
1.23349997	7.15828000
1.23359997	7.15828000
1.23369997	7.15828000
1.23379997	7.15828000
1.23389997	7.15828000
1.23399997	7.15828000
1.23409997	7.15828000
1.23419997	7.06539100
1.23429997	7.06539100
1.23439997	7.15828000
1.23449997	7.15828000
1.23459997	7.06539100
1.23469997	7.06539100
1.23479997	7.06539100
1.23489997	7.06539100
1.23499997	7.06539100
1.23509997	7.06539100
1.23519997	7.06539100
1.23529997	6.97250200
1.23539997	7.06539100
1.23549997	6.97250200
1.23559997	6.97250200
1.23569997	6.97250200
1.23579997	6.97250200
1.23589997	6.97250200
1.23599997	6.97250200
1.23609997	6.87961400
1.23619997	6.97250200
1.23629997	6.97250200
1.23639997	6.87961400
1.23649997	6.97250200
1.23659997	6.87961400
1.23669997	6.87961400
1.23679997	6.87961400
1.23689997	6.87961400
1.23699997	6.87961400
1.23709997	6.87961400
1.23719997	6.87961400
1.23729997	6.87961400
1.23739997	6.87961400
1.23749997	6.87961400
1.23759997	6.87961400
1.23769997	6.87961400
1.23779997	6.87961400
1.23789997	6.78641700
1.23799997	6.78641700
1.23809997	6.87961400
1.23819997	6.78641700
1.23829997	6.87961400
1.23839997	6.78641700
1.23849997	6.78641700
1.23859997	6.78641700
1.23869997	6.78641700
1.23879997	6.78641700
1.23889997	6.78641700
1.23899997	6.78641700
1.23909997	6.78641700
1.23919997	6.78641700
1.23929997	6.78641700
1.23939997	6.78641700
1.23949997	6.78641700
1.23959997	6.78641700
1.23969997	6.78641700
1.23979997	6.78641700
1.23989997	6.78641700
1.23999997	6.69352900
1.24009997	6.69352900
1.24019997	6.69352900
1.24029997	6.69352900
1.24039997	6.69352900
1.24049997	6.69352900
1.24059997	6.69352900
1.24069997	6.69352900
1.24079997	6.69352900
1.24089997	6.69352900
1.24099997	6.69352900
1.24109997	6.69352900
1.24119997	6.69352900
1.24129997	6.69352900
1.24139997	6.69352900
1.24149997	6.60064000
1.24159997	6.69352900
1.24169997	6.60064000
1.24179997	6.60064000
1.24189997	6.60064000
1.24199997	6.60064000
1.24209997	6.60064000
1.24219997	6.60064000
1.24229997	6.60064000
1.24239997	6.60064000
1.24249997	6.60064000
1.24259997	6.60064000
1.24269997	6.60064000
1.24279997	6.60064000
1.24289997	6.60064000
1.24299997	6.60064000
1.24309997	6.60064000
1.24319997	6.60064000
1.24329997	6.60064000
1.24339997	6.60064000
1.24349997	6.60064000
1.24359997	6.60064000
1.24369997	6.50775100
1.24379997	6.60064000
1.24389997	6.60064000
1.24399997	6.50775100
1.24409997	6.50775100
1.24419997	6.50775100
1.24429997	6.50775100
1.24439997	6.50775100
1.24449997	6.50775100
1.24459997	6.50775100
1.24469997	6.50775100
1.24479997	6.50775100
1.24489997	6.50775100
1.24499997	6.50775100
1.24509997	6.50775100
1.24519997	6.50775100
1.24529997	6.50775100
1.24539997	6.50775100
1.24549997	6.50775100
1.24559997	6.50775100
1.24569997	6.50775100
1.24579997	6.50775100
1.24589997	6.50775100
1.24599997	6.50775100
1.24609997	6.50775100
1.24619997	6.50775100
1.24629997	6.50775100
1.24639997	6.50775100
1.24649997	6.50775100
1.24659997	6.41455500
1.24669997	6.50775100
1.24679997	6.41455500
1.24689997	6.50775100
1.24699997	6.41455500
1.24709997	6.50775100
1.24719997	6.41455500
1.24729997	6.41455500
1.24739997	6.41455500
1.24749997	6.41455500
1.24759997	6.41455500
1.24769997	6.41455500
1.24779997	6.41455500
1.24789997	6.41455500
1.24799997	6.41455500
1.24809997	6.41455500
1.24819997	6.41455500
1.24829997	6.41455500
1.24839997	6.41455500
1.24849997	6.41455500
1.24859997	6.41455500
1.24869997	6.41455500
1.24879997	6.41455500
1.24889997	6.41455500
1.24899997	6.41455500
1.24909997	6.41455500
1.24919997	6.41455500
1.24929997	6.32166600
1.24939997	6.32166600
1.24949997	6.41455500
1.24959997	6.32166600
1.24969997	6.32166600
1.24979997	6.32166600
1.24989997	6.32166600
1.24999997	6.32166600
1.25009997	6.32166600
1.25019997	6.32166600
1.25029997	6.32166600
1.25039997	6.32166600
1.25049997	6.32166600
1.25059997	6.32166600
1.25069997	6.32166600
1.25079997	6.32166600
1.25089997	6.32166600
1.25099997	6.32166600
1.25109997	6.32166600
1.25119997	6.32166600
1.25129997	6.32166600
1.25139997	6.22877700
1.25149997	6.22877700
1.25159997	6.32166600
1.25169997	6.22877700
1.25179997	6.22877700
1.25189997	6.22877700
1.25199997	6.22877700
1.25209997	6.22877700
1.25219997	6.22877700
1.25229997	6.22877700
1.25239997	6.22877700
1.25249997	6.22877700
1.25259997	6.22877700
1.25269997	6.22877700
1.25279997	6.13588800
1.25289997	6.22877700
1.25299997	6.13588800
1.25309997	6.13588800
1.25319997	6.13588800
1.25329997	6.13588800
1.25339997	6.13588800
1.25349997	6.13588800
1.25359997	6.13588800
1.25369997	6.13588800
1.25379997	6.13588800
1.25389997	6.13588800
1.25399997	6.13588800
1.25409997	6.13588800
1.25419997	6.04269200
1.25429997	6.04269200
1.25439997	6.04269200
1.25449997	6.04269200
1.25459997	6.04269200
1.25469997	6.04269200
1.25479997	6.04269200
1.25489997	6.04269200
1.25499997	6.04269200
1.25509997	6.04269200
1.25519997	6.04269200
1.25529997	6.04269200
1.25539997	6.04269200
1.25549997	6.04269200
1.25559997	6.04269200
1.25569997	6.04269200
1.25579997	5.94980300
1.25589997	6.04269200
1.25599997	5.94980300
1.25609997	5.94980300
1.25619997	6.04269200
1.25629997	5.94980300
1.25639997	5.94980300
1.25649997	5.94980300
1.25659997	5.94980300
1.25669997	5.94980300
1.25679997	5.94980300
1.25689997	5.94980300
1.25699997	5.94980300
1.25709997	5.94980300
1.25719997	5.94980300
1.25729997	5.94980300
1.25739997	5.94980300
1.25749997	5.94980300
1.25759997	5.94980300
1.25769997	5.85691500
1.25779997	5.85691500
1.25789997	5.94980300
1.25799997	5.85691500
1.25809997	5.85691500
1.25819997	5.85691500
1.25829997	5.94980300
1.25839997	5.94980300
1.25849997	5.85691500
1.25859997	5.85691500
1.25869997	5.85691500
1.25879997	5.85691500
1.25889997	5.85691500
1.25899997	5.85691500
1.25909997	5.85691500
1.25919997	5.85691500
1.25929997	5.85691500
1.25939997	5.85691500
1.25949997	5.85691500
1.25959997	5.85691500
1.25969997	5.85691500
1.25979997	5.85691500
1.25989997	5.85691500
1.25999997	5.85691500
1.26009997	5.85691500
1.26019997	5.85691500
1.26029997	5.85691500
1.26039997	5.85691500
1.26049997	5.85691500
1.26059997	5.85691500
1.26069997	5.85691500
1.26079997	5.85691500
1.26089997	5.76371800
1.26099997	5.85691500
1.26109997	5.76371800
1.26119997	5.76371800
1.26129997	5.85691500
1.26139997	5.85691500
1.26149997	5.76371800
1.26159997	5.76371800
1.26169997	5.76371800
1.26179997	5.76371800
1.26189997	5.76371800
1.26199997	5.76371800
1.26209997	5.76371800
1.26219997	5.76371800
1.26229997	5.76371800
1.26239997	5.76371800
1.26249997	5.76371800
1.26259997	5.76371800
1.26269997	5.76371800
1.26279997	5.76371800
1.26289997	5.76371800
1.26299997	5.76371800
1.26309997	5.76371800
1.26319997	5.76371800
1.26329997	5.76371800
1.26339997	5.76371800
1.26349997	5.76371800
1.26359997	5.76371800
1.26369997	5.76371800
1.26379997	5.76371800
1.26389997	5.76371800
1.26399997	5.76371800
1.26409997	5.76371800
1.26419997	5.76371800
1.26429997	5.76371800
1.26439997	5.76371800
1.26449997	5.76371800
1.26459997	5.76371800
1.26469997	5.76371800
1.26479997	5.67082900
1.26489997	5.67082900
1.26499997	5.76371800
1.26509997	5.67082900
1.26519997	5.76371800
1.26529997	5.76371800
1.26539997	5.67082900
1.26549997	5.67082900
1.26559997	5.67082900
1.26569997	5.76371800
1.26579997	5.76371800
1.26589997	5.67082900
1.26599997	5.67082900
1.26609997	5.67082900
1.26619997	5.67082900
1.26629997	5.67082900
1.26639997	5.67082900
1.26649997	5.76371800
1.26659997	5.67082900
1.26669997	5.67082900
1.26679997	5.67082900
1.26689997	5.67082900
1.26699997	5.67082900
1.26709997	5.67082900
1.26719997	5.76371800
1.26729997	5.67082900
1.26739997	5.67082900
1.26749997	5.67082900
1.26759997	5.67082900
1.26769997	5.67082900
1.26779997	5.67082900
1.26789997	5.67082900
1.26799997	5.67082900
1.26809997	5.67082900
1.26819997	5.67082900
1.26829997	5.67082900
1.26839997	5.67082900
1.26849997	5.67082900
1.26859997	5.67082900
1.26869997	5.67082900
1.26879997	5.67082900
1.26889997	5.76371800
1.26899997	5.67082900
1.26909997	5.67082900
1.26919997	5.67082900
1.26929997	5.67082900
1.26939997	5.67082900
1.26949997	5.67082900
1.26959997	5.67082900
1.26969997	5.67082900
1.26979997	5.67082900
1.26989997	5.67082900
1.26999997	5.67082900
1.27009997	5.67082900
1.27019997	5.67082900
1.27029997	5.67082900
1.27039997	5.67082900
1.27049997	5.67082900
1.27059997	5.67082900
1.27069997	5.67082900
1.27079997	5.67082900
1.27089997	5.67082900
1.27099997	5.67082900
1.27109997	5.67082900
1.27119997	5.67082900
1.27129997	5.67082900
1.27139997	5.67082900
1.27149997	5.67082900
1.27159997	5.67082900
1.27169997	5.67082900
1.27179997	5.67082900
1.27189997	5.67082900
1.27199997	5.67082900
1.27209997	5.67082900
1.27219997	5.67082900
1.27229997	5.67082900
1.27239997	5.67082900
1.27249997	5.67082900
1.27259997	5.67082900
1.27269997	5.67082900
1.27279997	5.67082900
1.27289997	5.67082900
1.27299997	5.67082900
1.27309997	5.67082900
1.27319997	5.67082900
1.27329997	5.67082900
1.27339997	5.67082900
1.27349997	5.67082900
1.27359997	5.67082900
1.27369997	5.67082900
1.27379997	5.67082900
1.27389997	5.67082900
1.27399997	5.67082900
1.27409997	5.67082900
1.27419997	5.67082900
1.27429997	5.67082900
1.27439997	5.67082900
1.27449997	5.67082900
1.27459997	5.67082900
1.27469997	5.57794000
1.27479997	5.67082900
1.27489997	5.67082900
1.27499997	5.67082900
1.27509997	5.67082900
1.27519997	5.67082900
1.27529997	5.67082900
1.27539997	5.67082900
1.27549997	5.67082900
1.27559997	5.67082900
1.27569997	5.67082900
1.27579997	5.67082900
1.27589997	5.67082900
1.27599997	5.67082900
1.27609997	5.67082900
1.27619997	5.67082900
1.27629997	5.67082900
1.27639997	5.67082900
1.27649997	5.67082900
1.27659997	5.67082900
1.27669997	5.67082900
1.27679997	5.67082900
1.27689997	5.67082900
1.27699997	5.67082900
1.27709997	5.67082900
1.27719997	5.67082900
1.27729997	5.67082900
1.27739997	5.67082900
1.27749997	5.67082900
1.27759997	5.67082900
1.27769997	5.67082900
1.27779997	5.67082900
1.27789997	5.67082900
1.27799997	5.67082900
1.27809997	5.67082900
1.27819997	5.67082900
1.27829997	5.67082900
1.27839997	5.67082900
1.27849997	5.67082900
1.27859997	5.67082900
1.27869997	5.67082900
1.27879997	5.67082900
1.27889997	5.67082900
1.27899997	5.67082900
1.27909997	5.67082900
1.27919997	5.67082900
1.27929997	5.67082900
1.27939997	5.67082900
1.27949997	5.67082900
1.27959997	5.67082900
1.27969997	5.67082900
1.27979997	5.67082900
1.27989997	5.67082900
1.27999997	5.67082900
1.28009997	5.67082900
1.28019997	5.67082900
1.28029997	5.67082900
1.28039997	5.67082900
1.28049997	5.67082900
1.28059997	5.67082900
1.28069997	5.67082900
1.28079997	5.67082900
1.28089997	5.67082900
1.28099997	5.67082900
1.28109997	5.67082900
1.28119997	5.67082900
1.28129997	5.67082900
1.28139997	5.67082900
1.28149997	5.67082900
1.28159997	5.67082900
1.28169997	5.67082900
1.28179997	5.67082900
1.28189997	5.67082900
1.28199997	5.67082900
1.28209997	5.67082900
1.28219997	5.67082900
1.28229997	5.67082900
1.28239997	5.67082900
1.28249997	5.67082900
1.28259997	5.67082900
1.28269997	5.76371800
1.28279997	5.67082900
1.28289997	5.76371800
1.28299997	5.67082900
1.28309997	5.76371800
1.28319997	5.67082900
1.28329997	5.76371800
1.28339997	5.76371800
1.28349997	5.76371800
1.28359997	5.76371800
1.28369997	5.76371800
1.28379997	5.76371800
1.28389997	5.76371800
1.28399997	5.76371800
1.28409997	5.67082900
1.28419997	5.76371800
1.28429997	5.76371800
1.28439997	5.76371800
1.28449997	5.76371800
1.28459997	5.76371800
1.28469997	5.76371800
1.28479997	5.76371800
1.28489997	5.76371800
1.28499997	5.76371800
1.28509997	5.76371800
1.28519997	5.76371800
1.28529997	5.76371800
1.28539997	5.76371800
1.28549997	5.76371800
1.28559997	5.76371800
1.28569997	5.85691500
1.28579997	5.85691500
1.28589997	5.76371800
1.28599997	5.76371800
1.28609997	5.85691500
1.28619997	5.85691500
1.28629997	5.85691500
1.28639997	5.85691500
1.28649997	5.76371800
1.28659997	5.85691500
1.28669997	5.85691500
1.28679997	5.76371800
1.28689997	5.85691500
1.28699997	5.85691500
1.28709997	5.76371800
1.28719997	5.85691500
1.28729997	5.85691500
1.28739997	5.85691500
1.28749997	5.85691500
1.28759997	5.85691500
1.28769997	5.85691500
1.28779997	5.85691500
1.28789997	5.85691500
1.28799997	5.85691500
1.28809997	5.85691500
1.28819997	5.85691500
1.28829997	5.85691500
1.28839997	5.85691500
1.28849997	5.85691500
1.28859997	5.85691500
1.28869997	5.85691500
1.28879997	5.85691500
1.28889997	5.85691500
1.28899997	5.85691500
1.28909997	5.85691500
1.28919997	5.94980300
1.28929997	5.85691500
1.28939997	5.85691500
1.28949997	5.85691500
1.28959997	5.85691500
1.28969997	5.85691500
1.28979997	5.85691500
1.28989997	5.85691500
1.28999997	5.94980300
1.29009997	5.85691500
1.29019997	5.85691500
1.29029997	5.85691500
1.29039997	5.94980300
1.29049997	5.94980300
1.29059997	5.94980300
1.29069997	5.94980300
1.29079997	5.94980300
1.29089997	5.94980300
1.29099997	5.94980300
1.29109997	5.94980300
1.29119997	5.94980300
1.29129997	5.94980300
1.29139997	5.94980300
1.29149997	5.94980300
1.29159997	5.94980300
1.29169997	5.94980300
1.29179997	5.94980300
1.29189997	6.04269200
1.29199997	5.94980300
1.29209997	5.94980300
1.29219997	5.94980300
1.29229997	5.94980300
1.29239997	5.94980300
1.29249997	5.94980300
1.29259997	6.04269200
1.29269997	6.04269200
1.29279997	6.04269200
1.29289997	6.04269200
1.29299997	6.04269200
1.29309997	6.04269200
1.29319997	6.04269200
1.29329997	6.04269200
1.29339997	6.04269200
1.29349997	6.04269200
1.29359997	6.04269200
1.29369997	6.04269200
1.29379997	6.04269200
1.29389997	6.04269200
1.29399997	6.04269200
1.29409997	6.04269200
1.29419997	6.04269200
1.29429997	6.04269200
1.29439997	6.04269200
1.29449997	6.04269200
1.29459997	6.04269200
1.29469997	6.04269200
1.29479997	6.04269200
1.29489997	6.04269200
1.29499997	6.13588800
1.29509997	6.04269200
1.29519997	6.13588800
1.29529997	6.13588800
1.29539997	6.04269200
1.29549997	6.13588800
1.29559997	6.04269200
1.29569997	6.13588800
1.29579997	6.13588800
1.29589997	6.13588800
1.29599997	6.13588800
1.29609997	6.04269200
1.29619997	6.13588800
1.29629997	6.13588800
1.29639997	6.13588800
1.29649997	6.13588800
1.29659997	6.13588800
1.29669997	6.13588800
1.29679997	6.13588800
1.29689997	6.13588800
1.29699997	6.13588800
1.29709997	6.13588800
1.29719997	6.22877700
1.29729997	6.13588800
1.29739997	6.13588800
1.29749997	6.13588800
1.29759997	6.22877700
1.29769997	6.13588800
1.29779997	6.22877700
1.29789997	6.22877700
1.29799997	6.22877700
1.29809997	6.22877700
1.29819997	6.22877700
1.29829997	6.22877700
1.29839997	6.22877700
1.29849997	6.22877700
1.29859997	6.22877700
1.29869997	6.22877700
1.29879997	6.22877700
1.29889997	6.22877700
1.29899997	6.22877700
1.29909997	6.22877700
1.29919997	6.22877700
1.29929997	6.32166600
1.29939997	6.22877700
1.29949997	6.22877700
1.29959997	6.32166600
1.29969997	6.22877700
1.29979997	6.32166600
1.29989997	6.32166600
1.29999997	6.22877700
1.30009997	6.32166600
1.30019997	6.32166600
1.30029997	6.32166600
1.30039997	6.32166600
1.30049997	6.32166600
1.30059997	6.32166600
1.30069997	6.32166600
1.30079997	6.32166600
1.30089997	6.32166600
1.30099997	6.32166600
1.30109997	6.32166600
1.30119997	6.32166600
1.30129997	6.32166600
1.30139997	6.32166600
1.30149997	6.32166600
1.30159997	6.32166600
1.30169997	6.32166600
1.30179997	6.32166600
1.30189997	6.32166600
1.30199997	6.32166600
1.30209997	6.41455500
1.30219997	6.41455500
1.30229997	6.32166600
1.30239997	6.41455500
1.30249997	6.41455500
1.30259997	6.32166600
1.30269997	6.41455500
1.30279997	6.41455500
1.30289997	6.41455500
1.30299997	6.41455500
1.30309997	6.32166600
1.30319997	6.41455500
1.30329997	6.41455500
1.30339997	6.41455500
1.30349997	6.41455500
1.30359997	6.41455500
1.30369997	6.41455500
1.30379997	6.41455500
1.30389997	6.41455500
1.30399997	6.41455500
1.30409997	6.41455500
1.30419997	6.41455500
1.30429997	6.41455500
1.30439997	6.50775100
1.30449997	6.50775100
1.30459997	6.50775100
1.30469997	6.50775100
1.30479997	6.50775100
1.30489997	6.50775100
1.30499997	6.50775100
1.30509997	6.50775100
1.30519997	6.50775100
1.30529997	6.60064000
1.30539997	6.50775100
1.30549997	6.60064000
1.30559997	6.60064000
1.30569997	6.50775100
1.30579997	6.60064000
1.30589997	6.60064000
1.30599997	6.60064000
1.30609997	6.60064000
1.30619997	6.60064000
1.30629997	6.60064000
1.30639997	6.60064000
1.30649997	6.60064000
1.30659997	6.60064000
1.30669997	6.60064000
1.30679997	6.60064000
1.30689997	6.60064000
1.30699997	6.60064000
1.30709997	6.69352900
1.30719997	6.60064000
1.30729997	6.69352900
1.30739997	6.60064000
1.30749997	6.69352900
1.30759997	6.69352900
1.30769997	6.69352900
1.30779997	6.69352900
1.30789997	6.69352900
1.30799997	6.69352900
1.30809997	6.69352900
1.30819997	6.69352900
1.30829997	6.69352900
1.30839997	6.69352900
1.30849997	6.69352900
1.30859997	6.69352900
1.30869997	6.69352900
1.30879997	6.69352900
1.30889997	6.69352900
1.30899997	6.69352900
1.30909997	6.69352900
1.30919997	6.69352900
1.30929997	6.69352900
1.30939997	6.69352900
1.30949997	6.69352900
1.30959997	6.78641700
1.30969997	6.69352900
1.30979997	6.69352900
1.30989997	6.78641700
1.30999997	6.78641700
1.31009997	6.78641700
1.31019997	6.78641700
1.31029997	6.78641700
1.31039997	6.78641700
1.31049997	6.78641700
1.31059997	6.78641700
1.31069997	6.78641700
1.31079997	6.78641700
1.31089997	6.78641700
1.31099997	6.78641700
1.31109997	6.78641700
1.31119997	6.78641700
1.31129997	6.78641700
1.31139997	6.78641700
1.31149997	6.78641700
1.31159997	6.78641700
1.31169997	6.78641700
1.31179997	6.87961400
1.31189997	6.87961400
1.31199997	6.87961400
1.31209997	6.87961400
1.31219997	6.87961400
1.31229997	6.87961400
1.31239997	6.87961400
1.31249997	6.87961400
1.31259997	6.97250200
1.31269997	6.97250200
1.31279997	6.97250200
1.31289997	6.97250200
1.31299997	6.97250200
1.31309997	6.97250200
1.31319997	6.97250200
1.31329997	6.97250200
1.31339997	6.97250200
1.31349997	6.97250200
1.31359997	7.06539100
1.31369997	7.06539100
1.31379997	7.06539100
1.31389997	7.06539100
1.31399997	7.06539100
1.31409997	7.06539100
1.31419997	7.06539100
1.31429997	7.06539100
1.31439997	7.06539100
1.31449997	7.06539100
1.31459997	7.06539100
1.31469997	7.06539100
1.31479997	7.06539100
1.31489997	7.06539100
1.31499997	7.06539100
1.31509997	7.15828000
1.31519997	7.15828000
1.31529997	7.06539100
1.31539997	7.15828000
1.31549997	7.15828000
1.31559997	7.15828000
1.31569997	7.15828000
1.31579997	7.15828000
1.31589997	7.15828000
1.31599997	7.15828000
1.31609997	7.15828000
1.31619997	7.15828000
1.31629997	7.15828000
1.31639997	7.15828000
1.31649997	7.15828000
1.31659997	7.15828000
1.31669997	7.15828000
1.31679997	7.15828000
1.31689997	7.15828000
1.31699997	7.15828000
1.31709997	7.15828000
1.31719997	7.15828000
1.31729997	7.15828000
1.31739997	7.15828000
1.31749997	7.15828000
1.31759997	7.15828000
1.31769997	7.25147600
1.31779997	7.15828000
1.31789997	7.15828000
1.31799997	7.15828000
1.31809997	7.15828000
1.31819997	7.15828000
1.31829997	7.15828000
1.31839997	7.15828000
1.31849997	7.15828000
1.31859997	7.15828000
1.31869997	7.25147600
1.31879997	7.15828000
1.31889997	7.25147600
1.31899997	7.25147600
1.31909997	7.25147600
1.31919997	7.25147600
1.31929997	7.25147600
1.31939997	7.25147600
1.31949997	7.25147600
1.31959997	7.25147600
1.31969997	7.25147600
1.31979997	7.25147600
1.31989997	7.25147600
1.31999997	7.25147600
1.32009997	7.25147600
1.32019997	7.25147600
1.32029997	7.25147600
1.32039997	7.25147600
1.32049997	7.25147600
1.32059997	7.25147600
1.32069997	7.25147600
1.32079997	7.25147600
1.32089997	7.34436500
1.32099997	7.34436500
1.32109997	7.34436500
1.32119997	7.34436500
1.32129997	7.34436500
1.32139997	7.34436500
1.32149997	7.43725400
1.32159997	7.34436500
1.32169997	7.34436500
1.32179997	7.43725400
1.32189997	7.43725400
1.32199997	7.43725400
1.32209997	7.43725400
1.32219997	7.34436500
1.32229997	7.43725400
1.32239997	7.43725400
1.32249997	7.43725400
1.32259997	7.43725400
1.32269997	7.43725400
1.32279997	7.43725400
1.32289997	7.43725400
1.32299997	7.43725400
1.32309997	7.43725400
1.32319997	7.43725400
1.32329997	7.43725400
1.32339997	7.43725400
1.32349997	7.43725400
1.32359997	7.53014300
1.32369997	7.53014300
1.32379997	7.53014300
1.32389997	7.53014300
1.32399997	7.53014300
1.32409997	7.53014300
1.32419997	7.53014300
1.32429997	7.53014300
1.32439997	7.53014300
1.32449997	7.53014300
1.32459997	7.53014300
1.32469997	7.53014300
1.32479997	7.53014300
1.32489997	7.53014300
1.32499997	7.53014300
1.32509997	7.53014300
1.32519997	7.62333900
1.32529997	7.62333900
1.32539997	7.62333900
1.32549997	7.62333900
1.32559997	7.62333900
1.32569997	7.62333900
1.32579997	7.62333900
1.32589997	7.62333900
1.32599997	7.62333900
1.32609997	7.62333900
1.32619997	7.62333900
1.32629997	7.62333900
1.32639997	7.62333900
1.32649997	7.62333900
1.32659997	7.62333900
1.32669997	7.62333900
1.32679997	7.62333900
1.32689997	7.62333900
1.32699997	7.62333900
1.32709997	7.62333900
1.32719997	7.62333900
1.32729997	7.71622800
1.32739997	7.62333900
1.32749997	7.62333900
1.32759997	7.71622800
1.32769997	7.71622800
1.32779997	7.71622800
1.32789997	7.71622800
1.32799997	7.71622800
1.32809997	7.71622800
1.32819997	7.71622800
1.32829997	7.71622800
1.32839997	7.71622800
1.32849997	7.71622800
1.32859997	7.71622800
1.32869997	7.71622800
1.32879997	7.71622800
1.32889997	7.71622800
1.32899997	7.71622800
1.32909997	7.71622800
1.32919997	7.71622800
1.32929997	7.71622800
1.32939997	7.71622800
1.32949997	7.71622800
1.32959997	7.71622800
1.32969997	7.71622800
1.32979997	7.71622800
1.32989997	7.71622800
1.32999997	7.80911700
1.33009997	7.71622800
1.33019997	7.80911700
1.33029997	7.80911700
1.33039997	7.80911700
1.33049997	7.80911700
1.33059997	7.80911700
1.33069997	7.71622800
1.33079997	7.80911700
1.33089997	7.80911700
1.33099997	7.80911700
1.33109997	7.80911700
1.33119997	7.80911700
1.33129997	7.80911700
1.33139997	7.80911700
1.33149997	7.80911700
1.33159997	7.80911700
1.33169997	7.80911700
1.33179997	7.80911700
1.33189997	7.80911700
1.33199997	7.80911700
1.33209997	7.80911700
1.33219997	7.80911700
1.33229997	7.90200500
1.33239997	7.80911700
1.33249997	7.90200500
1.33259997	7.90200500
1.33269997	7.90200500
1.33279997	7.90200500
1.33289997	7.90200500
1.33299997	7.90200500
1.33309997	7.90200500
1.33319997	7.90200500
1.33329997	7.90200500
1.33339997	7.90200500
1.33349997	7.90200500
1.33359997	7.90200500
1.33369997	7.90200500
1.33379997	7.90200500
1.33389997	7.90200500
1.33399997	7.90200500
1.33409997	7.90200500
1.33419997	7.99520200
1.33429997	7.90200500
1.33439997	7.90200500
1.33449997	7.90200500
1.33459997	7.99520200
1.33469997	7.90200500
1.33479997	7.99520200
1.33489997	7.99520200
1.33499997	7.99520200
1.33509997	7.99520200
1.33519997	7.99520200
1.33529997	7.99520200
1.33539997	7.99520200
1.33549997	7.99520200
1.33559997	7.99520200
1.33569997	7.99520200
1.33579997	7.99520200
1.33589997	7.99520200
1.33599997	8.08809100
1.33609997	7.99520200
1.33619997	7.99520200
1.33629997	7.99520200
1.33639997	8.08809100
1.33649997	8.08809100
1.33659997	8.08809100
1.33669997	8.08809100
1.33679997	8.08809100
1.33689997	8.08809100
1.33699997	8.08809100
1.33709997	8.08809100
1.33719997	8.08809100
1.33729997	8.08809100
1.33739997	8.08809100
1.33749997	8.08809100
1.33759997	8.08809100
1.33769997	8.08809100
1.33779997	8.08809100
1.33789997	8.08809100
1.33799997	8.08809100
1.33809997	8.08809100
1.33819997	8.18098000
1.33829997	8.08809100
1.33839997	8.18098000
1.33849997	8.18098000
1.33859997	8.18098000
1.33869997	8.18098000
1.33879997	8.18098000
1.33889997	8.18098000
1.33899997	8.18098000
1.33909997	8.18098000
1.33919997	8.18098000
1.33929997	8.18098000
1.33939997	8.18098000
1.33949997	8.18098000
1.33959997	8.18098000
1.33969997	8.18098000
1.33979997	8.18098000
1.33989997	8.18098000
1.33999997	8.18098000
1.34009997	8.18098000
1.34019997	8.18098000
1.34029997	8.18098000
1.34039997	8.18098000
1.34049997	8.18098000
1.34059997	8.18098000
1.34069997	8.18098000
1.34079997	8.18098000
1.34089997	8.18098000
1.34099997	8.18098000
1.34109997	8.27386800
1.34119997	8.18098000
1.34129997	8.18098000
1.34139997	8.18098000
1.34149997	8.18098000
1.34159997	8.18098000
1.34169997	8.18098000
1.34179997	8.18098000
1.34189997	8.27386800
1.34199997	8.27386800
1.34209997	8.27386800
1.34219997	8.27386800
1.34229997	8.18098000
1.34239997	8.27386800
1.34249997	8.27386800
1.34259997	8.27386800
1.34269997	8.27386800
1.34279997	8.27386800
1.34289997	8.27386800
1.34299997	8.27386800
1.34309997	8.18098000
1.34319997	8.27386800
1.34329997	8.27386800
1.34339997	8.27386800
1.34349997	8.27386800
1.34359997	8.27386800
1.34369997	8.27386800
1.34379997	8.27386800
1.34389997	8.27386800
1.34399997	8.27386800
1.34409997	8.27386800
1.34419997	8.27386800
1.34429997	8.27386800
1.34439997	8.27386800
1.34449997	8.27386800
1.34459997	8.27386800
1.34469997	8.27386800
1.34479997	8.27386800
1.34489997	8.27386800
1.34499997	8.27386800
1.34509997	8.27386800
1.34519997	8.27386800
1.34529997	8.27386800
1.34539997	8.27386800
1.34549997	8.27386800
1.34559997	8.36706400
1.34569997	8.27386800
1.34579997	8.27386800
1.34589997	8.27386800
1.34599997	8.27386800
1.34609997	8.27386800
1.34619997	8.27386800
1.34629997	8.27386800
1.34639997	8.27386800
1.34649997	8.36706400
1.34659997	8.27386800
1.34669997	8.36706400
1.34679997	8.27386800
1.34689997	8.36706400
1.34699997	8.36706400
1.34709997	8.36706400
1.34719997	8.36706400
1.34729997	8.27386800
1.34739997	8.36706400
1.34749997	8.36706400
1.34759997	8.36706400
1.34769997	8.36706400
1.34779997	8.27386800
1.34789997	8.36706400
1.34799997	8.36706400
1.34809997	8.36706400
1.34819997	8.36706400
1.34829997	8.36706400
1.34839997	8.36706400
1.34849997	8.36706400
1.34859997	8.36706400
1.34869997	8.36706400
1.34879997	8.36706400
1.34889997	8.36706400
1.34899997	8.36706400
1.34909997	8.36706400
1.34919997	8.36706400
1.34929997	8.36706400
1.34939997	8.36706400
1.34949997	8.36706400
1.34959997	8.36706400
1.34969997	8.36706400
1.34979997	8.36706400
1.34989997	8.36706400
1.34999997	8.36706400
1.35009997	8.36706400
1.35019997	8.36706400
1.35029997	8.36706400
1.35039997	8.36706400
1.35049997	8.36706400
1.35059997	8.36706400
1.35069997	8.36706400
1.35079997	8.36706400
1.35089997	8.36706400
1.35099997	8.36706400
1.35109997	8.36706400
1.35119997	8.36706400
1.35129997	8.36706400
1.35139997	8.36706400
1.35149997	8.36706400
1.35159997	8.36706400
1.35169997	8.45995300
1.35179997	8.36706400
1.35189997	8.36706400
1.35199997	8.36706400
1.35209997	8.36706400
1.35219997	8.36706400
1.35229997	8.36706400
1.35239997	8.36706400
1.35249997	8.36706400
1.35259997	8.36706400
1.35269997	8.36706400
1.35279997	8.36706400
1.35289997	8.36706400
1.35299997	8.36706400
1.35309997	8.36706400
1.35319997	8.36706400
1.35329997	8.36706400
1.35339997	8.45995300
1.35349997	8.45995300
1.35359997	8.36706400
1.35369997	8.36706400
1.35379997	8.45995300
1.35389997	8.36706400
1.35399997	8.45995300
1.35409997	8.45995300
1.35419997	8.45995300
1.35429997	8.36706400
1.35439997	8.36706400
1.35449997	8.45995300
1.35459997	8.45995300
1.35469997	8.45995300
1.35479997	8.45995300
1.35489997	8.45995300
1.35499997	8.36706400
1.35509997	8.45995300
1.35519997	8.45995300
1.35529997	8.45995300
1.35539997	8.45995300
1.35549997	8.36706400
1.35559997	8.45995300
1.35569997	8.45995300
1.35579997	8.45995300
1.35589997	8.45995300
1.35599997	8.45995300
1.35609997	8.45995300
1.35619997	8.45995300
1.35629997	8.45995300
1.35639997	8.45995300
1.35649997	8.45995300
1.35659997	8.45995300
1.35669997	8.45995300
1.35679997	8.45995300
1.35689997	8.45995300
1.35699997	8.45995300
1.35709997	8.45995300
1.35719997	8.45995300
1.35729997	8.45995300
1.35739997	8.45995300
1.35749997	8.45995300
1.35759997	8.45995300
1.35769997	8.45995300
1.35779997	8.45995300
1.35789997	8.45995300
1.35799997	8.45995300
1.35809997	8.45995300
1.35819997	8.45995300
1.35829997	8.45995300
1.35839997	8.45995300
1.35849997	8.45995300
1.35859997	8.45995300
1.35869997	8.45995300
1.35879997	8.45995300
1.35889997	8.45995300
1.35899997	8.45995300
1.35909997	8.45995300
1.35919997	8.45995300
1.35929997	8.45995300
1.35939997	8.45995300
1.35949997	8.45995300
1.35959997	8.45995300
1.35969997	8.45995300
1.35979997	8.45995300
1.35989997	8.36706400
1.35999997	8.45995300
1.36009997	8.45995300
1.36019997	8.45995300
1.36029997	8.45995300
1.36039997	8.45995300
1.36049997	8.45995300
1.36059997	8.45995300
1.36069997	8.45995300
1.36079997	8.45995300
1.36089997	8.45995300
1.36099997	8.45995300
1.36109997	8.45995300
1.36119997	8.36706400
1.36129997	8.45995300
1.36139997	8.45995300
1.36149997	8.45995300
1.36159997	8.45995300
1.36169997	8.45995300
1.36179997	8.45995300
1.36189997	8.45995300
1.36199997	8.36706400
1.36209997	8.45995300
1.36219997	8.36706400
1.36229997	8.45995300
1.36239997	8.45995300
1.36249997	8.45995300
1.36259997	8.36706400
1.36269997	8.36706400
1.36279997	8.45995300
1.36289997	8.45995300
1.36299997	8.36706400
1.36309997	8.36706400
1.36319997	8.36706400
1.36329997	8.36706400
1.36339997	8.36706400
1.36349997	8.36706400
1.36359997	8.36706400
1.36369997	8.36706400
1.36379997	8.36706400
1.36389997	8.36706400
1.36399997	8.36706400
1.36409997	8.36706400
1.36419997	8.45995300
1.36429997	8.36706400
1.36439997	8.36706400
1.36449997	8.36706400
1.36459997	8.36706400
1.36469997	8.36706400
1.36479997	8.36706400
1.36489997	8.36706400
1.36499997	8.36706400
1.36509997	8.36706400
1.36519997	8.36706400
1.36529997	8.36706400
1.36539997	8.36706400
1.36549997	8.36706400
1.36559997	8.36706400
1.36569997	8.36706400
1.36579997	8.36706400
1.36589997	8.36706400
1.36599997	8.36706400
1.36609997	8.36706400
1.36619997	8.36706400
1.36629997	8.36706400
1.36639997	8.36706400
1.36649997	8.36706400
1.36659997	8.36706400
1.36669997	8.36706400
1.36679997	8.36706400
1.36689997	8.36706400
1.36699997	8.36706400
1.36709997	8.36706400
1.36719997	8.36706400
1.36729997	8.36706400
1.36739997	8.36706400
1.36749997	8.36706400
1.36759997	8.36706400
1.36769997	8.36706400
1.36779997	8.36706400
1.36789997	8.36706400
1.36799997	8.36706400
1.36809997	8.36706400
1.36819997	8.36706400
1.36829997	8.36706400
1.36839997	8.36706400
1.36849997	8.36706400
1.36859997	8.36706400
1.36869997	8.36706400
1.36879997	8.36706400
1.36889997	8.36706400
1.36899997	8.36706400
1.36909997	8.36706400
1.36919997	8.36706400
1.36929997	8.36706400
1.36939997	8.36706400
1.36949997	8.36706400
1.36959997	8.36706400
1.36969997	8.36706400
1.36979997	8.36706400
1.36989997	8.36706400
1.36999997	8.27386800
1.37009997	8.27386800
1.37019997	8.36706400
1.37029997	8.36706400
1.37039997	8.36706400
1.37049997	8.36706400
1.37059997	8.36706400
1.37069997	8.36706400
1.37079997	8.27386800
1.37089997	8.36706400
1.37099997	8.36706400
1.37109997	8.27386800
1.37119997	8.36706400
1.37129997	8.27386800
1.37139997	8.36706400
1.37149997	8.36706400
1.37159997	8.27386800
1.37169997	8.36706400
1.37179997	8.36706400
1.37189997	8.27386800
1.37199997	8.27386800
1.37209997	8.36706400
1.37219997	8.36706400
1.37229997	8.27386800
1.37239997	8.27386800
1.37249997	8.36706400
1.37259997	8.27386800
1.37269997	8.27386800
1.37279997	8.36706400
1.37289997	8.36706400
1.37299997	8.27386800
1.37309997	8.27386800
1.37319997	8.27386800
1.37329997	8.27386800
1.37339997	8.36706400
1.37349997	8.27386800
1.37359997	8.27386800
1.37369997	8.27386800
1.37379997	8.27386800
1.37389997	8.27386800
1.37399997	8.27386800
1.37409997	8.27386800
1.37419997	8.27386800
1.37429997	8.27386800
1.37439997	8.27386800
1.37449997	8.27386800
1.37459997	8.27386800
1.37469997	8.27386800
1.37479997	8.27386800
1.37489997	8.27386800
1.37499997	8.27386800
1.37509997	8.27386800
1.37519997	8.27386800
1.37529997	8.27386800
1.37539997	8.27386800
1.37549997	8.18098000
1.37559997	8.27386800
1.37569997	8.27386800
1.37579997	8.27386800
1.37589997	8.18098000
1.37599997	8.27386800
1.37609997	8.27386800
1.37619997	8.27386800
1.37629997	8.18098000
1.37639997	8.18098000
1.37649997	8.18098000
1.37659997	8.18098000
1.37669997	8.18098000
1.37679997	8.18098000
1.37689997	8.18098000
1.37699997	8.18098000
1.37709997	8.18098000
1.37719997	8.18098000
1.37729997	8.18098000
1.37739997	8.18098000
1.37749997	8.18098000
1.37759997	8.08809100
1.37769997	8.08809100
1.37779997	8.18098000
1.37789997	8.18098000
1.37799997	8.08809100
1.37809997	8.08809100
1.37819997	8.08809100
1.37829997	8.08809100
1.37839997	8.08809100
1.37849997	8.08809100
1.37859997	8.08809100
1.37869997	8.08809100
1.37879997	8.08809100
1.37889997	8.08809100
1.37899997	8.08809100
1.37909997	8.08809100
1.37919997	8.08809100
1.37929997	8.08809100
1.37939997	8.08809100
1.37949997	8.08809100
1.37959997	8.08809100
1.37969997	8.08809100
1.37979997	8.08809100
1.37989997	8.08809100
1.37999997	8.08809100
1.38009997	7.99520200
1.38019997	7.99520200
1.38029997	7.99520200
1.38039997	7.99520200
1.38049997	7.99520200
1.38059997	7.99520200
1.38069997	7.99520200
1.38079997	7.99520200
1.38089997	7.99520200
1.38099997	7.99520200
1.38109997	7.99520200
1.38119997	7.99520200
1.38129997	7.99520200
1.38139997	7.99520200
1.38149997	7.99520200
1.38159997	7.99520200
1.38169997	7.99520200
1.38179997	7.99520200
1.38189997	7.99520200
1.38199997	7.99520200
1.38209997	7.99520200
1.38219997	7.99520200
1.38229997	7.99520200
1.38239997	7.99520200
1.38249997	7.99520200
1.38259997	7.99520200
1.38269997	7.99520200
1.38279997	7.90200500
1.38289997	7.99520200
1.38299997	7.99520200
1.38309997	7.90200500
1.38319997	7.90200500
1.38329997	7.90200500
1.38339997	7.90200500
1.38349997	7.90200500
1.38359997	7.90200500
1.38369997	7.90200500
1.38379997	7.90200500
1.38389997	7.90200500
1.38399997	7.90200500
1.38409997	7.90200500
1.38419997	7.90200500
1.38429997	7.90200500
1.38439997	7.90200500
1.38449997	7.80911700
1.38459997	7.80911700
1.38469997	7.80911700
1.38479997	7.80911700
1.38489997	7.80911700
1.38499997	7.80911700
1.38509997	7.80911700
1.38519997	7.80911700
1.38529997	7.80911700
1.38539997	7.80911700
1.38549996	7.71622800
1.38559996	7.71622800
1.38569996	7.80911700
1.38579996	7.80911700
1.38589996	7.71622800
1.38599996	7.71622800
1.38609996	7.71622800
1.38619996	7.71622800
1.38629996	7.71622800
1.38639996	7.71622800
1.38649996	7.71622800
1.38659996	7.71622800
1.38669996	7.71622800
1.38679996	7.71622800
1.38689996	7.71622800
1.38699996	7.71622800
1.38709996	7.62333900
1.38719996	7.71622800
1.38729996	7.62333900
1.38739996	7.62333900
1.38749996	7.62333900
1.38759996	7.62333900
1.38769996	7.62333900
1.38779996	7.62333900
1.38789996	7.62333900
1.38799996	7.62333900
1.38809996	7.62333900
1.38819996	7.62333900
1.38829996	7.62333900
1.38839996	7.62333900
1.38849996	7.62333900
1.38859996	7.62333900
1.38869996	7.62333900
1.38879996	7.62333900
1.38889996	7.62333900
1.38899996	7.62333900
1.38909996	7.62333900
1.38919996	7.62333900
1.38929996	7.62333900
1.38939996	7.62333900
1.38949996	7.62333900
1.38959996	7.62333900
1.38969996	7.62333900
1.38979996	7.62333900
1.38989996	7.62333900
1.38999996	7.62333900
1.39009996	7.53014300
1.39019996	7.62333900
1.39029996	7.62333900
1.39039996	7.62333900
1.39049996	7.62333900
1.39059996	7.62333900
1.39069996	7.62333900
1.39079996	7.62333900
1.39089996	7.62333900
1.39099996	7.62333900
1.39109996	7.62333900
1.39119996	7.53014300
1.39129996	7.53014300
1.39139996	7.53014300
1.39149996	7.62333900
1.39159996	7.53014300
1.39169996	7.53014300
1.39179996	7.53014300
1.39189996	7.53014300
1.39199996	7.53014300
1.39209996	7.53014300
1.39219996	7.53014300
1.39229996	7.53014300
1.39239996	7.53014300
1.39249996	7.53014300
1.39259996	7.53014300
1.39269996	7.53014300
1.39279996	7.53014300
1.39289996	7.53014300
1.39299996	7.53014300
1.39309996	7.53014300
1.39319996	7.53014300
1.39329996	7.53014300
1.39339996	7.53014300
1.39349996	7.53014300
1.39359996	7.53014300
1.39369996	7.53014300
1.39379996	7.53014300
1.39389996	7.43725400
1.39399996	7.43725400
1.39409996	7.43725400
1.39419996	7.43725400
1.39429996	7.43725400
1.39439996	7.43725400
1.39449996	7.43725400
1.39459996	7.43725400
1.39469996	7.43725400
1.39479996	7.43725400
1.39489996	7.43725400
1.39499996	7.43725400
1.39509996	7.43725400
1.39519996	7.43725400
1.39529996	7.43725400
1.39539996	7.34436500
1.39549996	7.43725400
1.39559996	7.43725400
1.39569996	7.43725400
1.39579996	7.43725400
1.39589996	7.34436500
1.39599996	7.43725400
1.39609996	7.34436500
1.39619996	7.34436500
1.39629996	7.34436500
1.39639996	7.34436500
1.39649996	7.34436500
1.39659996	7.34436500
1.39669996	7.34436500
1.39679996	7.34436500
1.39689996	7.34436500
1.39699996	7.34436500
1.39709996	7.34436500
1.39719996	7.34436500
1.39729996	7.34436500
1.39739996	7.34436500
1.39749996	7.34436500
1.39759996	7.34436500
1.39769996	7.34436500
1.39779996	7.25147600
1.39789996	7.25147600
1.39799996	7.34436500
1.39809996	7.25147600
1.39819996	7.25147600
1.39829996	7.25147600
1.39839996	7.25147600
1.39849996	7.25147600
1.39859996	7.25147600
1.39869996	7.25147600
1.39879996	7.25147600
1.39889996	7.25147600
1.39899996	7.25147600
1.39909996	7.25147600
1.39919996	7.25147600
1.39929996	7.25147600
1.39939996	7.25147600
1.39949996	7.25147600
1.39959996	7.25147600
1.39969996	7.25147600
1.39979996	7.25147600
1.39989996	7.25147600
1.39999996	7.25147600
1.40009996	7.25147600
1.40019996	7.15828000
1.40029996	7.25147600
1.40039996	7.25147600
1.40049996	7.25147600
1.40059996	7.25147600
1.40069996	7.25147600
1.40079996	7.15828000
1.40089996	7.15828000
1.40099996	7.15828000
1.40109996	7.15828000
1.40119996	7.15828000
1.40129996	7.15828000
1.40139996	7.15828000
1.40149996	7.15828000
1.40159996	7.15828000
1.40169996	7.15828000
1.40179996	7.15828000
1.40189996	7.15828000
1.40199996	7.15828000
1.40209996	7.15828000
1.40219996	7.15828000
1.40229996	7.15828000
1.40239996	7.15828000
1.40249996	7.15828000
1.40259996	7.15828000
1.40269996	7.15828000
1.40279996	7.15828000
1.40289996	7.15828000
1.40299996	7.06539100
1.40309996	7.06539100
1.40319996	7.06539100
1.40329996	7.06539100
1.40339996	7.15828000
1.40349996	7.06539100
1.40359996	7.06539100
1.40369996	7.06539100
1.40379996	7.06539100
1.40389996	7.06539100
1.40399996	7.06539100
1.40409996	7.06539100
1.40419996	7.06539100
1.40429996	7.06539100
1.40439996	6.97250200
1.40449996	6.97250200
1.40459996	6.97250200
1.40469996	6.97250200
1.40479996	6.97250200
1.40489996	6.97250200
1.40499996	6.97250200
1.40509996	6.97250200
1.40519996	6.97250200
1.40529996	6.97250200
1.40539996	6.97250200
1.40549996	6.97250200
1.40559996	6.97250200
1.40569996	6.97250200
1.40579996	6.87961400
1.40589996	6.87961400
1.40599996	6.87961400
1.40609996	6.87961400
1.40619996	6.87961400
1.40629996	6.87961400
1.40639996	6.87961400
1.40649996	6.87961400
1.40659996	6.87961400
1.40669996	6.78641700
1.40679996	6.78641700
1.40689996	6.78641700
1.40699996	6.87961400
1.40709996	6.78641700
1.40719996	6.78641700
1.40729996	6.78641700
1.40739996	6.69352900
1.40749996	6.69352900
1.40759996	6.78641700
1.40769996	6.69352900
1.40779996	6.78641700
1.40789996	6.69352900
1.40799996	6.69352900
1.40809996	6.69352900
1.40819996	6.69352900
1.40829996	6.69352900
1.40839996	6.69352900
1.40849996	6.69352900
1.40859996	6.69352900
1.40869996	6.69352900
1.40879996	6.60064000
1.40889996	6.69352900
1.40899996	6.69352900
1.40909996	6.60064000
1.40919996	6.69352900
1.40929996	6.69352900
1.40939996	6.69352900
1.40949996	6.60064000
1.40959996	6.60064000
1.40969996	6.60064000
1.40979996	6.60064000
1.40989996	6.60064000
1.40999996	6.60064000
1.41009996	6.60064000
1.41019996	6.60064000
1.41029996	6.60064000
1.41039996	6.60064000
1.41049996	6.60064000
1.41059996	6.60064000
1.41069996	6.60064000
1.41079996	6.60064000
1.41089996	6.60064000
1.41099996	6.60064000
1.41109996	6.60064000
1.41119996	6.60064000
1.41129996	6.60064000
1.41139996	6.60064000
1.41149996	6.60064000
1.41159996	6.60064000
1.41169996	6.60064000
1.41179996	6.60064000
1.41189996	6.60064000
1.41199996	6.60064000
1.41209996	6.60064000
1.41219996	6.60064000
1.41229996	6.60064000
1.41239996	6.60064000
1.41249996	6.60064000
1.41259996	6.60064000
1.41269996	6.60064000
1.41279996	6.50775100
1.41289996	6.50775100
1.41299996	6.50775100
1.41309996	6.60064000
1.41319996	6.50775100
1.41329996	6.60064000
1.41339996	6.50775100
1.41349996	6.50775100
1.41359996	6.50775100
1.41369996	6.50775100
1.41379996	6.50775100
1.41389996	6.50775100
1.41399996	6.50775100
1.41409996	6.50775100
1.41419996	6.50775100
1.41429996	6.50775100
1.41439996	6.50775100
1.41449996	6.50775100
1.41459996	6.50775100
1.41469996	6.50775100
1.41479996	6.50775100
1.41489996	6.50775100
1.41499996	6.50775100
1.41509996	6.41455500
1.41519996	6.41455500
1.41529996	6.41455500
1.41539996	6.41455500
1.41549996	6.41455500
1.41559996	6.41455500
1.41569996	6.41455500
1.41579996	6.41455500
1.41589996	6.41455500
1.41599996	6.41455500
1.41609996	6.41455500
1.41619996	6.41455500
1.41629996	6.41455500
1.41639996	6.41455500
1.41649996	6.41455500
1.41659996	6.41455500
1.41669996	6.41455500
1.41679996	6.41455500
1.41689996	6.41455500
1.41699996	6.41455500
1.41709996	6.41455500
1.41719996	6.32166600
1.41729996	6.41455500
1.41739996	6.41455500
1.41749996	6.41455500
1.41759996	6.32166600
1.41769996	6.41455500
1.41779996	6.32166600
1.41789996	6.41455500
1.41799996	6.41455500
1.41809996	6.32166600
1.41819996	6.32166600
1.41829996	6.41455500
1.41839996	6.32166600
1.41849996	6.32166600
1.41859996	6.32166600
1.41869996	6.32166600
1.41879996	6.32166600
1.41889996	6.32166600
1.41899996	6.32166600
1.41909996	6.32166600
1.41919996	6.32166600
1.41929996	6.32166600
1.41939996	6.32166600
1.41949996	6.32166600
1.41959996	6.32166600
1.41969996	6.32166600
1.41979996	6.32166600
1.41989996	6.32166600
1.41999996	6.32166600
1.42009996	6.32166600
1.42019996	6.22877700
1.42029996	6.32166600
1.42039996	6.22877700
1.42049996	6.22877700
1.42059996	6.22877700
1.42069996	6.32166600
1.42079996	6.22877700
1.42089996	6.22877700
1.42099996	6.32166600
1.42109996	6.22877700
1.42119996	6.22877700
1.42129996	6.32166600
1.42139996	6.22877700
1.42149996	6.22877700
1.42159996	6.22877700
1.42169996	6.22877700
1.42179996	6.22877700
1.42189996	6.22877700
1.42199996	6.22877700
1.42209996	6.22877700
1.42219996	6.22877700
1.42229996	6.13588800
1.42239996	6.22877700
1.42249996	6.22877700
1.42259996	6.13588800
1.42269996	6.13588800
1.42279996	6.13588800
1.42289996	6.13588800
1.42299996	6.13588800
1.42309996	6.13588800
1.42319996	6.13588800
1.42329996	6.13588800
1.42339996	6.13588800
1.42349996	6.13588800
1.42359996	6.13588800
1.42369996	6.13588800
1.42379996	6.13588800
1.42389996	6.13588800
1.42399996	6.13588800
1.42409996	6.13588800
1.42419996	6.04269200
1.42429996	6.13588800
1.42439996	6.04269200
1.42449996	6.04269200
1.42459996	6.04269200
1.42469996	6.13588800
1.42479996	6.04269200
1.42489996	6.04269200
1.42499996	6.04269200
1.42509996	6.04269200
1.42519996	6.04269200
1.42529996	6.04269200
1.42539996	6.04269200
1.42549996	6.04269200
1.42559996	6.04269200
1.42569996	6.04269200
1.42579996	6.04269200
1.42589996	6.04269200
1.42599996	6.04269200
1.42609996	6.04269200
1.42619996	6.04269200
1.42629996	6.04269200
1.42639996	5.94980300
1.42649996	6.04269200
1.42659996	5.94980300
1.42669996	5.94980300
1.42679996	5.94980300
1.42689996	5.94980300
1.42699996	5.94980300
1.42709996	5.94980300
1.42719996	5.94980300
1.42729996	5.94980300
1.42739996	5.94980300
1.42749996	5.94980300
1.42759996	5.94980300
1.42769996	5.94980300
1.42779996	5.94980300
1.42789996	5.94980300
1.42799996	5.94980300
1.42809996	5.94980300
1.42819996	5.94980300
1.42829996	5.94980300
1.42839996	5.94980300
1.42849996	5.94980300
1.42859996	5.94980300
1.42869996	5.94980300
1.42879996	5.94980300
1.42889996	5.94980300
1.42899996	5.94980300
1.42909996	5.94980300
1.42919996	5.94980300
1.42929996	5.94980300
1.42939996	5.94980300
1.42949996	5.94980300
1.42959996	5.94980300
1.42969996	5.94980300
1.42979996	5.94980300
1.42989996	5.94980300
1.42999996	5.94980300
1.43009996	5.94980300
1.43019996	5.94980300
1.43029996	5.94980300
1.43039996	5.94980300
1.43049996	5.94980300
1.43059996	5.94980300
1.43069996	5.85691500
1.43079996	5.94980300
1.43089996	5.94980300
1.43099996	5.94980300
1.43109996	5.94980300
1.43119996	5.94980300
1.43129996	5.85691500
1.43139996	5.94980300
1.43149996	5.85691500
1.43159996	5.85691500
1.43169996	5.94980300
1.43179996	5.94980300
1.43189996	5.85691500
1.43199996	5.85691500
1.43209996	5.85691500
1.43219996	5.85691500
1.43229996	5.85691500
1.43239996	5.85691500
1.43249996	5.85691500
1.43259996	5.85691500
1.43269996	5.85691500
1.43279996	5.85691500
1.43289996	5.85691500
1.43299996	5.85691500
1.43309996	5.85691500
1.43319996	5.85691500
1.43329996	5.85691500
1.43339996	5.85691500
1.43349996	5.85691500
1.43359996	5.85691500
1.43369996	5.85691500
1.43379996	5.85691500
1.43389996	5.85691500
1.43399996	5.85691500
1.43409996	5.85691500
1.43419996	5.76371800
1.43429996	5.76371800
1.43439996	5.85691500
1.43449996	5.76371800
1.43459996	5.76371800
1.43469996	5.85691500
1.43479996	5.85691500
1.43489996	5.85691500
1.43499996	5.76371800
1.43509996	5.85691500
1.43519996	5.76371800
1.43529996	5.76371800
1.43539996	5.76371800
1.43549996	5.76371800
1.43559996	5.76371800
1.43569996	5.76371800
1.43579996	5.85691500
1.43589996	5.76371800
1.43599996	5.76371800
1.43609996	5.76371800
1.43619996	5.76371800
1.43629996	5.76371800
1.43639996	5.76371800
1.43649996	5.76371800
1.43659996	5.76371800
1.43669996	5.76371800
1.43679996	5.76371800
1.43689996	5.76371800
1.43699996	5.76371800
1.43709996	5.76371800
1.43719996	5.76371800
1.43729996	5.76371800
1.43739996	5.76371800
1.43749996	5.76371800
1.43759996	5.76371800
1.43769996	5.76371800
1.43779996	5.76371800
1.43789996	5.76371800
1.43799996	5.76371800
1.43809996	5.76371800
1.43819996	5.76371800
1.43829996	5.76371800
1.43839996	5.76371800
1.43849996	5.76371800
1.43859996	5.76371800
1.43869996	5.76371800
1.43879996	5.76371800
1.43889996	5.76371800
1.43899996	5.76371800
1.43909996	5.67082900
1.43919996	5.76371800
1.43929996	5.76371800
1.43939996	5.76371800
1.43949996	5.76371800
1.43959996	5.76371800
1.43969996	5.67082900
1.43979996	5.76371800
1.43989996	5.76371800
1.43999996	5.67082900
1.44009996	5.76371800
1.44019996	5.67082900
1.44029996	5.67082900
1.44039996	5.67082900
1.44049996	5.67082900
1.44059996	5.67082900
1.44069996	5.67082900
1.44079996	5.67082900
1.44089996	5.67082900
1.44099996	5.67082900
1.44109996	5.67082900
1.44119996	5.67082900
1.44129996	5.67082900
1.44139996	5.67082900
1.44149996	5.67082900
1.44159996	5.67082900
1.44169996	5.67082900
1.44179996	5.67082900
1.44189996	5.67082900
1.44199996	5.67082900
1.44209996	5.67082900
1.44219996	5.67082900
1.44229996	5.67082900
1.44239996	5.67082900
1.44249996	5.67082900
1.44259996	5.67082900
1.44269996	5.67082900
1.44279996	5.67082900
1.44289996	5.67082900
1.44299996	5.67082900
1.44309996	5.67082900
1.44319996	5.67082900
1.44329996	5.67082900
1.44339996	5.67082900
1.44349996	5.67082900
1.44359996	5.67082900
1.44369996	5.67082900
1.44379996	5.67082900
1.44389996	5.67082900
1.44399996	5.67082900
1.44409996	5.67082900
1.44419996	5.67082900
1.44429996	5.67082900
1.44439996	5.67082900
1.44449996	5.67082900
1.44459996	5.67082900
1.44469996	5.67082900
1.44479996	5.67082900
1.44489996	5.67082900
1.44499996	5.67082900
1.44509996	5.67082900
1.44519996	5.67082900
1.44529996	5.67082900
1.44539996	5.67082900
1.44549996	5.67082900
1.44559996	5.67082900
1.44569996	5.67082900
1.44579996	5.67082900
1.44589996	5.67082900
1.44599996	5.67082900
1.44609996	5.67082900
1.44619996	5.67082900
1.44629996	5.67082900
1.44639996	5.67082900
1.44649996	5.67082900
1.44659996	5.67082900
1.44669996	5.67082900
1.44679996	5.67082900
1.44689996	5.57794000
1.44699996	5.67082900
1.44709996	5.67082900
1.44719996	5.67082900
1.44729996	5.67082900
1.44739996	5.67082900
1.44749996	5.67082900
1.44759996	5.67082900
1.44769996	5.67082900
1.44779996	5.67082900
1.44789996	5.67082900
1.44799996	5.57794000
1.44809996	5.67082900
1.44819996	5.67082900
1.44829996	5.67082900
1.44839996	5.67082900
1.44849996	5.57794000
1.44859996	5.67082900
1.44869996	5.67082900
1.44879996	5.67082900
1.44889996	5.57794000
1.44899996	5.57794000
1.44909996	5.67082900
1.44919996	5.67082900
1.44929996	5.67082900
1.44939996	5.67082900
1.44949996	5.57794000
1.44959996	5.67082900
1.44969996	5.67082900
1.44979996	5.67082900
1.44989996	5.67082900
1.44999996	5.67082900
1.45009996	5.57794000
1.45019996	5.67082900
1.45029996	5.57794000
1.45039996	5.67082900
1.45049996	5.57794000
1.45059996	5.57794000
1.45069996	5.67082900
1.45079996	5.67082900
1.45089996	5.57794000
1.45099996	5.67082900
1.45109996	5.57794000
1.45119996	5.57794000
1.45129996	5.67082900
1.45139996	5.67082900
1.45149996	5.67082900
1.45159996	5.67082900
1.45169996	5.67082900
1.45179996	5.57794000
1.45189996	5.67082900
1.45199996	5.57794000
1.45209996	5.67082900
1.45219996	5.67082900
1.45229996	5.67082900
1.45239996	5.67082900
1.45249996	5.57794000
1.45259996	5.67082900
1.45269996	5.67082900
1.45279996	5.67082900
1.45289996	5.67082900
1.45299996	5.67082900
1.45309996	5.67082900
1.45319996	5.57794000
1.45329996	5.57794000
1.45339996	5.67082900
1.45349996	5.67082900
1.45359996	5.67082900
1.45369996	5.57794000
1.45379996	5.67082900
1.45389996	5.67082900
1.45399996	5.67082900
1.45409996	5.57794000
1.45419996	5.67082900
1.45429996	5.67082900
1.45439996	5.67082900
1.45449996	5.67082900
1.45459996	5.67082900
1.45469996	5.67082900
1.45479996	5.67082900
1.45489996	5.67082900
1.45499996	5.67082900
1.45509996	5.67082900
1.45519996	5.67082900
1.45529996	5.67082900
1.45539996	5.67082900
1.45549996	5.57794000
1.45559996	5.67082900
1.45569996	5.67082900
1.45579996	5.67082900
1.45589996	5.67082900
1.45599996	5.67082900
1.45609996	5.67082900
1.45619996	5.67082900
1.45629996	5.67082900
1.45639996	5.67082900
1.45649996	5.67082900
1.45659996	5.67082900
1.45669996	5.67082900
1.45679996	5.67082900
1.45689996	5.67082900
1.45699996	5.67082900
1.45709996	5.67082900
1.45719996	5.67082900
1.45729996	5.67082900
1.45739996	5.67082900
1.45749996	5.67082900
1.45759996	5.67082900
1.45769996	5.67082900
1.45779996	5.67082900
1.45789996	5.67082900
1.45799996	5.67082900
1.45809996	5.67082900
1.45819996	5.67082900
1.45829996	5.67082900
1.45839996	5.67082900
1.45849996	5.67082900
1.45859996	5.67082900
1.45869996	5.67082900
1.45879996	5.67082900
1.45889996	5.67082900
1.45899996	5.67082900
1.45909996	5.67082900
1.45919996	5.67082900
1.45929996	5.67082900
1.45939996	5.67082900
1.45949996	5.67082900
1.45959996	5.67082900
1.45969996	5.67082900
1.45979996	5.67082900
1.45989996	5.67082900
1.45999996	5.67082900
1.46009996	5.67082900
1.46019996	5.67082900
1.46029996	5.67082900
1.46039996	5.67082900
1.46049996	5.67082900
1.46059996	5.67082900
1.46069996	5.67082900
1.46079996	5.67082900
1.46089996	5.76371800
1.46099996	5.67082900
1.46109996	5.76371800
1.46119996	5.67082900
1.46129996	5.67082900
1.46139996	5.67082900
1.46149996	5.76371800
1.46159996	5.76371800
1.46169996	5.76371800
1.46179996	5.76371800
1.46189996	5.76371800
1.46199996	5.76371800
1.46209996	5.76371800
1.46219996	5.76371800
1.46229996	5.76371800
1.46239996	5.76371800
1.46249996	5.76371800
1.46259996	5.76371800
1.46269996	5.76371800
1.46279996	5.76371800
1.46289996	5.76371800
1.46299996	5.76371800
1.46309996	5.76371800
1.46319996	5.76371800
1.46329996	5.76371800
1.46339996	5.76371800
1.46349996	5.76371800
1.46359996	5.76371800
1.46369996	5.76371800
1.46379996	5.76371800
1.46389996	5.76371800
1.46399996	5.76371800
1.46409996	5.85691500
1.46419996	5.76371800
1.46429996	5.76371800
1.46439996	5.76371800
1.46449996	5.85691500
1.46459996	5.76371800
1.46469996	5.76371800
1.46479996	5.85691500
1.46489996	5.85691500
1.46499996	5.85691500
1.46509996	5.85691500
1.46519996	5.85691500
1.46529996	5.85691500
1.46539996	5.85691500
1.46549996	5.85691500
1.46559996	5.85691500
1.46569996	5.85691500
1.46579996	5.85691500
1.46589996	5.85691500
1.46599996	5.85691500
1.46609996	5.85691500
1.46619996	5.85691500
1.46629996	5.85691500
1.46639996	5.85691500
1.46649996	5.85691500
1.46659996	5.85691500
1.46669996	5.85691500
1.46679996	5.85691500
1.46689996	5.85691500
1.46699996	5.85691500
1.46709996	5.94980300
1.46719996	5.85691500
1.46729996	5.94980300
1.46739996	5.94980300
1.46749996	5.85691500
1.46759996	5.94980300
1.46769996	5.94980300
1.46779996	5.94980300
1.46789996	5.94980300
1.46799996	5.85691500
1.46809996	5.94980300
1.46819996	5.94980300
1.46829996	5.94980300
1.46839996	5.94980300
1.46849996	5.94980300
1.46859996	5.94980300
1.46869996	5.85691500
1.46879996	5.94980300
1.46889996	5.85691500
1.46899996	5.94980300
1.46909996	5.85691500
1.46919996	5.94980300
1.46929996	5.94980300
1.46939996	5.94980300
1.46949996	5.94980300
1.46959996	5.94980300
1.46969996	5.94980300
1.46979996	5.94980300
1.46989996	5.85691500
1.46999996	5.85691500
1.47009996	5.94980300
1.47019996	5.94980300
1.47029996	5.94980300
1.47039996	5.94980300
1.47049996	5.94980300
1.47059996	5.85691500
1.47069996	5.94980300
1.47079996	5.94980300
1.47089996	5.94980300
1.47099996	5.85691500
1.47109996	5.85691500
1.47119996	5.94980300
1.47129996	5.94980300
1.47139996	5.94980300
1.47149996	5.85691500
1.47159996	5.85691500
1.47169996	5.85691500
1.47179996	5.94980300
1.47189996	5.94980300
1.47199996	5.85691500
1.47209996	5.94980300
1.47219996	5.94980300
1.47229996	5.94980300
1.47239996	5.94980300
1.47249996	5.94980300
1.47259996	5.94980300
1.47269996	5.94980300
1.47279996	5.94980300
1.47289996	5.94980300
1.47299996	5.94980300
1.47309996	5.94980300
1.47319996	5.94980300
1.47329996	5.94980300
1.47339996	5.94980300
1.47349996	5.94980300
1.47359996	5.94980300
1.47369996	5.94980300
1.47379996	5.94980300
1.47389996	5.94980300
1.47399996	6.04269200
1.47409996	5.94980300
1.47419996	5.94980300
1.47429996	5.94980300
1.47439996	6.04269200
1.47449996	5.94980300
1.47459996	5.94980300
1.47469996	5.94980300
1.47479996	6.04269200
1.47489996	6.04269200
1.47499996	6.04269200
1.47509996	6.04269200
1.47519996	6.04269200
1.47529996	6.04269200
1.47539996	6.04269200
1.47549996	6.04269200
1.47559996	6.04269200
1.47569996	6.04269200
1.47579996	6.04269200
1.47589996	6.04269200
1.47599996	6.04269200
1.47609996	6.04269200
1.47619996	6.04269200
1.47629996	6.04269200
1.47639996	6.04269200
1.47649996	6.04269200
1.47659996	6.04269200
1.47669996	6.04269200
1.47679996	6.04269200
1.47689996	6.04269200
1.47699996	6.04269200
1.47709996	6.04269200
1.47719996	6.04269200
1.47729996	6.04269200
1.47739996	6.04269200
1.47749996	6.04269200
1.47759996	6.04269200
1.47769996	6.04269200
1.47779996	6.04269200
1.47789996	6.04269200
1.47799996	6.04269200
1.47809996	6.04269200
1.47819996	6.04269200
1.47829996	6.04269200
1.47839996	6.04269200
1.47849996	6.13588800
1.47859996	6.13588800
1.47869996	6.13588800
1.47879996	6.13588800
1.47889996	6.13588800
1.47899996	6.13588800
1.47909996	6.13588800
1.47919996	6.13588800
1.47929996	6.13588800
1.47939996	6.13588800
1.47949996	6.13588800
1.47959996	6.13588800
1.47969996	6.13588800
1.47979996	6.13588800
1.47989996	6.13588800
1.47999996	6.13588800
1.48009996	6.13588800
1.48019996	6.13588800
1.48029996	6.22877700
1.48039996	6.13588800
1.48049996	6.13588800
1.48059996	6.13588800
1.48069996	6.13588800
1.48079996	6.13588800
1.48089996	6.22877700
1.48099996	6.22877700
1.48109996	6.22877700
1.48119996	6.22877700
1.48129996	6.22877700
1.48139996	6.22877700
1.48149996	6.22877700
1.48159996	6.22877700
1.48169996	6.22877700
1.48179996	6.22877700
1.48189996	6.22877700
1.48199996	6.22877700
1.48209996	6.22877700
1.48219996	6.22877700
1.48229996	6.22877700
1.48239996	6.22877700
1.48249996	6.32166600
1.48259996	6.32166600
1.48269996	6.32166600
1.48279996	6.32166600
1.48289996	6.32166600
1.48299996	6.32166600
1.48309996	6.32166600
1.48319996	6.32166600
1.48329996	6.32166600
1.48339996	6.32166600
1.48349996	6.32166600
1.48359996	6.32166600
1.48369996	6.41455500
1.48379996	6.32166600
1.48389996	6.41455500
1.48399996	6.41455500
1.48409996	6.41455500
1.48419996	6.41455500
1.48429996	6.41455500
1.48439996	6.41455500
1.48449996	6.41455500
1.48459996	6.41455500
1.48469996	6.41455500
1.48479996	6.41455500
1.48489996	6.41455500
1.48499996	6.41455500
1.48509996	6.50775100
1.48519996	6.50775100
1.48529996	6.41455500
1.48539996	6.50775100
1.48549996	6.50775100
1.48559996	6.50775100
1.48569996	6.50775100
1.48579996	6.50775100
1.48589996	6.50775100
1.48599996	6.50775100
1.48609996	6.50775100
1.48619996	6.50775100
1.48629996	6.50775100
1.48639996	6.50775100
1.48649996	6.50775100
1.48659996	6.50775100
1.48669996	6.50775100
1.48679996	6.50775100
1.48689996	6.60064000
1.48699996	6.60064000
1.48709996	6.60064000
1.48719996	6.60064000
1.48729996	6.60064000
1.48739996	6.60064000
1.48749996	6.60064000
1.48759996	6.60064000
1.48769996	6.60064000
1.48779996	6.60064000
1.48789996	6.60064000
1.48799996	6.60064000
1.48809996	6.60064000
1.48819996	6.60064000
1.48829996	6.60064000
1.48839996	6.60064000
1.48849996	6.60064000
1.48859996	6.60064000
1.48869996	6.60064000
1.48879996	6.60064000
1.48889996	6.60064000
1.48899996	6.60064000
1.48909996	6.60064000
1.48919996	6.60064000
1.48929996	6.60064000
1.48939996	6.60064000
1.48949996	6.60064000
1.48959996	6.60064000
1.48969996	6.60064000
1.48979996	6.60064000
1.48989996	6.60064000
1.48999996	6.60064000
1.49009996	6.60064000
1.49019996	6.60064000
1.49029996	6.60064000
1.49039996	6.60064000
1.49049996	6.60064000
1.49059996	6.60064000
1.49069996	6.60064000
1.49079996	6.60064000
1.49089996	6.60064000
1.49099996	6.69352900
1.49109996	6.69352900
1.49119996	6.60064000
1.49129996	6.60064000
1.49139996	6.60064000
1.49149996	6.69352900
1.49159996	6.69352900
1.49169996	6.69352900
1.49179996	6.69352900
1.49189996	6.69352900
1.49199996	6.69352900
1.49209996	6.69352900
1.49219996	6.69352900
1.49229996	6.69352900
1.49239996	6.69352900
1.49249996	6.69352900
1.49259996	6.69352900
1.49269996	6.69352900
1.49279996	6.69352900
1.49289996	6.69352900
1.49299996	6.69352900
1.49309996	6.69352900
1.49319996	6.69352900
1.49329996	6.69352900
1.49339996	6.69352900
1.49349996	6.69352900
1.49359996	6.69352900
1.49369996	6.69352900
1.49379996	6.78641700
1.49389996	6.78641700
1.49399996	6.69352900
1.49409996	6.78641700
1.49419996	6.69352900
1.49429996	6.78641700
1.49439996	6.78641700
1.49449996	6.78641700
1.49459996	6.78641700
1.49469996	6.78641700
1.49479996	6.78641700
1.49489996	6.78641700
1.49499996	6.78641700
1.49509996	6.78641700
1.49519996	6.78641700
1.49529996	6.78641700
1.49539996	6.78641700
1.49549996	6.78641700
1.49559996	6.78641700
1.49569996	6.78641700
1.49579996	6.78641700
1.49589996	6.78641700
1.49599996	6.78641700
1.49609996	6.78641700
1.49619996	6.78641700
1.49629996	6.78641700
1.49639996	6.78641700
1.49649996	6.78641700
1.49659996	6.78641700
1.49669996	6.78641700
1.49679996	6.78641700
1.49689996	6.78641700
1.49699996	6.78641700
1.49709996	6.87961400
1.49719996	6.78641700
1.49729996	6.87961400
1.49739996	6.87961400
1.49749996	6.87961400
1.49759996	6.87961400
1.49769996	6.87961400
1.49779996	6.78641700
1.49789996	6.87961400
1.49799996	6.87961400
1.49809996	6.87961400
1.49819996	6.87961400
1.49829996	6.87961400
1.49839996	6.87961400
1.49849996	6.87961400
1.49859996	6.87961400
1.49869996	6.87961400
1.49879996	6.87961400
1.49889996	6.87961400
1.49899996	6.87961400
1.49909996	6.87961400
1.49919996	6.87961400
1.49929996	6.87961400
1.49939996	6.87961400
1.49949996	6.87961400
1.49959996	6.87961400
1.49969996	6.87961400
1.49979996	6.87961400
1.49989996	6.87961400
1.49999996	6.87961400
1.50009996	6.87961400
1.50019996	6.97250200
1.50029996	6.97250200
1.50039996	6.87961400
1.50049996	6.87961400
1.50059996	6.97250200
1.50069996	6.97250200
1.50079996	6.97250200
1.50089996	6.97250200
1.50099996	6.97250200
1.50109996	6.97250200
1.50119996	6.97250200
1.50129996	6.97250200
1.50139996	6.97250200
1.50149996	6.97250200
1.50159996	6.97250200
1.50169996	6.97250200
1.50179996	6.97250200
1.50189996	6.97250200
1.50199996	6.97250200
1.50209996	6.97250200
1.50219996	6.97250200
1.50229996	7.06539100
1.50239996	7.06539100
1.50249996	6.97250200
1.50259996	7.06539100
1.50269996	6.97250200
1.50279996	7.06539100
1.50289996	7.06539100
1.50299996	7.06539100
1.50309996	7.06539100
1.50319996	7.06539100
1.50329996	7.06539100
1.50339996	7.06539100
1.50349996	7.06539100
1.50359996	7.06539100
1.50369996	7.06539100
1.50379996	7.15828000
1.50389996	7.15828000
1.50399996	7.15828000
1.50409996	7.06539100
1.50419996	7.15828000
1.50429996	7.15828000
1.50439996	7.15828000
1.50449996	7.15828000
1.50459996	7.15828000
1.50469996	7.15828000
1.50479996	7.25147600
1.50489996	7.15828000
1.50499996	7.15828000
1.50509996	7.25147600
1.50519996	7.25147600
1.50529996	7.25147600
1.50539996	7.25147600
1.50549996	7.25147600
1.50559996	7.25147600
1.50569996	7.25147600
1.50579996	7.25147600
1.50589996	7.25147600
1.50599996	7.34436500
1.50609996	7.34436500
1.50619996	7.25147600
1.50629996	7.34436500
1.50639996	7.34436500
1.50649996	7.34436500
1.50659996	7.34436500
1.50669996	7.34436500
1.50679996	7.34436500
1.50689996	7.34436500
1.50699996	7.34436500
1.50709996	7.34436500
1.50719996	7.34436500
1.50729996	7.34436500
1.50739996	7.34436500
1.50749996	7.34436500
1.50759996	7.34436500
1.50769996	7.34436500
1.50779996	7.43725400
1.50789996	7.34436500
1.50799996	7.43725400
1.50809996	7.43725400
1.50819996	7.43725400
1.50829996	7.43725400
1.50839996	7.43725400
1.50849996	7.43725400
1.50859996	7.43725400
1.50869996	7.43725400
1.50879996	7.43725400
1.50889996	7.43725400
1.50899996	7.43725400
1.50909996	7.43725400
1.50919996	7.43725400
1.50929996	7.43725400
1.50939996	7.43725400
1.50949996	7.43725400
1.50959996	7.43725400
1.50969996	7.43725400
1.50979996	7.53014300
1.50989996	7.53014300
1.50999996	7.43725400
1.51009996	7.43725400
1.51019996	7.53014300
1.51029996	7.53014300
1.51039996	7.53014300
1.51049996	7.53014300
1.51059996	7.53014300
1.51069996	7.53014300
1.51079996	7.53014300
1.51089996	7.53014300
1.51099996	7.53014300
1.51109996	7.53014300
1.51119996	7.53014300
1.51129996	7.53014300
1.51139996	7.53014300
1.51149996	7.53014300
1.51159996	7.53014300
1.51169996	7.53014300
1.51179996	7.53014300
1.51189996	7.53014300
1.51199996	7.53014300
1.51209996	7.53014300
1.51219996	7.53014300
1.51229996	7.62333900
1.51239996	7.62333900
1.51249996	7.53014300
1.51259996	7.53014300
1.51269996	7.62333900
1.51279996	7.62333900
1.51289996	7.53014300
1.51299996	7.53014300
1.51309996	7.53014300
1.51319996	7.62333900
1.51329996	7.62333900
1.51339996	7.62333900
1.51349996	7.62333900
1.51359996	7.62333900
1.51369996	7.62333900
1.51379996	7.62333900
1.51389996	7.62333900
1.51399996	7.62333900
1.51409996	7.62333900
1.51419996	7.62333900
1.51429996	7.62333900
1.51439996	7.62333900
1.51449996	7.62333900
1.51459996	7.62333900
1.51469996	7.62333900
1.51479996	7.62333900
1.51489996	7.62333900
1.51499996	7.62333900
1.51509996	7.62333900
1.51519996	7.62333900
1.51529996	7.62333900
1.51539996	7.71622800
1.51549996	7.62333900
1.51559996	7.62333900
1.51569996	7.71622800
1.51579996	7.62333900
1.51589996	7.71622800
1.51599996	7.62333900
1.51609996	7.62333900
1.51619996	7.71622800
1.51629996	7.62333900
1.51639996	7.71622800
1.51649996	7.71622800
1.51659996	7.71622800
1.51669996	7.71622800
1.51679996	7.71622800
1.51689996	7.71622800
1.51699996	7.71622800
1.51709996	7.71622800
1.51719996	7.71622800
1.51729996	7.71622800
1.51739996	7.71622800
1.51749996	7.71622800
1.51759996	7.71622800
1.51769996	7.71622800
1.51779996	7.71622800
1.51789996	7.71622800
1.51799996	7.71622800
1.51809996	7.71622800
1.51819996	7.71622800
1.51829996	7.71622800
1.51839996	7.71622800
1.51849996	7.71622800
1.51859996	7.71622800
1.51869996	7.71622800
1.51879996	7.71622800
1.51889996	7.71622800
1.51899996	7.71622800
1.51909996	7.71622800
1.51919996	7.71622800
1.51929996	7.71622800
1.51939996	7.71622800
1.51949996	7.71622800
1.51959996	7.71622800
1.51969996	7.80911700
1.51979996	7.71622800
1.51989996	7.80911700
1.51999996	7.71622800
1.52009996	7.71622800
1.52019996	7.80911700
1.52029996	7.71622800
1.52039996	7.71622800
1.52049996	7.71622800
1.52059996	7.80911700
1.52069996	7.80911700
1.52079996	7.80911700
1.52089996	7.80911700
1.52099996	7.80911700
1.52109996	7.80911700
1.52119996	7.80911700
1.52129996	7.80911700
1.52139996	7.80911700
1.52149996	7.80911700
1.52159996	7.80911700
1.52169996	7.80911700
1.52179996	7.80911700
1.52189996	7.80911700
1.52199996	7.80911700
1.52209996	7.80911700
1.52219996	7.80911700
1.52229996	7.80911700
1.52239996	7.80911700
1.52249996	7.90200500
1.52259996	7.80911700
1.52269996	7.80911700
1.52279996	7.80911700
1.52289996	7.90200500
1.52299996	7.90200500
1.52309996	7.80911700
1.52319996	7.90200500
1.52329996	7.90200500
1.52339996	7.90200500
1.52349996	7.90200500
1.52359996	7.90200500
1.52369996	7.90200500
1.52379996	7.90200500
1.52389996	7.90200500
1.52399996	7.90200500
1.52409996	7.90200500
1.52419996	7.90200500
1.52429996	7.90200500
1.52439996	7.90200500
1.52449996	7.90200500
1.52459996	7.90200500
1.52469996	7.90200500
1.52479996	7.99520200
1.52489996	7.90200500
1.52499996	7.99520200
1.52509996	7.99520200
1.52519996	7.99520200
1.52529996	7.99520200
1.52539996	7.99520200
1.52549996	7.99520200
1.52559996	7.99520200
1.52569996	7.99520200
1.52579996	7.99520200
1.52589996	7.99520200
1.52599996	7.99520200
1.52609996	7.99520200
1.52619996	7.99520200
1.52629996	7.99520200
1.52639996	7.99520200
1.52649996	7.99520200
1.52659996	7.99520200
1.52669996	7.99520200
1.52679996	8.08809100
1.52689996	8.08809100
1.52699996	7.99520200
1.52709996	7.99520200
1.52719996	7.99520200
1.52729996	7.99520200
1.52739996	8.08809100
1.52749996	8.08809100
1.52759996	7.99520200
1.52769996	8.08809100
1.52779996	8.08809100
1.52789996	8.08809100
1.52799996	8.08809100
1.52809996	8.08809100
1.52819996	8.08809100
1.52829996	8.08809100
1.52839996	8.08809100
1.52849996	8.08809100
1.52859996	8.08809100
1.52869996	8.08809100
1.52879996	8.08809100
1.52889996	8.08809100
1.52899996	8.08809100
1.52909996	8.08809100
1.52919996	8.08809100
1.52929996	8.08809100
1.52939996	8.08809100
1.52949996	8.08809100
1.52959996	8.08809100
1.52969996	8.08809100
1.52979996	8.08809100
1.52989996	8.08809100
1.52999996	8.08809100
1.53009996	8.08809100
1.53019996	8.08809100
1.53029996	8.08809100
1.53039996	8.08809100
1.53049996	8.08809100
1.53059996	8.08809100
1.53069996	8.08809100
1.53079996	8.18098000
1.53089996	8.08809100
1.53099996	8.08809100
1.53109996	8.18098000
1.53119996	8.08809100
1.53129996	8.18098000
1.53139996	8.18098000
1.53149996	8.18098000
1.53159996	8.18098000
1.53169996	8.18098000
1.53179996	8.18098000
1.53189996	8.18098000
1.53199996	8.18098000
1.53209996	8.18098000
1.53219996	8.18098000
1.53229996	8.18098000
1.53239996	8.18098000
1.53249996	8.18098000
1.53259996	8.18098000
1.53269996	8.18098000
1.53279996	8.18098000
1.53289996	8.18098000
1.53299996	8.18098000
1.53309996	8.18098000
1.53319996	8.18098000
1.53329996	8.18098000
1.53339996	8.18098000
1.53349996	8.27386800
1.53359996	8.18098000
1.53369996	8.27386800
1.53379996	8.18098000
1.53389996	8.27386800
1.53399996	8.27386800
1.53409996	8.18098000
1.53419996	8.27386800
1.53429996	8.27386800
1.53439996	8.18098000
1.53449996	8.27386800
1.53459996	8.18098000
1.53469996	8.18098000
1.53479996	8.27386800
1.53489996	8.27386800
1.53499996	8.27386800
1.53509996	8.27386800
1.53519996	8.27386800
1.53529996	8.27386800
1.53539996	8.27386800
1.53549996	8.27386800
1.53559996	8.27386800
1.53569996	8.27386800
1.53579996	8.27386800
1.53589996	8.27386800
1.53599996	8.27386800
1.53609996	8.27386800
1.53619996	8.27386800
1.53629996	8.27386800
1.53639996	8.27386800
1.53649996	8.27386800
1.53659996	8.27386800
1.53669996	8.27386800
1.53679996	8.27386800
1.53689996	8.27386800
1.53699996	8.27386800
1.53709996	8.27386800
1.53719996	8.27386800
1.53729996	8.27386800
1.53739996	8.27386800
1.53749996	8.27386800
1.53759996	8.27386800
1.53769996	8.27386800
1.53779996	8.27386800
1.53789996	8.27386800
1.53799996	8.27386800
1.53809996	8.27386800
1.53819996	8.27386800
1.53829996	8.27386800
1.53839996	8.27386800
1.53849996	8.27386800
1.53859996	8.27386800
1.53869996	8.27386800
1.53879996	8.27386800
1.53889996	8.27386800
1.53899996	8.27386800
1.53909996	8.27386800
1.53919996	8.27386800
1.53929996	8.27386800
1.53939996	8.27386800
1.53949996	8.27386800
1.53959996	8.27386800
1.53969996	8.36706400
1.53979996	8.27386800
1.53989996	8.36706400
1.53999996	8.36706400
1.54009996	8.27386800
1.54019996	8.27386800
1.54029996	8.27386800
1.54039996	8.36706400
1.54049996	8.27386800
1.54059996	8.36706400
1.54069996	8.36706400
1.54079996	8.36706400
1.54089996	8.36706400
1.54099996	8.36706400
1.54109996	8.36706400
1.54119996	8.36706400
1.54129996	8.36706400
1.54139996	8.36706400
1.54149996	8.27386800
1.54159996	8.36706400
1.54169996	8.36706400
1.54179996	8.36706400
1.54189996	8.36706400
1.54199996	8.36706400
1.54209996	8.36706400
1.54219996	8.36706400
1.54229996	8.36706400
1.54239996	8.36706400
1.54249996	8.36706400
1.54259996	8.36706400
1.54269996	8.36706400
1.54279996	8.36706400
1.54289996	8.36706400
1.54299996	8.36706400
1.54309996	8.36706400
1.54319996	8.36706400
1.54329996	8.36706400
1.54339996	8.36706400
1.54349996	8.45995300
1.54359996	8.36706400
1.54369996	8.36706400
1.54379996	8.36706400
1.54389996	8.45995300
1.54399996	8.36706400
1.54409996	8.45995300
1.54419996	8.36706400
1.54429996	8.45995300
1.54439996	8.36706400
1.54449996	8.45995300
1.54459996	8.45995300
1.54469996	8.45995300
1.54479996	8.36706400
1.54489996	8.45995300
1.54499996	8.45995300
1.54509996	8.36706400
1.54519996	8.36706400
1.54529996	8.36706400
1.54539996	8.45995300
1.54549996	8.45995300
1.54559996	8.45995300
1.54569996	8.45995300
1.54579996	8.45995300
1.54589996	8.45995300
1.54599996	8.45995300
1.54609996	8.45995300
1.54619996	8.45995300
1.54629996	8.45995300
1.54639996	8.36706400
1.54649996	8.45995300
1.54659996	8.45995300
1.54669996	8.36706400
1.54679996	8.45995300
1.54689996	8.45995300
1.54699996	8.36706400
1.54709996	8.36706400
1.54719996	8.45995300
1.54729996	8.45995300
1.54739996	8.45995300
1.54749996	8.45995300
1.54759996	8.45995300
1.54769996	8.45995300
1.54779996	8.45995300
1.54789996	8.45995300
1.54799996	8.45995300
1.54809996	8.45995300
1.54819996	8.45995300
1.54829996	8.45995300
1.54839996	8.45995300
1.54849996	8.45995300
1.54859996	8.45995300
1.54869996	8.45995300
1.54879996	8.45995300
1.54889996	8.45995300
1.54899996	8.45995300
1.54909996	8.45995300
1.54919996	8.45995300
1.54929996	8.45995300
1.54939996	8.45995300
1.54949996	8.45995300
1.54959996	8.45995300
1.54969996	8.45995300
1.54979996	8.45995300
1.54989996	8.45995300
1.54999996	8.45995300
1.55009996	8.45995300
1.55019996	8.45995300
1.55029996	8.45995300
1.55039996	8.45995300
1.55049996	8.45995300
1.55059996	8.45995300
1.55069996	8.45995300
1.55079996	8.45995300
1.55089996	8.45995300
1.55099996	8.45995300
1.55109996	8.45995300
1.55119996	8.45995300
1.55129996	8.45995300
1.55139996	8.45995300
1.55149996	8.45995300
1.55159996	8.45995300
1.55169996	8.45995300
1.55179996	8.45995300
1.55189996	8.45995300
1.55199996	8.45995300
1.55209996	8.45995300
1.55219996	8.45995300
1.55229996	8.45995300
1.55239996	8.45995300
1.55249996	8.45995300
1.55259996	8.45995300
1.55269996	8.45995300
1.55279996	8.45995300
1.55289996	8.45995300
1.55299996	8.45995300
1.55309996	8.45995300
1.55319996	8.45995300
1.55329996	8.45995300
1.55339996	8.45995300
1.55349996	8.45995300
1.55359996	8.45995300
1.55369996	8.45995300
1.55379996	8.45995300
1.55389996	8.45995300
1.55399996	8.45995300
1.55409996	8.45995300
1.55419996	8.45995300
1.55429996	8.45995300
1.55439996	8.45995300
1.55449996	8.45995300
1.55459996	8.45995300
1.55469996	8.45995300
1.55479996	8.45995300
1.55489996	8.45995300
1.55499996	8.45995300
1.55509996	8.45995300
1.55519996	8.45995300
1.55529996	8.45995300
1.55539996	8.45995300
1.55549996	8.45995300
1.55559996	8.45995300
1.55569996	8.45995300
1.55579996	8.45995300
1.55589996	8.45995300
1.55599996	8.45995300
1.55609996	8.45995300
1.55619996	8.45995300
1.55629996	8.45995300
1.55639996	8.45995300
1.55649996	8.45995300
1.55659996	8.45995300
1.55669996	8.45995300
1.55679996	8.45995300
1.55689996	8.45995300
1.55699996	8.45995300
1.55709996	8.45995300
1.55719996	8.45995300
1.55729996	8.45995300
1.55739996	8.45995300
1.55749996	8.45995300
1.55759996	8.45995300
1.55769996	8.45995300
1.55779996	8.45995300
1.55789996	8.45995300
1.55799996	8.45995300
1.55809996	8.45995300
1.55819996	8.45995300
1.55829996	8.45995300
1.55839996	8.45995300
1.55849996	8.45995300
1.55859996	8.45995300
1.55869996	8.45995300
1.55879996	8.45995300
1.55889996	8.45995300
1.55899996	8.45995300
1.55909996	8.45995300
1.55919996	8.45995300
1.55929996	8.45995300
1.55939996	8.45995300
1.55949996	8.45995300
1.55959996	8.45995300
1.55969996	8.45995300
1.55979996	8.45995300
1.55989996	8.45995300
1.55999996	8.45995300
1.56009996	8.45995300
1.56019996	8.45995300
1.56029996	8.45995300
1.56039996	8.45995300
1.56049996	8.45995300
1.56059996	8.45995300
1.56069996	8.45995300
1.56079996	8.45995300
1.56089996	8.45995300
1.56099996	8.45995300
1.56109996	8.45995300
1.56119996	8.45995300
1.56129996	8.45995300
1.56139996	8.45995300
1.56149996	8.45995300
1.56159996	8.45995300
1.56169996	8.45995300
1.56179996	8.45995300
1.56189996	8.45995300
1.56199996	8.45995300
1.56209996	8.45995300
1.56219996	8.45995300
1.56229996	8.45995300
1.56239996	8.45995300
1.56249996	8.45995300
1.56259996	8.45995300
1.56269996	8.45995300
1.56279996	8.45995300
1.56289996	8.45995300
1.56299996	8.45995300
1.56309996	8.45995300
1.56319996	8.45995300
1.56329996	8.45995300
1.56339996	8.36706400
1.56349996	8.45995300
1.56359996	8.45995300
1.56369996	8.45995300
1.56379996	8.45995300
1.56389996	8.45995300
1.56399996	8.45995300
1.56409996	8.45995300
1.56419996	8.45995300
1.56429996	8.45995300
1.56439996	8.45995300
1.56449996	8.45995300
1.56459996	8.45995300
1.56469996	8.45995300
1.56479996	8.45995300
1.56489996	8.36706400
1.56499996	8.45995300
1.56509996	8.45995300
1.56519996	8.45995300
1.56529996	8.45995300
1.56539996	8.45995300
1.56549996	8.45995300
1.56559996	8.45995300
1.56569996	8.45995300
1.56579996	8.36706400
1.56589996	8.45995300
1.56599996	8.36706400
1.56609996	8.36706400
1.56619996	8.36706400
1.56629996	8.36706400
1.56639996	8.36706400
1.56649996	8.36706400
1.56659996	8.36706400
1.56669996	8.36706400
1.56679996	8.36706400
1.56689996	8.36706400
1.56699996	8.36706400
1.56709996	8.36706400
1.56719996	8.36706400
1.56729996	8.36706400
1.56739996	8.36706400
1.56749996	8.36706400
1.56759996	8.36706400
1.56769996	8.36706400
1.56779996	8.36706400
1.56789996	8.36706400
1.56799996	8.36706400
1.56809996	8.36706400
1.56819996	8.36706400
1.56829996	8.36706400
1.56839996	8.36706400
1.56849996	8.36706400
1.56859996	8.36706400
1.56869996	8.36706400
1.56879996	8.36706400
1.56889996	8.36706400
1.56899996	8.36706400
1.56909996	8.36706400
1.56919996	8.36706400
1.56929996	8.36706400
1.56939996	8.36706400
1.56949996	8.36706400
1.56959996	8.36706400
1.56969996	8.36706400
1.56979996	8.36706400
1.56989996	8.36706400
1.56999996	8.36706400
1.57009996	8.36706400
1.57019996	8.36706400
1.57029996	8.36706400
1.57039996	8.36706400
1.57049996	8.36706400
1.57059996	8.36706400
1.57069996	8.27386800
1.57079996	8.36706400
1.57089996	8.36706400
1.57099996	8.36706400
1.57109996	8.36706400
1.57119996	8.27386800
1.57129996	8.36706400
1.57139996	8.36706400
1.57149996	8.36706400
1.57159996	8.27386800
1.57169996	8.36706400
1.57179996	8.36706400
1.57189996	8.36706400
1.57199996	8.36706400
1.57209996	8.36706400
1.57219996	8.27386800
1.57229996	8.36706400
1.57239996	8.27386800
1.57249996	8.27386800
1.57259996	8.27386800
1.57269996	8.36706400
1.57279996	8.27386800
1.57289996	8.36706400
1.57299996	8.36706400
1.57309996	8.27386800
1.57319996	8.27386800
1.57329996	8.27386800
1.57339996	8.36706400
1.57349996	8.36706400
1.57359996	8.27386800
1.57369996	8.27386800
1.57379996	8.36706400
1.57389996	8.27386800
1.57399996	8.27386800
1.57409996	8.27386800
1.57419996	8.27386800
1.57429996	8.27386800
1.57439996	8.27386800
1.57449996	8.27386800
1.57459996	8.27386800
1.57469996	8.27386800
1.57479996	8.27386800
1.57489996	8.27386800
1.57499996	8.27386800
1.57509996	8.27386800
1.57519996	8.27386800
1.57529996	8.27386800
1.57539996	8.27386800
1.57549996	8.27386800
1.57559996	8.27386800
1.57569996	8.27386800
1.57579996	8.27386800
1.57589996	8.27386800
1.57599996	8.27386800
1.57609996	8.27386800
1.57619996	8.27386800
1.57629996	8.27386800
1.57639996	8.27386800
1.57649996	8.27386800
1.57659996	8.27386800
1.57669996	8.27386800
1.57679996	8.27386800
1.57689996	8.27386800
1.57699996	8.27386800
1.57709996	8.27386800
1.57719996	8.27386800
1.57729996	8.27386800
1.57739996	8.18098000
1.57749996	8.27386800
1.57759996	8.27386800
1.57769996	8.27386800
1.57779996	8.27386800
1.57789996	8.27386800
1.57799996	8.27386800
1.57809996	8.27386800
1.57819996	8.18098000
1.57829996	8.27386800
1.57839996	8.27386800
1.57849996	8.27386800
1.57859996	8.27386800
1.57869996	8.27386800
1.57879996	8.18098000
1.57889996	8.27386800
1.57899996	8.18098000
1.57909996	8.27386800
1.57919996	8.18098000
1.57929996	8.27386800
1.57939996	8.18098000
1.57949996	8.18098000
1.57959996	8.18098000
1.57969996	8.27386800
1.57979996	8.18098000
1.57989996	8.18098000
1.57999996	8.27386800
1.58009996	8.27386800
1.58019996	8.18098000
1.58029996	8.18098000
1.58039996	8.18098000
1.58049996	8.18098000
1.58059996	8.18098000
1.58069996	8.18098000
1.58079996	8.18098000
1.58089996	8.18098000
1.58099996	8.18098000
1.58109996	8.18098000
1.58119996	8.18098000
1.58129996	8.18098000
1.58139996	8.18098000
1.58149996	8.18098000
1.58159996	8.18098000
1.58169996	8.18098000
1.58179996	8.18098000
1.58189996	8.18098000
1.58199996	8.18098000
1.58209996	8.18098000
1.58219996	8.18098000
1.58229996	8.18098000
1.58239996	8.18098000
1.58249996	8.18098000
1.58259996	8.18098000
1.58269996	8.08809100
1.58279996	8.08809100
1.58289996	8.08809100
1.58299996	8.08809100
1.58309996	8.08809100
1.58319996	8.08809100
1.58329996	8.08809100
1.58339996	8.08809100
1.58349996	8.08809100
1.58359996	8.08809100
1.58369996	8.08809100
1.58379996	8.08809100
1.58389996	8.08809100
1.58399996	8.08809100
1.58409996	8.08809100
1.58419996	8.08809100
1.58429996	8.08809100
1.58439996	8.08809100
1.58449996	8.08809100
1.58459996	8.08809100
1.58469996	7.99520200
1.58479996	7.99520200
1.58489996	8.08809100
1.58499996	7.99520200
1.58509996	7.99520200
1.58519996	8.08809100
1.58529996	7.99520200
1.58539996	7.99520200
1.58549996	7.99520200
1.58559996	7.99520200
1.58569996	7.99520200
1.58579996	7.99520200
1.58589996	7.99520200
1.58599996	7.99520200
1.58609996	7.99520200
1.58619996	7.99520200
1.58629996	7.99520200
1.58639996	7.99520200
1.58649996	7.99520200
1.58659996	7.99520200
1.58669996	7.99520200
1.58679996	7.90200500
1.58689996	7.99520200
1.58699996	7.99520200
1.58709996	7.90200500
1.58719996	7.99520200
1.58729996	7.90200500
1.58739996	7.90200500
1.58749996	7.90200500
1.58759996	7.90200500
1.58769996	7.90200500
1.58779996	7.90200500
1.58789996	7.90200500
1.58799996	7.90200500
1.58809996	7.90200500
1.58819996	7.90200500
1.58829996	7.90200500
1.58839996	7.90200500
1.58849996	7.90200500
1.58859996	7.90200500
1.58869996	7.90200500
1.58879996	7.90200500
1.58889996	7.90200500
1.58899996	7.90200500
1.58909996	7.90200500
1.58919996	7.90200500
1.58929996	7.80911700
1.58939996	7.90200500
1.58949996	7.90200500
1.58959996	7.80911700
1.58969996	7.80911700
1.58979996	7.80911700
1.58989996	7.80911700
1.58999996	7.90200500
1.59009996	7.80911700
1.59019996	7.80911700
1.59029996	7.80911700
1.59039996	7.80911700
1.59049996	7.80911700
1.59059996	7.80911700
1.59069996	7.80911700
1.59079996	7.80911700
1.59089996	7.80911700
1.59099996	7.80911700
1.59109996	7.80911700
1.59119996	7.80911700
1.59129996	7.80911700
1.59139996	7.80911700
1.59149996	7.80911700
1.59159996	7.80911700
1.59169996	7.80911700
1.59179996	7.71622800
1.59189996	7.80911700
1.59199996	7.80911700
1.59209996	7.80911700
1.59219996	7.80911700
1.59229996	7.80911700
1.59239996	7.80911700
1.59249996	7.80911700
1.59259996	7.80911700
1.59269996	7.80911700
1.59279996	7.71622800
1.59289996	7.80911700
1.59299996	7.80911700
1.59309996	7.71622800
1.59319996	7.80911700
1.59329996	7.71622800
1.59339996	7.71622800
1.59349996	7.71622800
1.59359996	7.71622800
1.59369996	7.71622800
1.59379996	7.71622800
1.59389996	7.71622800
1.59399996	7.71622800
1.59409996	7.71622800
1.59419996	7.71622800
1.59429996	7.71622800
1.59439996	7.71622800
1.59449996	7.71622800
1.59459996	7.71622800
1.59469996	7.71622800
1.59479996	7.71622800
1.59489996	7.71622800
1.59499996	7.71622800
1.59509996	7.71622800
1.59519996	7.71622800
1.59529996	7.71622800
1.59539996	7.71622800
1.59549996	7.71622800
1.59559996	7.71622800
1.59569996	7.71622800
1.59579996	7.71622800
1.59589996	7.71622800
1.59599996	7.71622800
1.59609996	7.71622800
1.59619996	7.71622800
1.59629996	7.71622800
1.59639996	7.71622800
1.59649996	7.71622800
1.59659996	7.71622800
1.59669996	7.71622800
1.59679996	7.71622800
1.59689996	7.71622800
1.59699996	7.71622800
1.59709996	7.71622800
1.59719996	7.71622800
1.59729996	7.62333900
1.59739996	7.62333900
1.59749996	7.62333900
1.59759996	7.71622800
1.59769996	7.71622800
1.59779996	7.71622800
1.59789996	7.62333900
1.59799996	7.62333900
1.59809996	7.62333900
1.59819996	7.62333900
1.59829996	7.62333900
1.59839996	7.62333900
1.59849996	7.62333900
1.59859996	7.62333900
1.59869996	7.62333900
1.59879996	7.62333900
1.59889996	7.62333900
1.59899996	7.62333900
1.59909996	7.62333900
1.59919996	7.62333900
1.59929996	7.62333900
1.59939996	7.62333900
1.59949996	7.62333900
1.59959996	7.62333900
1.59969996	7.62333900
1.59979996	7.62333900
1.59989996	7.62333900
1.59999996	7.62333900
1.60009996	7.62333900
1.60019996	7.62333900
1.60029996	7.62333900
1.60039996	7.62333900
1.60049996	7.62333900
1.60059996	7.62333900
1.60069996	7.62333900
1.60079996	7.53014300
1.60089996	7.62333900
1.60099996	7.62333900
1.60109996	7.62333900
1.60119996	7.62333900
1.60129996	7.62333900
1.60139996	7.53014300
1.60149996	7.62333900
1.60159996	7.53014300
1.60169996	7.62333900
1.60179996	7.53014300
1.60189996	7.53014300
1.60199996	7.53014300
1.60209996	7.53014300
1.60219996	7.53014300
1.60229996	7.53014300
1.60239996	7.53014300
1.60249996	7.53014300
1.60259996	7.53014300
1.60269996	7.53014300
1.60279996	7.53014300
1.60289996	7.53014300
1.60299996	7.53014300
1.60309996	7.53014300
1.60319996	7.53014300
1.60329996	7.43725400
1.60339996	7.53014300
1.60349996	7.43725400
1.60359996	7.43725400
1.60369996	7.43725400
1.60379996	7.43725400
1.60389996	7.43725400
1.60399996	7.43725400
1.60409996	7.43725400
1.60419996	7.43725400
1.60429996	7.43725400
1.60439996	7.43725400
1.60449996	7.43725400
1.60459996	7.43725400
1.60469996	7.43725400
1.60479996	7.34436500
1.60489996	7.43725400
1.60499996	7.34436500
1.60509996	7.34436500
1.60519996	7.34436500
1.60529996	7.34436500
1.60539996	7.34436500
1.60549996	7.34436500
1.60559996	7.34436500
1.60569996	7.34436500
1.60579996	7.34436500
1.60589996	7.34436500
1.60599996	7.25147600
1.60609996	7.34436500
1.60619996	7.25147600
1.60629996	7.34436500
1.60639996	7.25147600
1.60649996	7.25147600
1.60659996	7.25147600
1.60669996	7.25147600
1.60679996	7.25147600
1.60689996	7.25147600
1.60699996	7.25147600
1.60709996	7.25147600
1.60719996	7.25147600
1.60729996	7.25147600
1.60739996	7.25147600
1.60749996	7.25147600
1.60759996	7.25147600
1.60769996	7.25147600
1.60779996	7.25147600
1.60789996	7.25147600
1.60799996	7.15828000
1.60809996	7.25147600
1.60819996	7.15828000
1.60829996	7.25147600
1.60839996	7.15828000
1.60849996	7.25147600
1.60859996	7.15828000
1.60869996	7.15828000
1.60879996	7.15828000
1.60889996	7.15828000
1.60899996	7.15828000
1.60909996	7.15828000
1.60919996	7.15828000
1.60929996	7.15828000
1.60939996	7.15828000
1.60949996	7.15828000
1.60959996	7.15828000
1.60969996	7.15828000
1.60979996	7.15828000
1.60989996	7.15828000
1.60999996	7.15828000
1.61009996	7.15828000
1.61019996	7.15828000
1.61029996	7.06539100
1.61039996	7.06539100
1.61049996	7.06539100
1.61059996	7.15828000
1.61069996	7.06539100
1.61079996	7.06539100
1.61089996	7.06539100
1.61099996	7.06539100
1.61109996	7.06539100
1.61119996	7.06539100
1.61129996	7.06539100
1.61139996	7.06539100
1.61149996	7.06539100
1.61159996	7.06539100
1.61169996	7.06539100
1.61179996	7.06539100
1.61189996	7.06539100
1.61199996	7.06539100
1.61209996	7.06539100
1.61219996	7.06539100
1.61229996	7.06539100
1.61239996	7.06539100
1.61249996	7.06539100
1.61259996	7.06539100
1.61269996	7.06539100
1.61279996	7.06539100
1.61289996	7.06539100
1.61299996	7.06539100
1.61309996	7.06539100
1.61319996	6.97250200
1.61329996	7.06539100
1.61339996	7.06539100
1.61349996	6.97250200
1.61359996	6.97250200
1.61369996	6.97250200
1.61379996	6.97250200
1.61389996	6.97250200
1.61399996	6.97250200
1.61409996	6.97250200
1.61419996	6.97250200
1.61429996	6.97250200
1.61439996	6.97250200
1.61449996	6.97250200
1.61459996	6.97250200
1.61469996	6.97250200
1.61479996	6.97250200
1.61489996	6.97250200
1.61499996	6.97250200
1.61509996	6.97250200
1.61519996	6.87961400
1.61529996	6.97250200
1.61539996	6.97250200
1.61549996	6.87961400
1.61559996	6.97250200
1.61569996	6.87961400
1.61579996	6.87961400
1.61589996	6.97250200
1.61599996	6.87961400
1.61609996	6.87961400
1.61619996	6.87961400
1.61629996	6.87961400
1.61639996	6.87961400
1.61649996	6.87961400
1.61659996	6.87961400
1.61669996	6.87961400
1.61679996	6.87961400
1.61689996	6.87961400
1.61699996	6.87961400
1.61709996	6.87961400
1.61719996	6.87961400
1.61729996	6.87961400
1.61739996	6.87961400
1.61749996	6.87961400
1.61759996	6.87961400
1.61769996	6.87961400
1.61779996	6.87961400
1.61789996	6.87961400
1.61799996	6.87961400
1.61809996	6.87961400
1.61819996	6.87961400
1.61829996	6.87961400
1.61839996	6.87961400
1.61849996	6.87961400
1.61859996	6.87961400
1.61869996	6.87961400
1.61879996	6.87961400
1.61889996	6.87961400
1.61899996	6.78641700
1.61909996	6.87961400
1.61919996	6.87961400
1.61929996	6.87961400
1.61939996	6.78641700
1.61949996	6.87961400
1.61959996	6.87961400
1.61969996	6.87961400
1.61979996	6.87961400
1.61989996	6.87961400
1.61999996	6.78641700
1.62009996	6.87961400
1.62019996	6.87961400
1.62029996	6.87961400
1.62039996	6.87961400
1.62049996	6.87961400
1.62059996	6.87961400
1.62069996	6.87961400
1.62079996	6.87961400
1.62089996	6.87961400
1.62099996	6.78641700
1.62109996	6.78641700
1.62119996	6.87961400
1.62129996	6.87961400
1.62139996	6.87961400
1.62149996	6.87961400
1.62159996	6.87961400
1.62169996	6.78641700
1.62179996	6.78641700
1.62189996	6.87961400
1.62199996	6.78641700
1.62209996	6.78641700
1.62219996	6.87961400
1.62229996	6.87961400
1.62239996	6.78641700
1.62249996	6.78641700
1.62259996	6.78641700
1.62269996	6.78641700
1.62279996	6.87961400
1.62289996	6.78641700
1.62299996	6.78641700
1.62309996	6.78641700
1.62319996	6.78641700
1.62329996	6.78641700
1.62339996	6.78641700
1.62349996	6.78641700
1.62359996	6.78641700
1.62369996	6.78641700
1.62379996	6.78641700
1.62389996	6.78641700
1.62399996	6.78641700
1.62409996	6.78641700
1.62419996	6.78641700
1.62429996	6.69352900
1.62439996	6.69352900
1.62449996	6.78641700
1.62459996	6.69352900
1.62469996	6.69352900
1.62479996	6.69352900
1.62489996	6.69352900
1.62499996	6.69352900
1.62509996	6.69352900
1.62519996	6.69352900
1.62529996	6.69352900
1.62539996	6.69352900
1.62549996	6.69352900
1.62559996	6.69352900
1.62569996	6.60064000
1.62579996	6.69352900
1.62589996	6.60064000
1.62599996	6.60064000
1.62609996	6.60064000
1.62619996	6.60064000
1.62629996	6.60064000
1.62639996	6.60064000
1.62649996	6.60064000
1.62659996	6.60064000
1.62669996	6.60064000
1.62679996	6.60064000
1.62689996	6.60064000
1.62699996	6.60064000
1.62709996	6.60064000
1.62719996	6.60064000
1.62729996	6.60064000
1.62739996	6.60064000
1.62749996	6.50775100
1.62759996	6.50775100
1.62769996	6.60064000
1.62779996	6.50775100
1.62789996	6.50775100
1.62799996	6.50775100
1.62809996	6.50775100
1.62819996	6.50775100
1.62829996	6.50775100
1.62839996	6.50775100
1.62849996	6.50775100
1.62859996	6.50775100
1.62869996	6.50775100
1.62879996	6.50775100
1.62889996	6.50775100
1.62899996	6.41455500
1.62909996	6.50775100
1.62919996	6.50775100
1.62929996	6.50775100
1.62939996	6.41455500
1.62949996	6.41455500
1.62959996	6.41455500
1.62969996	6.50775100
1.62979996	6.50775100
1.62989996	6.41455500
1.62999996	6.41455500
1.63009996	6.41455500
1.63019996	6.41455500
1.63029996	6.41455500
1.63039996	6.41455500
1.63049996	6.41455500
1.63059996	6.41455500
1.63069996	6.41455500
1.63079996	6.41455500
1.63089996	6.41455500
1.63099996	6.41455500
1.63109996	6.41455500
1.63119996	6.41455500
1.63129996	6.41455500
1.63139996	6.41455500
1.63149996	6.41455500
1.63159996	6.41455500
1.63169996	6.41455500
1.63179996	6.32166600
1.63189996	6.32166600
1.63199996	6.32166600
1.63209996	6.41455500
1.63219996	6.32166600
1.63229996	6.32166600
1.63239996	6.32166600
1.63249996	6.32166600
1.63259996	6.32166600
1.63269996	6.32166600
1.63279996	6.32166600
1.63289996	6.32166600
1.63299996	6.32166600
1.63309996	6.32166600
1.63319996	6.32166600
1.63329996	6.32166600
1.63339996	6.32166600
1.63349996	6.32166600
1.63359996	6.32166600
1.63369996	6.32166600
1.63379996	6.32166600
1.63389996	6.32166600
1.63399996	6.32166600
1.63409996	6.32166600
1.63419996	6.32166600
1.63429996	6.32166600
1.63439996	6.32166600
1.63449996	6.32166600
1.63459996	6.32166600
1.63469996	6.32166600
1.63479996	6.22877700
1.63489996	6.32166600
1.63499996	6.32166600
1.63509996	6.22877700
1.63519996	6.22877700
1.63529996	6.32166600
1.63539996	6.32166600
1.63549996	6.22877700
1.63559996	6.22877700
1.63569996	6.22877700
1.63579996	6.22877700
1.63589996	6.22877700
1.63599996	6.22877700
1.63609996	6.22877700
1.63619996	6.22877700
1.63629996	6.22877700
1.63639996	6.22877700
1.63649996	6.22877700
1.63659996	6.22877700
1.63669996	6.22877700
1.63679996	6.22877700
1.63689996	6.22877700
1.63699996	6.22877700
1.63709996	6.22877700
1.63719996	6.22877700
1.63729996	6.22877700
1.63739996	6.22877700
1.63749996	6.22877700
1.63759996	6.22877700
1.63769996	6.22877700
1.63779996	6.22877700
1.63789996	6.22877700
1.63799996	6.22877700
1.63809996	6.22877700
1.63819996	6.22877700
1.63829996	6.22877700
1.63839996	6.22877700
1.63849996	6.13588800
1.63859996	6.22877700
1.63869996	6.13588800
1.63879996	6.13588800
1.63889996	6.22877700
1.63899996	6.22877700
1.63909996	6.22877700
1.63919996	6.13588800
1.63929996	6.13588800
1.63939996	6.13588800
1.63949996	6.13588800
1.63959996	6.13588800
1.63969996	6.13588800
1.63979996	6.13588800
1.63989996	6.13588800
1.63999996	6.13588800
1.64009996	6.13588800
1.64019996	6.13588800
1.64029996	6.13588800
1.64039996	6.13588800
1.64049996	6.13588800
1.64059996	6.13588800
1.64069996	6.13588800
1.64079996	6.13588800
1.64089996	6.13588800
1.64099996	6.13588800
1.64109996	6.13588800
1.64119996	6.13588800
1.64129996	6.13588800
1.64139996	6.13588800
1.64149996	6.13588800
1.64159996	6.13588800
1.64169996	6.13588800
1.64179996	6.04269200
1.64189996	6.13588800
1.64199996	6.13588800
1.64209996	6.13588800
1.64219996	6.04269200
1.64229996	6.04269200
1.64239996	6.04269200
1.64249996	6.13588800
1.64259996	6.04269200
1.64269996	6.04269200
1.64279996	6.04269200
1.64289996	6.13588800
1.64299996	6.13588800
1.64309996	6.04269200
1.64319996	6.13588800
1.64329996	6.04269200
1.64339996	6.04269200
1.64349996	6.04269200
1.64359996	6.04269200
1.64369996	6.04269200
1.64379996	6.04269200
1.64389996	6.04269200
1.64399996	6.04269200
1.64409996	6.04269200
1.64419996	6.04269200
1.64429996	6.04269200
1.64439996	6.04269200
1.64449996	6.04269200
1.64459996	6.04269200
1.64469996	6.04269200
1.64479996	6.04269200
1.64489996	6.04269200
1.64499996	6.04269200
1.64509996	6.04269200
1.64519996	6.04269200
1.64529996	6.04269200
1.64539996	6.04269200
1.64549996	6.04269200
1.64559996	5.94980300
1.64569996	6.04269200
1.64579996	6.04269200
1.64589996	5.94980300
1.64599996	6.04269200
1.64609996	6.04269200
1.64619996	5.94980300
1.64629996	5.94980300
1.64639996	5.94980300
1.64649996	5.94980300
1.64659996	5.94980300
1.64669996	5.94980300
1.64679996	5.94980300
1.64689996	5.94980300
1.64699996	5.94980300
1.64709996	5.94980300
1.64719996	5.94980300
1.64729996	5.94980300
1.64739996	5.94980300
1.64749996	5.94980300
1.64759996	5.94980300
1.64769996	5.94980300
1.64779996	5.94980300
1.64789996	5.94980300
1.64799996	5.94980300
1.64809996	5.94980300
1.64819996	5.94980300
1.64829996	5.94980300
1.64839996	5.94980300
1.64849996	5.94980300
1.64859996	5.94980300
1.64869996	5.94980300
1.64879996	5.94980300
1.64889996	5.94980300
1.64899996	5.94980300
1.64909996	5.94980300
1.64919996	5.94980300
1.64929996	5.94980300
1.64939996	5.94980300
1.64949996	5.94980300
1.64959996	5.94980300
1.64969996	5.94980300
1.64979996	5.94980300
1.64989996	5.85691500
1.64999996	5.94980300
1.65009996	5.85691500
1.65019996	5.94980300
1.65029996	5.94980300
1.65039996	5.94980300
1.65049996	5.94980300
1.65059996	5.85691500
1.65069996	5.94980300
1.65079996	5.94980300
1.65089996	5.85691500
1.65099996	5.94980300
1.65109996	5.85691500
1.65119996	5.85691500
1.65129996	5.85691500
1.65139996	5.85691500
1.65149996	5.85691500
1.65159996	5.85691500
1.65169996	5.85691500
1.65179996	5.85691500
1.65189996	5.85691500
1.65199996	5.85691500
1.65209996	5.85691500
1.65219996	5.85691500
1.65229996	5.85691500
1.65239996	5.85691500
1.65249996	5.85691500
1.65259996	5.85691500
1.65269996	5.85691500
1.65279996	5.85691500
1.65289996	5.85691500
1.65299996	5.85691500
1.65309996	5.85691500
1.65319996	5.85691500
1.65329996	5.85691500
1.65339996	5.85691500
1.65349996	5.85691500
1.65359996	5.85691500
1.65369996	5.85691500
1.65379996	5.85691500
1.65389996	5.85691500
1.65399996	5.85691500
1.65409996	5.85691500
1.65419996	5.85691500
1.65429996	5.85691500
1.65439996	5.76371800
1.65449996	5.85691500
1.65459996	5.85691500
1.65469996	5.85691500
1.65479996	5.76371800
1.65489996	5.85691500
1.65499996	5.85691500
1.65509996	5.76371800
1.65519996	5.76371800
1.65529996	5.85691500
1.65539996	5.76371800
1.65549996	5.85691500
1.65559996	5.76371800
1.65569996	5.76371800
1.65579996	5.76371800
1.65589996	5.76371800
1.65599996	5.85691500
1.65609996	5.76371800
1.65619996	5.76371800
1.65629996	5.76371800
1.65639996	5.76371800
1.65649996	5.76371800
1.65659996	5.76371800
1.65669996	5.76371800
1.65679996	5.76371800
1.65689996	5.76371800
1.65699996	5.76371800
1.65709996	5.76371800
1.65719996	5.76371800
1.65729996	5.76371800
1.65739996	5.76371800
1.65749996	5.85691500
1.65759996	5.76371800
1.65769996	5.76371800
1.65779996	5.76371800
1.65789996	5.76371800
1.65799996	5.76371800
1.65809996	5.76371800
1.65819996	5.76371800
1.65829996	5.76371800
1.65839996	5.76371800
1.65849996	5.76371800
1.65859996	5.76371800
1.65869996	5.76371800
1.65879996	5.76371800
1.65889996	5.76371800
1.65899996	5.76371800
1.65909996	5.76371800
1.65919996	5.76371800
1.65929996	5.76371800
1.65939996	5.76371800
1.65949996	5.76371800
1.65959996	5.76371800
1.65969996	5.76371800
1.65979996	5.76371800
1.65989996	5.76371800
1.65999996	5.76371800
1.66009996	5.76371800
1.66019996	5.76371800
1.66029996	5.76371800
1.66039996	5.76371800
1.66049996	5.76371800
1.66059996	5.76371800
1.66069996	5.76371800
1.66079996	5.76371800
1.66089996	5.76371800
1.66099996	5.76371800
1.66109996	5.76371800
1.66119996	5.76371800
1.66129996	5.67082900
1.66139996	5.76371800
1.66149996	5.76371800
1.66159996	5.76371800
1.66169996	5.76371800
1.66179996	5.67082900
1.66189996	5.76371800
1.66199996	5.76371800
1.66209996	5.76371800
1.66219996	5.67082900
1.66229996	5.76371800
1.66239996	5.76371800
1.66249996	5.76371800
1.66259996	5.76371800
1.66269996	5.76371800
1.66279996	5.67082900
1.66289996	5.67082900
1.66299996	5.67082900
1.66309996	5.76371800
1.66319996	5.67082900
1.66329996	5.67082900
1.66339996	5.67082900
1.66349996	5.67082900
1.66359996	5.67082900
1.66369996	5.67082900
1.66379996	5.67082900
1.66389996	5.67082900
1.66399996	5.67082900
1.66409996	5.67082900
1.66419996	5.67082900
1.66429996	5.67082900
1.66439996	5.67082900
1.66449996	5.67082900
1.66459996	5.67082900
1.66469996	5.67082900
1.66479996	5.67082900
1.66489996	5.67082900
1.66499996	5.67082900
1.66509996	5.67082900
1.66519996	5.67082900
1.66529996	5.67082900
1.66539996	5.67082900
1.66549996	5.67082900
1.66559996	5.67082900
1.66569996	5.67082900
1.66579996	5.67082900
1.66589996	5.67082900
1.66599996	5.67082900
1.66609996	5.67082900
1.66619996	5.67082900
1.66629996	5.67082900
1.66639996	5.67082900
1.66649996	5.67082900
1.66659996	5.67082900
1.66669996	5.67082900
1.66679996	5.67082900
1.66689996	5.67082900
1.66699996	5.67082900
1.66709996	5.67082900
1.66719996	5.67082900
1.66729996	5.67082900
1.66739996	5.67082900
1.66749996	5.67082900
1.66759996	5.67082900
1.66769996	5.67082900
1.66779996	5.67082900
1.66789996	5.67082900
1.66799996	5.67082900
1.66809996	5.67082900
1.66819996	5.67082900
1.66829996	5.67082900
1.66839996	5.67082900
1.66849996	5.67082900
1.66859996	5.67082900
1.66869996	5.67082900
1.66879996	5.67082900
1.66889996	5.67082900
1.66899996	5.67082900
1.66909996	5.67082900
1.66919996	5.67082900
1.66929996	5.67082900
1.66939996	5.67082900
1.66949996	5.67082900
1.66959996	5.67082900
1.66969996	5.67082900
1.66979996	5.67082900
1.66989996	5.67082900
1.66999996	5.67082900
1.67009996	5.67082900
1.67019996	5.67082900
1.67029996	5.67082900
1.67039996	5.67082900
1.67049996	5.67082900
1.67059996	5.67082900
1.67069996	5.67082900
1.67079996	5.57794000
1.67089996	5.67082900
1.67099996	5.67082900
1.67109996	5.67082900
1.67119996	5.67082900
1.67129996	5.67082900
1.67139996	5.67082900
1.67149996	5.67082900
1.67159996	5.67082900
1.67169996	5.67082900
1.67179996	5.67082900
1.67189996	5.67082900
1.67199996	5.67082900
1.67209996	5.67082900
1.67219996	5.67082900
1.67229996	5.67082900
1.67239996	5.67082900
1.67249996	5.67082900
1.67259996	5.67082900
1.67269996	5.67082900
1.67279996	5.57794000
1.67289996	5.57794000
1.67299996	5.67082900
1.67309996	5.57794000
1.67319996	5.67082900
1.67329996	5.67082900
1.67339996	5.67082900
1.67349996	5.67082900
1.67359996	5.67082900
1.67369996	5.67082900
1.67379996	5.67082900
1.67389996	5.67082900
1.67399996	5.57794000
1.67409996	5.57794000
1.67419996	5.57794000
1.67429996	5.67082900
1.67439996	5.67082900
1.67449996	5.67082900
1.67459996	5.67082900
1.67469996	5.67082900
1.67479996	5.67082900
1.67489996	5.67082900
1.67499996	5.67082900
1.67509996	5.57794000
1.67519996	5.67082900
1.67529996	5.57794000
1.67539996	5.67082900
1.67549996	5.67082900
1.67559996	5.67082900
1.67569996	5.67082900
1.67579996	5.67082900
1.67589996	5.67082900
1.67599996	5.67082900
1.67609996	5.67082900
1.67619996	5.67082900
1.67629996	5.67082900
1.67639996	5.67082900
1.67649996	5.67082900
1.67659996	5.67082900
1.67669996	5.67082900
1.67679996	5.67082900
1.67689996	5.67082900
1.67699996	5.67082900
1.67709996	5.67082900
1.67719996	5.67082900
1.67729996	5.57794000
1.67739996	5.67082900
1.67749996	5.67082900
1.67759996	5.67082900
1.67769996	5.57794000
1.67779996	5.67082900
1.67789996	5.67082900
1.67799996	5.67082900
1.67809996	5.67082900
1.67819996	5.57794000
1.67829996	5.67082900
1.67839996	5.67082900
1.67849996	5.57794000
1.67859996	5.67082900
1.67869996	5.67082900
1.67879996	5.67082900
1.67889996	5.67082900
1.67899996	5.67082900
1.67909996	5.67082900
1.67919996	5.67082900
1.67929996	5.67082900
1.67939996	5.67082900
1.67949996	5.67082900
1.67959996	5.67082900
1.67969996	5.67082900
1.67979996	5.67082900
1.67989996	5.67082900
1.67999996	5.67082900
1.68009996	5.67082900
1.68019996	5.67082900
1.68029996	5.57794000
1.68039996	5.67082900
1.68049996	5.67082900
1.68059996	5.67082900
1.68069996	5.67082900
1.68079996	5.57794000
1.68089996	5.67082900
1.68099996	5.67082900
1.68109996	5.57794000
1.68119996	5.67082900
1.68129996	5.67082900
1.68139996	5.67082900
1.68149996	5.67082900
1.68159996	5.67082900
1.68169996	5.67082900
1.68179996	5.57794000
1.68189996	5.67082900
1.68199996	5.67082900
1.68209996	5.67082900
1.68219996	5.67082900
1.68229996	5.67082900
1.68239996	5.67082900
1.68249996	5.67082900
1.68259996	5.67082900
1.68269996	5.67082900
1.68279996	5.67082900
1.68289996	5.67082900
1.68299996	5.67082900
1.68309996	5.67082900
1.68319996	5.67082900
1.68329996	5.67082900
1.68339996	5.67082900
1.68349996	5.67082900
1.68359996	5.67082900
1.68369996	5.67082900
1.68379996	5.67082900
1.68389996	5.67082900
1.68399996	5.67082900
1.68409996	5.67082900
1.68419996	5.67082900
1.68429996	5.67082900
1.68439996	5.67082900
1.68449996	5.67082900
1.68459996	5.67082900
1.68469996	5.67082900
1.68479996	5.67082900
1.68489996	5.67082900
1.68499996	5.67082900
1.68509996	5.67082900
1.68519996	5.67082900
1.68529996	5.67082900
1.68539996	5.67082900
1.68549996	5.67082900
1.68559996	5.67082900
1.68569996	5.67082900
1.68579996	5.67082900
1.68589996	5.67082900
1.68599996	5.67082900
1.68609996	5.67082900
1.68619996	5.67082900
1.68629996	5.67082900
1.68639996	5.67082900
1.68649996	5.67082900
1.68659996	5.67082900
1.68669996	5.67082900
1.68679996	5.76371800
1.68689996	5.67082900
1.68699996	5.67082900
1.68709996	5.67082900
1.68719996	5.76371800
1.68729996	5.67082900
1.68739996	5.67082900
1.68749996	5.67082900
1.68759996	5.67082900
1.68769996	5.67082900
1.68779996	5.67082900
1.68789996	5.76371800
1.68799996	5.76371800
1.68809996	5.76371800
1.68819996	5.76371800
1.68829996	5.67082900
1.68839996	5.67082900
1.68849996	5.76371800
1.68859996	5.67082900
1.68869996	5.76371800
1.68879996	5.76371800
1.68889996	5.76371800
1.68899996	5.76371800
1.68909996	5.76371800
1.68919996	5.76371800
1.68929996	5.76371800
1.68939996	5.67082900
1.68949996	5.76371800
1.68959996	5.76371800
1.68969996	5.76371800
1.68979996	5.76371800
1.68989996	5.76371800
1.68999996	5.76371800
1.69009996	5.76371800
1.69019996	5.76371800
1.69029996	5.76371800
1.69039996	5.76371800
1.69049996	5.76371800
1.69059996	5.76371800
1.69069996	5.76371800
1.69079996	5.76371800
1.69089996	5.76371800
1.69099996	5.76371800
1.69109996	5.76371800
1.69119996	5.76371800
1.69129996	5.76371800
1.69139996	5.76371800
1.69149996	5.76371800
1.69159996	5.76371800
1.69169996	5.76371800
1.69179996	5.76371800
1.69189996	5.76371800
1.69199996	5.76371800
1.69209996	5.76371800
1.69219996	5.76371800
1.69229996	5.76371800
1.69239996	5.76371800
1.69249996	5.76371800
1.69259996	5.76371800
1.69269996	5.76371800
1.69279996	5.76371800
1.69289996	5.76371800
1.69299996	5.76371800
1.69309996	5.76371800
1.69319996	5.76371800
1.69329996	5.76371800
1.69339996	5.76371800
1.69349996	5.76371800
1.69359996	5.76371800
1.69369996	5.76371800
1.69379996	5.76371800
1.69389996	5.76371800
1.69399996	5.76371800
1.69409996	5.76371800
1.69419996	5.76371800
1.69429996	5.85691500
1.69439996	5.76371800
1.69449996	5.85691500
1.69459996	5.76371800
1.69469996	5.85691500
1.69479996	5.85691500
1.69489996	5.85691500
1.69499996	5.76371800
1.69509996	5.85691500
1.69519996	5.85691500
1.69529996	5.85691500
1.69539996	5.85691500
1.69549996	5.85691500
1.69559996	5.85691500
1.69569996	5.76371800
1.69579996	5.85691500
1.69589996	5.85691500
1.69599996	5.85691500
1.69609996	5.85691500
1.69619996	5.85691500
1.69629996	5.85691500
1.69639996	5.85691500
1.69649996	5.85691500
1.69659996	5.85691500
1.69669996	5.85691500
1.69679996	5.85691500
1.69689996	5.85691500
1.69699996	5.85691500
1.69709996	5.85691500
1.69719996	5.85691500
1.69729996	5.85691500
1.69739996	5.85691500
1.69749996	5.85691500
1.69759996	5.85691500
1.69769996	5.85691500
1.69779996	5.85691500
1.69789996	5.85691500
1.69799996	5.85691500
1.69809996	5.85691500
1.69819996	5.85691500
1.69829996	5.85691500
1.69839996	5.85691500
1.69849996	5.85691500
1.69859996	5.85691500
1.69869996	5.85691500
1.69879996	5.85691500
1.69889996	5.85691500
1.69899996	5.85691500
1.69909996	5.85691500
1.69919996	5.85691500
1.69929996	5.85691500
1.69939996	5.85691500
1.69949996	5.85691500
1.69959996	5.85691500
1.69969996	5.85691500
1.69979996	5.85691500
1.69989996	5.85691500
1.69999996	5.85691500
1.70009996	5.85691500
1.70019996	5.85691500
1.70029996	5.85691500
1.70039996	5.85691500
1.70049996	5.85691500
1.70059996	5.85691500
1.70069996	5.85691500
1.70079996	5.85691500
1.70089996	5.85691500
1.70099996	5.85691500
1.70109996	5.85691500
1.70119996	5.85691500
1.70129996	5.85691500
1.70139996	5.85691500
1.70149996	5.85691500
1.70159996	5.85691500
1.70169996	5.85691500
1.70179996	5.85691500
1.70189996	5.85691500
1.70199996	5.85691500
1.70209996	5.85691500
1.70219996	5.85691500
1.70229996	5.85691500
1.70239996	5.85691500
1.70249996	5.85691500
1.70259996	5.85691500
1.70269996	5.85691500
1.70279996	5.85691500
1.70289996	5.85691500
1.70299996	5.85691500
1.70309996	5.94980300
1.70319996	5.94980300
1.70329996	5.85691500
1.70339996	5.85691500
1.70349996	5.94980300
1.70359996	5.94980300
1.70369996	5.94980300
1.70379996	5.94980300
1.70389996	5.94980300
1.70399996	5.94980300
1.70409996	5.94980300
1.70419996	5.94980300
1.70429996	5.94980300
1.70439996	5.94980300
1.70449996	5.94980300
1.70459996	5.94980300
1.70469996	5.94980300
1.70479996	5.94980300
1.70489996	5.94980300
1.70499996	5.94980300
1.70509996	5.94980300
1.70519996	5.94980300
1.70529996	5.94980300
1.70539996	5.94980300
1.70549996	5.94980300
1.70559996	5.94980300
1.70569996	5.94980300
1.70579996	6.04269200
1.70589996	6.04269200
1.70599996	6.04269200
1.70609996	6.04269200
1.70619996	5.94980300
1.70629996	5.94980300
1.70639996	6.04269200
1.70649996	6.04269200
1.70659996	6.04269200
1.70669996	6.04269200
1.70679996	6.04269200
1.70689996	6.04269200
1.70699996	6.04269200
1.70709996	6.04269200
1.70719996	6.04269200
1.70729996	6.04269200
1.70739996	6.04269200
1.70749996	6.04269200
1.70759996	6.04269200
1.70769996	6.04269200
1.70779996	6.04269200
1.70789996	6.04269200
1.70799996	6.04269200
1.70809996	6.04269200
1.70819996	6.04269200
1.70829996	6.04269200
1.70839996	6.04269200
1.70849996	6.04269200
1.70859996	6.04269200
1.70869996	6.04269200
1.70879996	6.04269200
1.70889996	6.04269200
1.70899996	6.04269200
1.70909996	6.04269200
1.70919996	6.04269200
1.70929996	6.04269200
1.70939996	6.04269200
1.70949996	6.13588800
1.70959996	6.13588800
1.70969996	6.13588800
1.70979996	6.04269200
1.70989996	6.13588800
1.70999996	6.13588800
1.71009996	6.13588800
1.71019996	6.13588800
1.71029996	6.13588800
1.71039996	6.13588800
1.71049996	6.13588800
1.71059996	6.13588800
1.71069996	6.13588800
1.71079996	6.13588800
1.71089996	6.13588800
1.71099996	6.13588800
1.71109996	6.13588800
1.71119996	6.13588800
1.71129996	6.13588800
1.71139996	6.13588800
1.71149996	6.13588800
1.71159996	6.13588800
1.71169996	6.13588800
1.71179996	6.13588800
1.71189996	6.13588800
1.71199996	6.22877700
1.71209996	6.13588800
1.71219996	6.13588800
1.71229996	6.13588800
1.71239996	6.13588800
1.71249996	6.13588800
1.71259996	6.22877700
1.71269996	6.22877700
1.71279996	6.22877700
1.71289996	6.22877700
1.71299996	6.22877700
1.71309996	6.22877700
1.71319996	6.22877700
1.71329996	6.22877700
1.71339996	6.22877700
1.71349996	6.22877700
1.71359996	6.22877700
1.71369996	6.22877700
1.71379996	6.22877700
1.71389996	6.22877700
1.71399996	6.22877700
1.71409996	6.22877700
1.71419996	6.22877700
1.71429996	6.22877700
1.71439996	6.22877700
1.71449996	6.22877700
1.71459996	6.22877700
1.71469996	6.22877700
1.71479996	6.22877700
1.71489996	6.22877700
1.71499996	6.22877700
1.71509996	6.32166600
1.71519996	6.22877700
1.71529996	6.32166600
1.71539996	6.22877700
1.71549996	6.22877700
1.71559996	6.32166600
1.71569996	6.32166600
1.71579996	6.32166600
1.71589996	6.32166600
1.71599996	6.32166600
1.71609996	6.32166600
1.71619996	6.32166600
1.71629996	6.32166600
1.71639996	6.32166600
1.71649996	6.32166600
1.71659996	6.32166600
1.71669996	6.32166600
1.71679996	6.32166600
1.71689996	6.32166600
1.71699996	6.32166600
1.71709996	6.32166600
1.71719996	6.32166600
1.71729996	6.32166600
1.71739996	6.32166600
1.71749996	6.32166600
1.71759996	6.32166600
1.71769996	6.32166600
1.71779996	6.32166600
1.71789996	6.32166600
1.71799996	6.32166600
1.71809996	6.32166600
1.71819996	6.32166600
1.71829996	6.32166600
1.71839996	6.32166600
1.71849996	6.32166600
1.71859996	6.32166600
1.71869996	6.41455500
1.71879996	6.32166600
1.71889996	6.32166600
1.71899996	6.32166600
1.71909996	6.32166600
1.71919996	6.32166600
1.71929996	6.32166600
1.71939996	6.32166600
1.71949996	6.32166600
1.71959996	6.32166600
1.71969996	6.32166600
1.71979996	6.32166600
1.71989996	6.32166600
1.71999996	6.32166600
1.72009996	6.32166600
1.72019996	6.32166600
1.72029996	6.32166600
1.72039996	6.32166600
1.72049996	6.32166600
1.72059996	6.32166600
1.72069996	6.32166600
1.72079996	6.32166600
1.72089996	6.32166600
1.72099996	6.32166600
1.72109996	6.32166600
1.72119996	6.32166600
1.72129996	6.32166600
1.72139996	6.32166600
1.72149996	6.32166600
1.72159996	6.32166600
1.72169996	6.32166600
1.72179996	6.32166600
1.72189996	6.32166600
1.72199996	6.32166600
1.72209996	6.32166600
1.72219996	6.32166600
1.72229996	6.32166600
1.72239996	6.32166600
1.72249996	6.32166600
1.72259996	6.32166600
1.72269996	6.41455500
1.72279996	6.32166600
1.72289996	6.32166600
1.72299996	6.32166600
1.72309996	6.32166600
1.72319996	6.32166600
1.72329996	6.32166600
1.72339996	6.32166600
1.72349996	6.32166600
1.72359996	6.32166600
1.72369996	6.41455500
1.72379996	6.41455500
1.72389996	6.41455500
1.72399996	6.41455500
1.72409996	6.41455500
1.72419996	6.41455500
1.72429996	6.41455500
1.72439996	6.41455500
1.72449996	6.41455500
1.72459996	6.41455500
1.72469996	6.41455500
1.72479996	6.41455500
1.72489996	6.41455500
1.72499996	6.41455500
1.72509996	6.41455500
1.72519996	6.41455500
1.72529996	6.41455500
1.72539996	6.41455500
1.72549996	6.50775100
1.72559996	6.50775100
1.72569996	6.50775100
1.72579996	6.50775100
1.72589996	6.50775100
1.72599996	6.50775100
1.72609996	6.50775100
1.72619996	6.50775100
1.72629996	6.50775100
1.72639996	6.50775100
1.72649996	6.50775100
1.72659996	6.50775100
1.72669996	6.50775100
1.72679996	6.50775100
1.72689996	6.50775100
1.72699996	6.50775100
1.72709996	6.50775100
1.72719996	6.60064000
1.72729996	6.60064000
1.72739996	6.60064000
1.72749996	6.60064000
1.72759996	6.60064000
1.72769996	6.60064000
1.72779996	6.60064000
1.72789996	6.60064000
1.72799996	6.60064000
1.72809996	6.60064000
1.72819996	6.60064000
1.72829996	6.60064000
1.72839996	6.60064000
1.72849996	6.60064000
1.72859996	6.60064000
1.72869996	6.60064000
1.72879996	6.60064000
1.72889996	6.60064000
1.72899996	6.60064000
1.72909996	6.60064000
1.72919996	6.60064000
1.72929996	6.60064000
1.72939996	6.60064000
1.72949996	6.69352900
1.72959996	6.69352900
1.72969996	6.60064000
1.72979996	6.60064000
1.72989996	6.60064000
1.72999996	6.60064000
1.73009996	6.69352900
1.73019996	6.60064000
1.73029996	6.60064000
1.73039996	6.69352900
1.73049996	6.69352900
1.73059996	6.69352900
1.73069996	6.69352900
1.73079996	6.69352900
1.73089996	6.69352900
1.73099996	6.69352900
1.73109996	6.69352900
1.73119996	6.69352900
1.73129996	6.69352900
1.73139996	6.69352900
1.73149996	6.69352900
1.73159996	6.69352900
1.73169996	6.69352900
1.73179996	6.69352900
1.73189996	6.69352900
1.73199996	6.69352900
1.73209996	6.69352900
1.73219996	6.69352900
1.73229996	6.69352900
1.73239996	6.69352900
1.73249996	6.69352900
1.73259996	6.69352900
1.73269996	6.69352900
1.73279996	6.78641700
1.73289996	6.69352900
1.73299996	6.69352900
1.73309996	6.69352900
1.73319996	6.78641700
1.73329996	6.78641700
1.73339996	6.78641700
1.73349996	6.78641700
1.73359996	6.78641700
1.73369996	6.78641700
1.73379996	6.78641700
1.73389996	6.78641700
1.73399996	6.78641700
1.73409996	6.78641700
1.73419996	6.78641700
1.73429996	6.78641700
1.73439996	6.78641700
1.73449996	6.87961400
1.73459996	6.87961400
1.73469996	6.87961400
1.73479996	6.87961400
1.73489996	6.87961400
1.73499996	6.87961400
1.73509996	6.87961400
1.73519996	6.87961400
1.73529996	6.87961400
1.73539996	6.87961400
1.73549996	6.87961400
1.73559996	6.87961400
1.73569996	6.87961400
1.73579996	6.87961400
1.73589996	6.87961400
1.73599996	6.87961400
1.73609996	6.87961400
1.73619996	6.87961400
1.73629996	6.87961400
1.73639996	6.97250200
1.73649996	6.97250200
1.73659996	6.87961400
1.73669996	6.97250200
1.73679996	6.97250200
1.73689996	6.97250200
1.73699996	6.97250200
1.73709996	6.97250200
1.73719996	6.97250200
1.73729996	6.97250200
1.73739996	6.97250200
1.73749996	6.97250200
1.73759996	6.97250200
1.73769996	6.97250200
1.73779996	6.97250200
1.73789996	6.97250200
1.73799996	6.97250200
1.73809996	6.97250200
1.73819996	6.97250200
1.73829996	6.97250200
1.73839996	6.97250200
1.73849996	6.97250200
1.73859996	6.97250200
1.73869996	6.97250200
1.73879996	7.06539100
1.73889996	6.97250200
1.73899996	6.97250200
1.73909996	6.97250200
1.73919996	6.97250200
1.73929996	6.97250200
1.73939996	6.97250200
1.73949996	7.06539100
1.73959996	6.97250200
1.73969996	7.06539100
1.73979996	7.06539100
1.73989996	6.97250200
1.73999996	7.06539100
1.74009996	6.97250200
1.74019996	6.97250200
1.74029996	7.06539100
1.74039996	6.97250200
1.74049996	6.97250200
1.74059996	6.97250200
1.74069996	7.06539100
1.74079996	7.06539100
1.74089996	6.97250200
1.74099996	7.06539100
1.74109996	6.97250200
1.74119996	7.06539100
1.74129996	7.06539100
1.74139996	7.06539100
1.74149996	6.97250200
1.74159996	7.06539100
1.74169996	7.06539100
1.74179996	6.97250200
1.74189996	6.97250200
1.74199996	7.06539100
1.74209996	6.97250200
1.74219996	6.97250200
1.74229996	6.97250200
1.74239996	6.97250200
1.74249996	7.06539100
1.74259996	6.97250200
1.74269996	7.06539100
1.74279996	7.06539100
1.74289996	7.06539100
1.74299996	7.06539100
1.74309996	7.06539100
1.74319996	7.06539100
1.74329996	7.06539100
1.74339996	7.06539100
1.74349996	7.06539100
1.74359996	7.06539100
1.74369996	7.06539100
1.74379996	7.06539100
1.74389996	7.06539100
1.74399996	7.06539100
1.74409996	7.06539100
1.74419996	7.06539100
1.74429996	7.06539100
1.74439996	7.06539100
1.74449996	7.06539100
1.74459996	7.06539100
1.74469996	7.06539100
1.74479996	7.06539100
1.74489996	7.06539100
1.74499996	7.06539100
1.74509996	7.06539100
1.74519996	7.15828000
1.74529996	7.15828000
1.74539996	7.06539100
1.74549996	7.06539100
1.74559996	7.06539100
1.74569996	7.06539100
1.74579996	7.15828000
1.74589996	7.06539100
1.74599996	7.15828000
1.74609996	7.06539100
1.74619996	7.06539100
1.74629996	7.06539100
1.74639996	7.15828000
1.74649996	7.15828000
1.74659996	7.15828000
1.74669996	7.15828000
1.74679996	7.15828000
1.74689996	7.15828000
1.74699996	7.15828000
1.74709996	7.15828000
1.74719996	7.15828000
1.74729996	7.15828000
1.74739996	7.15828000
1.74749996	7.15828000
1.74759996	7.15828000
1.74769996	7.15828000
1.74779996	7.15828000
1.74789996	7.15828000
1.74799996	7.15828000
1.74809996	7.15828000
1.74819996	7.15828000
1.74829996	7.25147600
1.74839996	7.25147600
1.74849996	7.15828000
1.74859996	7.15828000
1.74869996	7.15828000
1.74879996	7.15828000
1.74889996	7.15828000
1.74899996	7.25147600
1.74909996	7.15828000
1.74919996	7.25147600
1.74929996	7.25147600
1.74939996	7.25147600
1.74949996	7.25147600
1.74959996	7.25147600
1.74969996	7.25147600
1.74979996	7.25147600
1.74989996	7.25147600
1.74999996	7.25147600
1.75009996	7.25147600
1.75019996	7.25147600
1.75029996	7.25147600
1.75039996	7.25147600
1.75049996	7.25147600
1.75059996	7.25147600
1.75069996	7.25147600
1.75079996	7.25147600
1.75089996	7.34436500
1.75099996	7.34436500
1.75109996	7.25147600
1.75119996	7.34436500
1.75129996	7.25147600
1.75139996	7.34436500
1.75149996	7.34436500
1.75159996	7.34436500
1.75169996	7.34436500
1.75179996	7.34436500
1.75189996	7.34436500
1.75199996	7.34436500
1.75209996	7.34436500
1.75219996	7.34436500
1.75229996	7.34436500
1.75239996	7.34436500
1.75249996	7.34436500
1.75259996	7.34436500
1.75269996	7.34436500
1.75279996	7.34436500
1.75289996	7.34436500
1.75299996	7.34436500
1.75309996	7.34436500
1.75319996	7.34436500
1.75329996	7.34436500
1.75339996	7.43725400
1.75349996	7.43725400
1.75359996	7.43725400
1.75369996	7.43725400
1.75379996	7.43725400
1.75389996	7.43725400
1.75399996	7.43725400
1.75409996	7.43725400
1.75419996	7.43725400
1.75429996	7.43725400
1.75439996	7.43725400
1.75449996	7.43725400
1.75459996	7.43725400
1.75469996	7.43725400
1.75479996	7.43725400
1.75489996	7.43725400
1.75499996	7.43725400
1.75509996	7.53014300
1.75519996	7.43725400
1.75529996	7.53014300
1.75539996	7.53014300
1.75549996	7.53014300
1.75559996	7.53014300
1.75569996	7.53014300
1.75579996	7.53014300
1.75589996	7.53014300
1.75599996	7.53014300
1.75609996	7.53014300
1.75619996	7.53014300
1.75629996	7.53014300
1.75639996	7.53014300
1.75649996	7.53014300
1.75659996	7.53014300
1.75669996	7.53014300
1.75679996	7.53014300
1.75689996	7.53014300
1.75699996	7.53014300
1.75709996	7.53014300
1.75719996	7.53014300
1.75729996	7.53014300
1.75739996	7.62333900
1.75749996	7.53014300
1.75759996	7.53014300
1.75769996	7.62333900
1.75779996	7.62333900
1.75789996	7.62333900
1.75799996	7.53014300
1.75809996	7.53014300
1.75819996	7.62333900
1.75829996	7.53014300
1.75839996	7.62333900
1.75849996	7.62333900
1.75859996	7.62333900
1.75869996	7.62333900
1.75879996	7.62333900
1.75889996	7.62333900
1.75899996	7.62333900
1.75909996	7.62333900
1.75919996	7.62333900
1.75929996	7.62333900
1.75939996	7.62333900
1.75949996	7.62333900
1.75959996	7.62333900
1.75969996	7.62333900
1.75979996	7.62333900
1.75989996	7.62333900
1.75999996	7.62333900
1.76009996	7.62333900
1.76019996	7.62333900
1.76029996	7.62333900
1.76039996	7.62333900
1.76049996	7.62333900
1.76059996	7.62333900
1.76069996	7.62333900
1.76079996	7.62333900
1.76089996	7.62333900
1.76099996	7.62333900
1.76109996	7.62333900
1.76119996	7.62333900
1.76129996	7.62333900
1.76139996	7.62333900
1.76149996	7.62333900
1.76159996	7.62333900
1.76169996	7.62333900
1.76179996	7.62333900
1.76189996	7.62333900
1.76199996	7.62333900
1.76209996	7.62333900
1.76219996	7.62333900
1.76229996	7.62333900
1.76239996	7.62333900
1.76249996	7.62333900
1.76259996	7.62333900
1.76269996	7.62333900
1.76279996	7.62333900
1.76289996	7.62333900
1.76299996	7.62333900
1.76309996	7.71622800
1.76319996	7.62333900
1.76329996	7.62333900
1.76339996	7.62333900
1.76349996	7.62333900
1.76359996	7.62333900
1.76369996	7.71622800
1.76379996	7.62333900
1.76389996	7.62333900
1.76399996	7.71622800
1.76409996	7.71622800
1.76419996	7.71622800
1.76429996	7.71622800
1.76439996	7.71622800
1.76449996	7.71622800
1.76459996	7.71622800
1.76469996	7.71622800
1.76479996	7.71622800
1.76489996	7.71622800
1.76499996	7.71622800
1.76509996	7.71622800
1.76519996	7.71622800
1.76529996	7.71622800
1.76539996	7.71622800
1.76549996	7.71622800
1.76559996	7.71622800
1.76569996	7.71622800
1.76579996	7.71622800
1.76589996	7.71622800
1.76599996	7.71622800
1.76609996	7.80911700
1.76619996	7.80911700
1.76629996	7.80911700
1.76639996	7.71622800
1.76649996	7.80911700
1.76659996	7.80911700
1.76669996	7.80911700
1.76679996	7.80911700
1.76689996	7.80911700
1.76699996	7.80911700
1.76709996	7.80911700
1.76719996	7.80911700
1.76729996	7.80911700
1.76739996	7.80911700
1.76749996	7.80911700
1.76759996	7.80911700
1.76769996	7.80911700
1.76779996	7.80911700
1.76789996	7.80911700
1.76799996	7.80911700
1.76809996	7.80911700
1.76819996	7.80911700
1.76829996	7.80911700
1.76839996	7.80911700
1.76849996	7.80911700
1.76859996	7.80911700
1.76869996	7.80911700
1.76879996	7.80911700
1.76889996	7.80911700
1.76899996	7.80911700
1.76909996	7.80911700
1.76919996	7.80911700
1.76929996	7.80911700
1.76939996	7.80911700
1.76949996	7.80911700
1.76959996	7.80911700
1.76969996	7.80911700
1.76979996	7.80911700
1.76989996	7.80911700
1.76999996	7.80911700
1.77009996	7.80911700
1.77019996	7.80911700
1.77029996	7.80911700
1.77039996	7.80911700
1.77049996	7.80911700
1.77059996	7.80911700
1.77069996	7.80911700
1.77079996	7.80911700
1.77089996	7.80911700
1.77099996	7.80911700
1.77109996	7.80911700
1.77119996	7.80911700
1.77129996	7.90200500
1.77139996	7.90200500
1.77149996	7.90200500
1.77159996	7.90200500
1.77169996	7.90200500
1.77179996	7.90200500
1.77189996	7.90200500
1.77199996	7.90200500
1.77209996	7.90200500
1.77219996	7.90200500
1.77229996	7.90200500
1.77239996	7.90200500
1.77249996	7.90200500
1.77259996	7.90200500
1.77269996	7.90200500
1.77279996	7.90200500
1.77289996	7.90200500
1.77299996	7.90200500
1.77309996	7.90200500
1.77319996	7.90200500
1.77329996	7.90200500
1.77339996	7.90200500
1.77349996	7.90200500
1.77359996	7.90200500
1.77369996	7.99520200
1.77379996	7.99520200
1.77389996	7.99520200
1.77399996	7.99520200
1.77409996	7.99520200
1.77419996	7.99520200
1.77429996	7.99520200
1.77439996	7.99520200
1.77449996	7.99520200
1.77459996	7.99520200
1.77469996	7.99520200
1.77479996	7.99520200
1.77489996	7.99520200
1.77499996	7.99520200
1.77509996	7.99520200
1.77519996	7.99520200
1.77529996	7.99520200
1.77539996	7.99520200
1.77549996	7.99520200
1.77559996	7.99520200
1.77569996	7.99520200
1.77579996	7.99520200
1.77589996	7.99520200
1.77599996	7.99520200
1.77609996	7.99520200
1.77619996	8.08809100
1.77629996	7.99520200
1.77639996	7.99520200
1.77649996	8.08809100
1.77659996	7.99520200
1.77669996	8.08809100
1.77679996	8.08809100
1.77689996	8.08809100
1.77699996	7.99520200
1.77709996	8.08809100
1.77719996	8.08809100
1.77729996	7.99520200
1.77739996	8.08809100
1.77749996	8.08809100
1.77759996	8.08809100
1.77769996	8.08809100
1.77779996	8.08809100
1.77789996	8.08809100
1.77799996	8.08809100
1.77809996	8.08809100
1.77819996	8.08809100
1.77829996	8.08809100
1.77839996	8.08809100
1.77849996	8.08809100
1.77859996	8.08809100
1.77869996	8.08809100
1.77879996	8.08809100
1.77889996	8.08809100
1.77899996	8.08809100
1.77909996	8.08809100
1.77919996	8.08809100
1.77929996	8.08809100
1.77939996	8.08809100
1.77949996	8.08809100
1.77959996	8.08809100
1.77969996	8.08809100
1.77979996	8.08809100
1.77989996	8.08809100
1.77999996	8.08809100
1.78009996	8.08809100
1.78019996	8.08809100
1.78029996	8.08809100
1.78039996	8.08809100
1.78049996	8.08809100
1.78059996	8.08809100
1.78069996	8.08809100
1.78079996	8.08809100
1.78089996	8.08809100
1.78099996	8.08809100
1.78109996	8.08809100
1.78119996	8.08809100
1.78129996	8.08809100
1.78139995	8.08809100
1.78149995	8.08809100
1.78159995	8.08809100
1.78169995	8.08809100
1.78179995	8.08809100
1.78189995	8.08809100
1.78199995	8.08809100
1.78209995	8.08809100
1.78219995	8.18098000
1.78229995	8.18098000
1.78239995	8.08809100
1.78249995	8.08809100
1.78259995	8.08809100
1.78269995	8.08809100
1.78279995	8.08809100
1.78289995	8.18098000
1.78299995	8.08809100
1.78309995	8.18098000
1.78319995	8.18098000
1.78329995	8.18098000
1.78339995	8.08809100
1.78349995	8.08809100
1.78359995	8.18098000
1.78369995	8.18098000
1.78379995	8.18098000
1.78389995	8.18098000
1.78399995	8.18098000
1.78409995	8.18098000
1.78419995	8.18098000
1.78429995	8.18098000
1.78439995	8.18098000
1.78449995	8.18098000
1.78459995	8.18098000
1.78469995	8.18098000
1.78479995	8.18098000
1.78489995	8.18098000
1.78499995	8.18098000
1.78509995	8.18098000
1.78519995	8.18098000
1.78529995	8.18098000
1.78539995	8.18098000
1.78549995	8.18098000
1.78559995	8.18098000
1.78569995	8.18098000
1.78579995	8.18098000
1.78589995	8.18098000
1.78599995	8.18098000
1.78609995	8.18098000
1.78619995	8.18098000
1.78629995	8.18098000
1.78639995	8.18098000
1.78649995	8.18098000
1.78659995	8.18098000
1.78669995	8.18098000
1.78679995	8.27386800
1.78689995	8.18098000
1.78699995	8.27386800
1.78709995	8.27386800
1.78719995	8.18098000
1.78729995	8.18098000
1.78739995	8.18098000
1.78749995	8.27386800
1.78759995	8.27386800
1.78769995	8.27386800
1.78779995	8.27386800
1.78789995	8.27386800
1.78799995	8.27386800
1.78809995	8.27386800
1.78819995	8.27386800
1.78829995	8.27386800
1.78839995	8.27386800
1.78849995	8.27386800
1.78859995	8.27386800
1.78869995	8.27386800
1.78879995	8.27386800
1.78889995	8.27386800
1.78899995	8.27386800
1.78909995	8.27386800
1.78919995	8.27386800
1.78929995	8.27386800
1.78939995	8.27386800
1.78949995	8.27386800
1.78959995	8.27386800
1.78969995	8.27386800
1.78979995	8.27386800
1.78989995	8.27386800
1.78999995	8.27386800
1.79009995	8.27386800
1.79019995	8.27386800
1.79029995	8.27386800
1.79039995	8.27386800
1.79049995	8.27386800
1.79059995	8.27386800
1.79069995	8.27386800
1.79079995	8.27386800
1.79089995	8.27386800
1.79099995	8.27386800
1.79109995	8.27386800
1.79119995	8.27386800
1.79129995	8.27386800
1.79139995	8.27386800
1.79149995	8.27386800
1.79159995	8.27386800
1.79169995	8.27386800
1.79179995	8.36706400
1.79189995	8.36706400
1.79199995	8.36706400
1.79209995	8.27386800
1.79219995	8.36706400
1.79229995	8.27386800
1.79239995	8.36706400
1.79249995	8.27386800
1.79259995	8.36706400
1.79269995	8.36706400
1.79279995	8.36706400
1.79289995	8.36706400
1.79299995	8.36706400
1.79309995	8.36706400
1.79319995	8.27386800
1.79329995	8.36706400
1.79339995	8.27386800
1.79349995	8.36706400
1.79359995	8.36706400
1.79369995	8.36706400
1.79379995	8.36706400
1.79389995	8.27386800
1.79399995	8.36706400
1.79409995	8.36706400
1.79419995	8.27386800
1.79429995	8.36706400
1.79439995	8.36706400
1.79449995	8.36706400
1.79459995	8.36706400
1.79469995	8.36706400
1.79479995	8.36706400
1.79489995	8.36706400
1.79499995	8.36706400
1.79509995	8.36706400
1.79519995	8.36706400
1.79529995	8.36706400
1.79539995	8.36706400
1.79549995	8.36706400
1.79559995	8.36706400
1.79569995	8.36706400
1.79579995	8.36706400
1.79589995	8.36706400
1.79599995	8.36706400
1.79609995	8.36706400
1.79619995	8.36706400
1.79629995	8.36706400
1.79639995	8.36706400
1.79649995	8.36706400
1.79659995	8.36706400
1.79669995	8.36706400
1.79679995	8.36706400
1.79689995	8.36706400
1.79699995	8.45995300
1.79709995	8.36706400
1.79719995	8.36706400
1.79729995	8.36706400
1.79739995	8.36706400
1.79749995	8.36706400
1.79759995	8.36706400
1.79769995	8.36706400
1.79779995	8.36706400
1.79789995	8.36706400
1.79799995	8.36706400
1.79809995	8.36706400
1.79819995	8.36706400
1.79829995	8.45995300
1.79839995	8.36706400
1.79849995	8.36706400
1.79859995	8.36706400
1.79869995	8.36706400
1.79879995	8.36706400
1.79889995	8.36706400
1.79899995	8.36706400
1.79909995	8.36706400
1.79919995	8.45995300
1.79929995	8.36706400
1.79939995	8.36706400
1.79949995	8.45995300
1.79959995	8.36706400
1.79969995	8.36706400
1.79979995	8.36706400
1.79989995	8.36706400
1.79999995	8.45995300
1.80009995	8.36706400
1.80019995	8.36706400
1.80029995	8.36706400
1.80039995	8.36706400
1.80049995	8.36706400
1.80059995	8.36706400
1.80069995	8.36706400
1.80079995	8.36706400
1.80089995	8.36706400
1.80099995	8.36706400
1.80109995	8.36706400
1.80119995	8.45995300
1.80129995	8.36706400
1.80139995	8.36706400
1.80149995	8.36706400
1.80159995	8.36706400
1.80169995	8.36706400
1.80179995	8.36706400
1.80189995	8.36706400
1.80199995	8.36706400
1.80209995	8.45995300
1.80219995	8.36706400
1.80229995	8.36706400
1.80239995	8.45995300
1.80249995	8.36706400
1.80259995	8.36706400
1.80269995	8.45995300
1.80279995	8.36706400
1.80289995	8.36706400
1.80299995	8.36706400
1.80309995	8.45995300
1.80319995	8.36706400
1.80329995	8.36706400
1.80339995	8.36706400
1.80349995	8.36706400
1.80359995	8.45995300
1.80369995	8.45995300
1.80379995	8.36706400
1.80389995	8.45995300
1.80399995	8.45995300
1.80409995	8.45995300
1.80419995	8.45995300
1.80429995	8.45995300
1.80439995	8.36706400
1.80449995	8.45995300
1.80459995	8.45995300
1.80469995	8.36706400
1.80479995	8.45995300
1.80489995	8.45995300
1.80499995	8.45995300
1.80509995	8.45995300
1.80519995	8.45995300
1.80529995	8.45995300
1.80539995	8.45995300
1.80549995	8.45995300
1.80559995	8.45995300
1.80569995	8.45995300
1.80579995	8.45995300
1.80589995	8.45995300
1.80599995	8.45995300
1.80609995	8.45995300
1.80619995	8.36706400
1.80629995	8.45995300
1.80639995	8.45995300
1.80649995	8.45995300
1.80659995	8.45995300
1.80669995	8.45995300
1.80679995	8.45995300
1.80689995	8.45995300
1.80699995	8.45995300
1.80709995	8.45995300
1.80719995	8.45995300
1.80729995	8.45995300
1.80739995	8.45995300
1.80749995	8.45995300
1.80759995	8.45995300
1.80769995	8.45995300
1.80779995	8.45995300
1.80789995	8.45995300
1.80799995	8.45995300
1.80809995	8.45995300
1.80819995	8.45995300
1.80829995	8.45995300
1.80839995	8.45995300
1.80849995	8.45995300
1.80859995	8.45995300
1.80869995	8.45995300
1.80879995	8.45995300
1.80889995	8.45995300
1.80899995	8.45995300
1.80909995	8.45995300
1.80919995	8.45995300
1.80929995	8.45995300
1.80939995	8.45995300
1.80949995	8.45995300
1.80959995	8.45995300
1.80969995	8.45995300
1.80979995	8.45995300
1.80989995	8.45995300
1.80999995	8.45995300
1.81009995	8.45995300
1.81019995	8.45995300
1.81029995	8.45995300
1.81039995	8.45995300
1.81049995	8.45995300
1.81059995	8.45995300
1.81069995	8.45995300
1.81079995	8.45995300
1.81089995	8.45995300
1.81099995	8.45995300
1.81109995	8.45995300
1.81119995	8.45995300
1.81129995	8.45995300
1.81139995	8.45995300
1.81149995	8.45995300
1.81159995	8.45995300
1.81169995	8.45995300
1.81179995	8.45995300
1.81189995	8.45995300
1.81199995	8.45995300
1.81209995	8.45995300
1.81219995	8.45995300
1.81229995	8.45995300
1.81239995	8.45995300
1.81249995	8.45995300
1.81259995	8.45995300
1.81269995	8.45995300
1.81279995	8.45995300
1.81289995	8.45995300
1.81299995	8.45995300
1.81309995	8.45995300
1.81319995	8.45995300
1.81329995	8.45995300
1.81339995	8.45995300
1.81349995	8.45995300
1.81359995	8.45995300
1.81369995	8.45995300
1.81379995	8.45995300
1.81389995	8.45995300
1.81399995	8.45995300
1.81409995	8.45995300
1.81419995	8.45995300
1.81429995	8.45995300
1.81439995	8.45995300
1.81449995	8.45995300
1.81459995	8.45995300
1.81469995	8.45995300
1.81479995	8.45995300
1.81489995	8.45995300
1.81499995	8.45995300
1.81509995	8.45995300
1.81519995	8.45995300
1.81529995	8.45995300
1.81539995	8.45995300
1.81549995	8.45995300
1.81559995	8.45995300
1.81569995	8.45995300
1.81579995	8.45995300
1.81589995	8.45995300
1.81599995	8.45995300
1.81609995	8.45995300
1.81619995	8.45995300
1.81629995	8.45995300
1.81639995	8.45995300
1.81649995	8.45995300
1.81659995	8.45995300
1.81669995	8.55284200
1.81679995	8.45995300
1.81689995	8.45995300
1.81699995	8.45995300
1.81709995	8.45995300
1.81719995	8.45995300
1.81729995	8.55284200
1.81739995	8.45995300
1.81749995	8.45995300
1.81759995	8.45995300
1.81769995	8.45995300
1.81779995	8.45995300
1.81789995	8.45995300
1.81799995	8.45995300
1.81809995	8.45995300
1.81819995	8.45995300
1.81829995	8.45995300
1.81839995	8.55284200
1.81849995	8.45995300
1.81859995	8.45995300
1.81869995	8.55284200
1.81879995	8.45995300
1.81889995	8.55284200
1.81899995	8.45995300
1.81909995	8.45995300
1.81919995	8.45995300
1.81929995	8.55284200
1.81939995	8.45995300
1.81949995	8.45995300
1.81959995	8.55284200
1.81969995	8.55284200
1.81979995	8.55284200
1.81989995	8.45995300
1.81999995	8.45995300
1.82009995	8.45995300
1.82019995	8.45995300
1.82029995	8.45995300
1.82039995	8.45995300
1.82049995	8.45995300
1.82059995	8.45995300
1.82069995	8.45995300
1.82079995	8.45995300
1.82089995	8.45995300
1.82099995	8.45995300
1.82109995	8.45995300
1.82119995	8.45995300
1.82129995	8.45995300
1.82139995	8.45995300
1.82149995	8.45995300
1.82159995	8.45995300
1.82169995	8.45995300
1.82179995	8.45995300
1.82189995	8.45995300
1.82199995	8.45995300
1.82209995	8.45995300
1.82219995	8.45995300
1.82229995	8.45995300
1.82239995	8.45995300
1.82249995	8.55284200
1.82259995	8.45995300
1.82269995	8.45995300
1.82279995	8.45995300
1.82289995	8.45995300
1.82299995	8.45995300
1.82309995	8.45995300
1.82319995	8.45995300
1.82329995	8.45995300
1.82339995	8.45995300
1.82349995	8.55284200
1.82359995	8.45995300
1.82369995	8.45995300
1.82379995	8.45995300
1.82389995	8.45995300
1.82399995	8.45995300
1.82409995	8.45995300
1.82419995	8.45995300
1.82429995	8.55284200
1.82439995	8.45995300
1.82449995	8.45995300
1.82459995	8.45995300
1.82469995	8.45995300
1.82479995	8.45995300
1.82489995	8.45995300
1.82499995	8.45995300
1.82509995	8.45995300
1.82519995	8.55284200
1.82529995	8.45995300
1.82539995	8.45995300
1.82549995	8.45995300
1.82559995	8.45995300
1.82569995	8.45995300
1.82579995	8.45995300
1.82589995	8.45995300
1.82599995	8.45995300
1.82609995	8.45995300
1.82619995	8.45995300
1.82629995	8.45995300
1.82639995	8.45995300
1.82649995	8.45995300
1.82659995	8.45995300
1.82669995	8.45995300
1.82679995	8.45995300
1.82689995	8.45995300
1.82699995	8.45995300
1.82709995	8.45995300
1.82719995	8.45995300
1.82729995	8.45995300
1.82739995	8.45995300
1.82749995	8.45995300
1.82759995	8.45995300
1.82769995	8.45995300
1.82779995	8.45995300
1.82789995	8.45995300
1.82799995	8.45995300
1.82809995	8.45995300
1.82819995	8.45995300
1.82829995	8.45995300
1.82839995	8.45995300
1.82849995	8.45995300
1.82859995	8.45995300
1.82869995	8.45995300
1.82879995	8.45995300
1.82889995	8.45995300
1.82899995	8.45995300
1.82909995	8.45995300
1.82919995	8.45995300
1.82929995	8.45995300
1.82939995	8.45995300
1.82949995	8.45995300
1.82959995	8.45995300
1.82969995	8.45995300
1.82979995	8.45995300
1.82989995	8.45995300
1.82999995	8.45995300
1.83009995	8.45995300
1.83019995	8.45995300
1.83029995	8.45995300
1.83039995	8.45995300
1.83049995	8.45995300
1.83059995	8.45995300
1.83069995	8.45995300
1.83079995	8.45995300
1.83089995	8.45995300
1.83099995	8.45995300
1.83109995	8.45995300
1.83119995	8.45995300
1.83129995	8.45995300
1.83139995	8.45995300
1.83149995	8.45995300
1.83159995	8.45995300
1.83169995	8.45995300
1.83179995	8.45995300
1.83189995	8.45995300
1.83199995	8.45995300
1.83209995	8.45995300
1.83219995	8.45995300
1.83229995	8.45995300
1.83239995	8.45995300
1.83249995	8.45995300
1.83259995	8.45995300
1.83269995	8.45995300
1.83279995	8.45995300
1.83289995	8.45995300
1.83299995	8.45995300
1.83309995	8.45995300
1.83319995	8.45995300
1.83329995	8.45995300
1.83339995	8.45995300
1.83349995	8.45995300
1.83359995	8.45995300
1.83369995	8.36706400
1.83379995	8.36706400
1.83389995	8.36706400
1.83399995	8.45995300
1.83409995	8.45995300
1.83419995	8.36706400
1.83429995	8.36706400
1.83439995	8.45995300
1.83449995	8.45995300
1.83459995	8.45995300
1.83469995	8.36706400
1.83479995	8.36706400
1.83489995	8.45995300
1.83499995	8.36706400
1.83509995	8.36706400
1.83519995	8.36706400
1.83529995	8.36706400
1.83539995	8.36706400
1.83549995	8.36706400
1.83559995	8.45995300
1.83569995	8.36706400
1.83579995	8.36706400
1.83589995	8.36706400
1.83599995	8.36706400
1.83609995	8.36706400
1.83619995	8.36706400
1.83629995	8.36706400
1.83639995	8.36706400
1.83649995	8.36706400
1.83659995	8.36706400
1.83669995	8.36706400
1.83679995	8.36706400
1.83689995	8.36706400
1.83699995	8.36706400
1.83709995	8.36706400
1.83719995	8.36706400
1.83729995	8.36706400
1.83739995	8.36706400
1.83749995	8.36706400
1.83759995	8.36706400
1.83769995	8.36706400
1.83779995	8.36706400
1.83789995	8.36706400
1.83799995	8.36706400
1.83809995	8.36706400
1.83819995	8.36706400
1.83829995	8.36706400
1.83839995	8.36706400
1.83849995	8.36706400
1.83859995	8.36706400
1.83869995	8.36706400
1.83879995	8.36706400
1.83889995	8.36706400
1.83899995	8.36706400
1.83909995	8.36706400
1.83919995	8.36706400
1.83929995	8.36706400
1.83939995	8.36706400
1.83949995	8.36706400
1.83959995	8.36706400
1.83969995	8.36706400
1.83979995	8.36706400
1.83989995	8.36706400
1.83999995	8.36706400
1.84009995	8.36706400
1.84019995	8.36706400
1.84029995	8.36706400
1.84039995	8.36706400
1.84049995	8.36706400
1.84059995	8.36706400
1.84069995	8.36706400
1.84079995	8.36706400
1.84089995	8.36706400
1.84099995	8.36706400
1.84109995	8.36706400
1.84119995	8.36706400
1.84129995	8.36706400
1.84139995	8.36706400
1.84149995	8.36706400
1.84159995	8.36706400
1.84169995	8.36706400
1.84179995	8.36706400
1.84189995	8.36706400
1.84199995	8.36706400
1.84209995	8.36706400
1.84219995	8.36706400
1.84229995	8.36706400
1.84239995	8.36706400
1.84249995	8.36706400
1.84259995	8.36706400
1.84269995	8.36706400
1.84279995	8.36706400
1.84289995	8.36706400
1.84299995	8.36706400
1.84309995	8.36706400
1.84319995	8.36706400
1.84329995	8.36706400
1.84339995	8.36706400
1.84349995	8.36706400
1.84359995	8.36706400
1.84369995	8.36706400
1.84379995	8.36706400
1.84389995	8.27386800
1.84399995	8.36706400
1.84409995	8.36706400
1.84419995	8.36706400
1.84429995	8.36706400
1.84439995	8.36706400
1.84449995	8.36706400
1.84459995	8.36706400
1.84469995	8.36706400
1.84479995	8.27386800
1.84489995	8.36706400
1.84499995	8.36706400
1.84509995	8.36706400
1.84519995	8.36706400
1.84529995	8.36706400
1.84539995	8.36706400
1.84549995	8.36706400
1.84559995	8.36706400
1.84569995	8.27386800
1.84579995	8.36706400
1.84589995	8.36706400
1.84599995	8.36706400
1.84609995	8.27386800
1.84619995	8.27386800
1.84629995	8.36706400
1.84639995	8.27386800
1.84649995	8.36706400
1.84659995	8.27386800
1.84669995	8.27386800
1.84679995	8.27386800
1.84689995	8.36706400
1.84699995	8.27386800
1.84709995	8.27386800
1.84719995	8.27386800
1.84729995	8.36706400
1.84739995	8.27386800
1.84749995	8.27386800
1.84759995	8.27386800
1.84769995	8.27386800
1.84779995	8.27386800
1.84789995	8.36706400
1.84799995	8.27386800
1.84809995	8.27386800
1.84819995	8.27386800
1.84829995	8.27386800
1.84839995	8.27386800
1.84849995	8.27386800
1.84859995	8.27386800
1.84869995	8.27386800
1.84879995	8.27386800
1.84889995	8.27386800
1.84899995	8.27386800
1.84909995	8.27386800
1.84919995	8.27386800
1.84929995	8.27386800
1.84939995	8.27386800
1.84949995	8.27386800
1.84959995	8.27386800
1.84969995	8.27386800
1.84979995	8.27386800
1.84989995	8.27386800
1.84999995	8.27386800
1.85009995	8.27386800
1.85019995	8.27386800
1.85029995	8.27386800
1.85039995	8.27386800
1.85049995	8.27386800
1.85059995	8.27386800
1.85069995	8.27386800
1.85079995	8.27386800
1.85089995	8.27386800
1.85099995	8.27386800
1.85109995	8.27386800
1.85119995	8.27386800
1.85129995	8.27386800
1.85139995	8.27386800
1.85149995	8.27386800
1.85159995	8.27386800
1.85169995	8.27386800
1.85179995	8.27386800
1.85189995	8.27386800
1.85199995	8.27386800
1.85209995	8.27386800
1.85219995	8.18098000
1.85229995	8.18098000
1.85239995	8.18098000
1.85249995	8.18098000
1.85259995	8.18098000
1.85269995	8.18098000
1.85279995	8.18098000
1.85289995	8.18098000
1.85299995	8.18098000
1.85309995	8.18098000
1.85319995	8.18098000
1.85329995	8.18098000
1.85339995	8.27386800
1.85349995	8.18098000
1.85359995	8.18098000
1.85369995	8.18098000
1.85379995	8.18098000
1.85389995	8.18098000
1.85399995	8.18098000
1.85409995	8.18098000
1.85419995	8.18098000
1.85429995	8.18098000
1.85439995	8.18098000
1.85449995	8.18098000
1.85459995	8.18098000
1.85469995	8.18098000
1.85479995	8.18098000
1.85489995	8.18098000
1.85499995	8.08809100
1.85509995	8.08809100
1.85519995	8.18098000
1.85529995	8.18098000
1.85539995	8.08809100
1.85549995	8.08809100
1.85559995	8.08809100
1.85569995	8.08809100
1.85579995	8.08809100
1.85589995	8.08809100
1.85599995	8.08809100
1.85609995	8.08809100
1.85619995	8.08809100
1.85629995	8.08809100
1.85639995	8.08809100
1.85649995	8.08809100
1.85659995	8.08809100
1.85669995	7.99520200
1.85679995	8.08809100
1.85689995	8.08809100
1.85699995	8.08809100
1.85709995	8.08809100
1.85719995	7.99520200
1.85729995	8.08809100
1.85739995	8.08809100
1.85749995	7.99520200
1.85759995	7.99520200
1.85769995	7.99520200
1.85779995	8.08809100
1.85789995	7.99520200
1.85799995	8.08809100
1.85809995	7.99520200
1.85819995	7.99520200
1.85829995	7.99520200
1.85839995	7.99520200
1.85849995	7.99520200
1.85859995	7.99520200
1.85869995	7.99520200
1.85879995	7.99520200
1.85889995	7.99520200
1.85899995	7.99520200
1.85909995	7.99520200
1.85919995	7.99520200
1.85929995	7.99520200
1.85939995	7.99520200
1.85949995	7.99520200
1.85959995	7.99520200
1.85969995	7.99520200
1.85979995	7.99520200
1.85989995	7.99520200
1.85999995	7.99520200
1.86009995	7.99520200
1.86019995	7.99520200
1.86029995	7.99520200
1.86039995	7.99520200
1.86049995	7.99520200
1.86059995	7.99520200
1.86069995	7.99520200
1.86079995	7.99520200
1.86089995	7.99520200
1.86099995	7.99520200
1.86109995	7.99520200
1.86119995	7.99520200
1.86129995	7.99520200
1.86139995	7.99520200
1.86149995	7.99520200
1.86159995	7.99520200
1.86169995	7.99520200
1.86179995	7.99520200
1.86189995	7.99520200
1.86199995	7.99520200
1.86209995	7.99520200
1.86219995	7.99520200
1.86229995	7.99520200
1.86239995	7.99520200
1.86249995	7.99520200
1.86259995	7.99520200
1.86269995	7.99520200
1.86279995	7.99520200
1.86289995	7.99520200
1.86299995	7.99520200
1.86309995	7.99520200
1.86319995	7.99520200
1.86329995	7.99520200
1.86339995	7.99520200
1.86349995	7.99520200
1.86359995	7.99520200
1.86369995	7.99520200
1.86379995	7.99520200
1.86389995	7.99520200
1.86399995	7.99520200
1.86409995	7.99520200
1.86419995	7.99520200
1.86429995	7.99520200
1.86439995	7.99520200
1.86449995	7.99520200
1.86459995	7.99520200
1.86469995	7.99520200
1.86479995	7.99520200
1.86489995	7.99520200
1.86499995	7.99520200
1.86509995	7.99520200
1.86519995	7.99520200
1.86529995	7.99520200
1.86539995	7.99520200
1.86549995	7.99520200
1.86559995	7.99520200
1.86569995	7.99520200
1.86579995	7.99520200
1.86589995	7.99520200
1.86599995	7.99520200
1.86609995	7.90200500
1.86619995	7.99520200
1.86629995	7.90200500
1.86639995	7.99520200
1.86649995	7.99520200
1.86659995	7.99520200
1.86669995	7.99520200
1.86679995	7.99520200
1.86689995	7.99520200
1.86699995	7.99520200
1.86709995	7.99520200
1.86719995	7.99520200
1.86729995	7.99520200
1.86739995	7.90200500
1.86749995	7.90200500
1.86759995	7.90200500
1.86769995	7.90200500
1.86779995	7.90200500
1.86789995	7.90200500
1.86799995	7.90200500
1.86809995	7.90200500
1.86819995	7.90200500
1.86829995	7.90200500
1.86839995	7.90200500
1.86849995	7.90200500
1.86859995	7.90200500
1.86869995	7.90200500
1.86879995	7.90200500
1.86889995	7.90200500
1.86899995	7.90200500
1.86909995	7.90200500
1.86919995	7.90200500
1.86929995	7.90200500
1.86939995	7.80911700
1.86949995	7.90200500
1.86959995	7.90200500
1.86969995	7.90200500
1.86979995	7.80911700
1.86989995	7.90200500
1.86999995	7.90200500
1.87009995	7.80911700
1.87019995	7.90200500
1.87029995	7.90200500
1.87039995	7.80911700
1.87049995	7.90200500
1.87059995	7.80911700
1.87069995	7.80911700
1.87079995	7.80911700
1.87089995	7.80911700
1.87099995	7.80911700
1.87109995	7.80911700
1.87119995	7.80911700
1.87129995	7.80911700
1.87139995	7.80911700
1.87149995	7.80911700
1.87159995	7.80911700
1.87169995	7.80911700
1.87179995	7.80911700
1.87189995	7.80911700
1.87199995	7.80911700
1.87209995	7.80911700
1.87219995	7.80911700
1.87229995	7.80911700
1.87239995	7.71622800
1.87249995	7.80911700
1.87259995	7.80911700
1.87269995	7.80911700
1.87279995	7.80911700
1.87289995	7.80911700
1.87299995	7.80911700
1.87309995	7.80911700
1.87319995	7.71622800
1.87329995	7.71622800
1.87339995	7.71622800
1.87349995	7.71622800
1.87359995	7.71622800
1.87369995	7.71622800
1.87379995	7.71622800
1.87389995	7.71622800
1.87399995	7.71622800
1.87409995	7.71622800
1.87419995	7.71622800
1.87429995	7.71622800
1.87439995	7.71622800
1.87449995	7.71622800
1.87459995	7.71622800
1.87469995	7.71622800
1.87479995	7.71622800
1.87489995	7.62333900
1.87499995	7.62333900
1.87509995	7.71622800
1.87519995	7.71622800
1.87529995	7.71622800
1.87539995	7.62333900
1.87549995	7.71622800
1.87559995	7.71622800
1.87569995	7.62333900
1.87579995	7.62333900
1.87589995	7.62333900
1.87599995	7.62333900
1.87609995	7.71622800
1.87619995	7.62333900
1.87629995	7.62333900
1.87639995	7.71622800
1.87649995	7.62333900
1.87659995	7.62333900
1.87669995	7.62333900
1.87679995	7.62333900
1.87689995	7.62333900
1.87699995	7.62333900
1.87709995	7.62333900
1.87719995	7.62333900
1.87729995	7.71622800
1.87739995	7.62333900
1.87749995	7.62333900
1.87759995	7.62333900
1.87769995	7.62333900
1.87779995	7.62333900
1.87789995	7.62333900
1.87799995	7.62333900
1.87809995	7.62333900
1.87819995	7.62333900
1.87829995	7.62333900
1.87839995	7.62333900
1.87849995	7.62333900
1.87859995	7.62333900
1.87869995	7.62333900
1.87879995	7.62333900
1.87889995	7.62333900
1.87899995	7.62333900
1.87909995	7.62333900
1.87919995	7.62333900
1.87929995	7.62333900
1.87939995	7.62333900
1.87949995	7.62333900
1.87959995	7.62333900
1.87969995	7.62333900
1.87979995	7.62333900
1.87989995	7.62333900
1.87999995	7.62333900
1.88009995	7.62333900
1.88019995	7.62333900
1.88029995	7.62333900
1.88039995	7.62333900
1.88049995	7.53014300
1.88059995	7.53014300
1.88069995	7.62333900
1.88079995	7.62333900
1.88089995	7.62333900
1.88099995	7.62333900
1.88109995	7.62333900
1.88119995	7.53014300
1.88129995	7.62333900
1.88139995	7.53014300
1.88149995	7.53014300
1.88159995	7.53014300
1.88169995	7.53014300
1.88179995	7.53014300
1.88189995	7.53014300
1.88199995	7.53014300
1.88209995	7.53014300
1.88219995	7.53014300
1.88229995	7.53014300
1.88239995	7.53014300
1.88249995	7.53014300
1.88259995	7.43725400
1.88269995	7.53014300
1.88279995	7.53014300
1.88289995	7.53014300
1.88299995	7.53014300
1.88309995	7.53014300
1.88319995	7.53014300
1.88329995	7.53014300
1.88339995	7.53014300
1.88349995	7.53014300
1.88359995	7.53014300
1.88369995	7.53014300
1.88379995	7.43725400
1.88389995	7.43725400
1.88399995	7.43725400
1.88409995	7.43725400
1.88419995	7.43725400
1.88429995	7.43725400
1.88439995	7.43725400
1.88449995	7.43725400
1.88459995	7.43725400
1.88469995	7.43725400
1.88479995	7.43725400
1.88489995	7.43725400
1.88499995	7.43725400
1.88509995	7.34436500
1.88519995	7.43725400
1.88529995	7.43725400
1.88539995	7.43725400
1.88549995	7.43725400
1.88559995	7.43725400
1.88569995	7.43725400
1.88579995	7.43725400
1.88589995	7.34436500
1.88599995	7.43725400
1.88609995	7.43725400
1.88619995	7.43725400
1.88629995	7.43725400
1.88639995	7.43725400
1.88649995	7.43725400
1.88659995	7.43725400
1.88669995	7.34436500
1.88679995	7.34436500
1.88689995	7.43725400
1.88699995	7.43725400
1.88709995	7.43725400
1.88719995	7.34436500
1.88729995	7.43725400
1.88739995	7.43725400
1.88749995	7.43725400
1.88759995	7.43725400
1.88769995	7.43725400
1.88779995	7.34436500
1.88789995	7.34436500
1.88799995	7.34436500
1.88809995	7.34436500
1.88819995	7.43725400
1.88829995	7.34436500
1.88839995	7.43725400
1.88849995	7.34436500
1.88859995	7.34436500
1.88869995	7.34436500
1.88879995	7.43725400
1.88889995	7.43725400
1.88899995	7.43725400
1.88909995	7.43725400
1.88919995	7.43725400
1.88929995	7.43725400
1.88939995	7.43725400
1.88949995	7.43725400
1.88959995	7.43725400
1.88969995	7.43725400
1.88979995	7.43725400
1.88989995	7.43725400
1.88999995	7.43725400
1.89009995	7.43725400
1.89019995	7.34436500
1.89029995	7.34436500
1.89039995	7.43725400
1.89049995	7.43725400
1.89059995	7.34436500
1.89069995	7.34436500
1.89079995	7.43725400
1.89089995	7.43725400
1.89099995	7.43725400
1.89109995	7.43725400
1.89119995	7.43725400
1.89129995	7.43725400
1.89139995	7.34436500
1.89149995	7.34436500
1.89159995	7.34436500
1.89169995	7.34436500
1.89179995	7.34436500
1.89189995	7.34436500
1.89199995	7.34436500
1.89209995	7.34436500
1.89219995	7.34436500
1.89229995	7.34436500
1.89239995	7.34436500
1.89249995	7.34436500
1.89259995	7.34436500
1.89269995	7.34436500
1.89279995	7.34436500
1.89289995	7.34436500
1.89299995	7.34436500
1.89309995	7.34436500
1.89319995	7.25147600
1.89329995	7.25147600
1.89339995	7.25147600
1.89349995	7.25147600
1.89359995	7.25147600
1.89369995	7.25147600
1.89379995	7.25147600
1.89389995	7.25147600
1.89399995	7.25147600
1.89409995	7.25147600
1.89419995	7.25147600
1.89429995	7.25147600
1.89439995	7.15828000
1.89449995	7.15828000
1.89459995	7.15828000
1.89469995	7.15828000
1.89479995	7.15828000
1.89489995	7.15828000
1.89499995	7.15828000
1.89509995	7.15828000
1.89519995	7.15828000
1.89529995	7.15828000
1.89539995	7.15828000
1.89549995	7.15828000
1.89559995	7.15828000
1.89569995	7.15828000
1.89579995	7.15828000
1.89589995	7.15828000
1.89599995	7.15828000
1.89609995	7.06539100
1.89619995	7.15828000
1.89629995	7.06539100
1.89639995	7.06539100
1.89649995	7.06539100
1.89659995	7.06539100
1.89669995	7.15828000
1.89679995	7.06539100
1.89689995	7.15828000
1.89699995	7.15828000
1.89709995	7.15828000
1.89719995	7.15828000
1.89729995	7.06539100
1.89739995	7.15828000
1.89749995	7.06539100
1.89759995	7.15828000
1.89769995	7.06539100
1.89779995	7.06539100
1.89789995	7.06539100
1.89799995	7.06539100
1.89809995	7.06539100
1.89819995	7.06539100
1.89829995	7.06539100
1.89839995	7.06539100
1.89849995	7.06539100
1.89859995	7.06539100
1.89869995	7.06539100
1.89879995	7.06539100
1.89889995	7.06539100
1.89899995	7.06539100
1.89909995	7.06539100
1.89919995	7.06539100
1.89929995	7.06539100
1.89939995	7.06539100
1.89949995	7.06539100
1.89959995	7.06539100
1.89969995	7.06539100
1.89979995	7.06539100
1.89989995	7.06539100
1.89999995	7.06539100
1.90009995	7.06539100
1.90019995	7.06539100
1.90029995	6.97250200
1.90039995	7.06539100
1.90049995	7.06539100
1.90059995	7.06539100
1.90069995	7.06539100
1.90079995	7.06539100
1.90089995	7.06539100
1.90099995	7.06539100
1.90109995	7.06539100
1.90119995	7.06539100
1.90129995	7.06539100
1.90139995	7.06539100
1.90149995	7.06539100
1.90159995	7.06539100
1.90169995	7.06539100
1.90179995	7.06539100
1.90189995	7.06539100
1.90199995	6.97250200
1.90209995	6.97250200
1.90219995	7.06539100
1.90229995	7.06539100
1.90239995	7.06539100
1.90249995	7.06539100
1.90259995	7.06539100
1.90269995	7.06539100
1.90279995	7.06539100
1.90289995	7.06539100
1.90299995	7.06539100
1.90309995	7.06539100
1.90319995	7.06539100
1.90329995	7.06539100
1.90339995	7.06539100
1.90349995	7.06539100
1.90359995	7.06539100
1.90369995	7.06539100
1.90379995	6.97250200
1.90389995	6.97250200
1.90399995	6.97250200
1.90409995	6.97250200
1.90419995	7.06539100
1.90429995	6.97250200
1.90439995	6.97250200
1.90449995	6.97250200
1.90459995	7.06539100
1.90469995	6.97250200
1.90479995	6.97250200
1.90489995	6.97250200
1.90499995	6.97250200
1.90509995	6.97250200
1.90519995	6.97250200
1.90529995	6.97250200
1.90539995	7.06539100
1.90549995	6.97250200
1.90559995	6.97250200
1.90569995	6.97250200
1.90579995	6.97250200
1.90589995	6.97250200
1.90599995	6.97250200
1.90609995	6.97250200
1.90619995	6.97250200
1.90629995	6.97250200
1.90639995	6.97250200
1.90649995	6.97250200
1.90659995	6.87961400
1.90669995	6.97250200
1.90679995	6.97250200
1.90689995	6.87961400
1.90699995	6.97250200
1.90709995	6.97250200
1.90719995	6.87961400
1.90729995	6.87961400
1.90739995	6.87961400
1.90749995	6.87961400
1.90759995	6.87961400
1.90769995	6.87961400
1.90779995	6.87961400
1.90789995	6.87961400
1.90799995	6.87961400
1.90809995	6.87961400
1.90819995	6.87961400
1.90829995	6.87961400
1.90839995	6.87961400
1.90849995	6.87961400
1.90859995	6.87961400
1.90869995	6.78641700
1.90879995	6.87961400
1.90889995	6.78641700
1.90899995	6.78641700
1.90909995	6.87961400
1.90919995	6.78641700
1.90929995	6.78641700
1.90939995	6.78641700
1.90949995	6.78641700
1.90959995	6.78641700
1.90969995	6.78641700
1.90979995	6.78641700
1.90989995	6.78641700
1.90999995	6.78641700
1.91009995	6.87961400
1.91019995	6.78641700
1.91029995	6.78641700
1.91039995	6.78641700
1.91049995	6.78641700
1.91059995	6.78641700
1.91069995	6.78641700
1.91079995	6.78641700
1.91089995	6.78641700
1.91099995	6.78641700
1.91109995	6.78641700
1.91119995	6.78641700
1.91129995	6.78641700
1.91139995	6.78641700
1.91149995	6.78641700
1.91159995	6.78641700
1.91169995	6.78641700
1.91179995	6.78641700
1.91189995	6.69352900
1.91199995	6.69352900
1.91209995	6.78641700
1.91219995	6.78641700
1.91229995	6.78641700
1.91239995	6.78641700
1.91249995	6.78641700
1.91259995	6.69352900
1.91269995	6.69352900
1.91279995	6.69352900
1.91289995	6.69352900
1.91299995	6.69352900
1.91309995	6.69352900
1.91319995	6.69352900
1.91329995	6.69352900
1.91339995	6.78641700
1.91349995	6.69352900
1.91359995	6.69352900
1.91369995	6.69352900
1.91379995	6.69352900
1.91389995	6.69352900
1.91399995	6.69352900
1.91409995	6.69352900
1.91419995	6.69352900
1.91429995	6.69352900
1.91439995	6.69352900
1.91449995	6.69352900
1.91459995	6.60064000
1.91469995	6.69352900
1.91479995	6.60064000
1.91489995	6.60064000
1.91499995	6.60064000
1.91509995	6.60064000
1.91519995	6.69352900
1.91529995	6.69352900
1.91539995	6.60064000
1.91549995	6.60064000
1.91559995	6.60064000
1.91569995	6.60064000
1.91579995	6.60064000
1.91589995	6.60064000
1.91599995	6.60064000
1.91609995	6.60064000
1.91619995	6.60064000
1.91629995	6.60064000
1.91639995	6.60064000
1.91649995	6.60064000
1.91659995	6.60064000
1.91669995	6.60064000
1.91679995	6.60064000
1.91689995	6.60064000
1.91699995	6.60064000
1.91709995	6.60064000
1.91719995	6.60064000
1.91729995	6.60064000
1.91739995	6.60064000
1.91749995	6.60064000
1.91759995	6.60064000
1.91769995	6.60064000
1.91779995	6.60064000
1.91789995	6.60064000
1.91799995	6.60064000
1.91809995	6.60064000
1.91819995	6.60064000
1.91829995	6.60064000
1.91839995	6.60064000
1.91849995	6.60064000
1.91859995	6.60064000
1.91869995	6.60064000
1.91879995	6.60064000
1.91889995	6.60064000
1.91899995	6.60064000
1.91909995	6.60064000
1.91919995	6.50775100
1.91929995	6.60064000
1.91939995	6.60064000
1.91949995	6.60064000
1.91959995	6.50775100
1.91969995	6.50775100
1.91979995	6.50775100
1.91989995	6.50775100
1.91999995	6.50775100
1.92009995	6.50775100
1.92019995	6.50775100
1.92029995	6.50775100
1.92039995	6.50775100
1.92049995	6.50775100
1.92059995	6.41455500
1.92069995	6.50775100
1.92079995	6.50775100
1.92089995	6.50775100
1.92099995	6.41455500
1.92109995	6.50775100
1.92119995	6.41455500
1.92129995	6.50775100
1.92139995	6.41455500
1.92149995	6.50775100
1.92159995	6.41455500
1.92169995	6.41455500
1.92179995	6.50775100
1.92189995	6.50775100
1.92199995	6.50775100
1.92209995	6.50775100
1.92219995	6.50775100
1.92229995	6.41455500
1.92239995	6.41455500
1.92249995	6.50775100
1.92259995	6.41455500
1.92269995	6.41455500
1.92279995	6.41455500
1.92289995	6.41455500
1.92299995	6.50775100
1.92309995	6.41455500
1.92319995	6.41455500
1.92329995	6.50775100
1.92339995	6.50775100
1.92349995	6.41455500
1.92359995	6.41455500
1.92369995	6.50775100
1.92379995	6.41455500
1.92389995	6.41455500
1.92399995	6.41455500
1.92409995	6.50775100
1.92419995	6.41455500
1.92429995	6.41455500
1.92439995	6.41455500
1.92449995	6.41455500
1.92459995	6.41455500
1.92469995	6.41455500
1.92479995	6.41455500
1.92489995	6.41455500
1.92499995	6.41455500
1.92509995	6.50775100
1.92519995	6.41455500
1.92529995	6.50775100
1.92539995	6.41455500
1.92549995	6.50775100
1.92559995	6.50775100
1.92569995	6.41455500
1.92579995	6.41455500
1.92589995	6.41455500
1.92599995	6.41455500
1.92609995	6.50775100
1.92619995	6.50775100
1.92629995	6.50775100
1.92639995	6.41455500
1.92649995	6.41455500
1.92659995	6.41455500
1.92669995	6.41455500
1.92679995	6.41455500
1.92689995	6.41455500
1.92699995	6.41455500
1.92709995	6.50775100
1.92719995	6.41455500
1.92729995	6.41455500
1.92739995	6.41455500
1.92749995	6.50775100
1.92759995	6.41455500
1.92769995	6.41455500
1.92779995	6.41455500
1.92789995	6.50775100
1.92799995	6.41455500
1.92809995	6.41455500
1.92819995	6.41455500
1.92829995	6.50775100
1.92839995	6.50775100
1.92849995	6.41455500
1.92859995	6.41455500
1.92869995	6.50775100
1.92879995	6.41455500
1.92889995	6.41455500
1.92899995	6.41455500
1.92909995	6.41455500
1.92919995	6.41455500
1.92929995	6.50775100
1.92939995	6.41455500
1.92949995	6.41455500
1.92959995	6.41455500
1.92969995	6.41455500
1.92979995	6.50775100
1.92989995	6.41455500
1.92999995	6.41455500
1.93009995	6.41455500
1.93019995	6.41455500
1.93029995	6.41455500
1.93039995	6.41455500
1.93049995	6.41455500
1.93059995	6.41455500
1.93069995	6.41455500
1.93079995	6.41455500
1.93089995	6.41455500
1.93099995	6.41455500
1.93109995	6.41455500
1.93119995	6.41455500
1.93129995	6.41455500
1.93139995	6.41455500
1.93149995	6.41455500
1.93159995	6.41455500
1.93169995	6.41455500
1.93179995	6.41455500
1.93189995	6.41455500
1.93199995	6.32166600
1.93209995	6.32166600
1.93219995	6.32166600
1.93229995	6.32166600
1.93239995	6.32166600
1.93249995	6.32166600
1.93259995	6.32166600
1.93269995	6.32166600
1.93279995	6.32166600
1.93289995	6.32166600
1.93299995	6.32166600
1.93309995	6.32166600
1.93319995	6.32166600
1.93329995	6.32166600
1.93339995	6.32166600
1.93349995	6.22877700
1.93359995	6.32166600
1.93369995	6.22877700
1.93379995	6.22877700
1.93389995	6.22877700
1.93399995	6.22877700
1.93409995	6.22877700
1.93419995	6.22877700
1.93429995	6.22877700
1.93439995	6.22877700
1.93449995	6.22877700
1.93459995	6.22877700
1.93469995	6.22877700
1.93479995	6.22877700
1.93489995	6.22877700
1.93499995	6.22877700
1.93509995	6.22877700
1.93519995	6.22877700
1.93529995	6.22877700
1.93539995	6.13588800
1.93549995	6.22877700
1.93559995	6.13588800
1.93569995	6.13588800
1.93579995	6.13588800
1.93589995	6.13588800
1.93599995	6.13588800
1.93609995	6.13588800
1.93619995	6.13588800
1.93629995	6.13588800
1.93639995	6.13588800
1.93649995	6.13588800
1.93659995	6.13588800
1.93669995	6.13588800
1.93679995	6.13588800
1.93689995	6.13588800
1.93699995	6.13588800
1.93709995	6.13588800
1.93719995	6.13588800
1.93729995	6.13588800
1.93739995	6.13588800
1.93749995	6.13588800
1.93759995	6.13588800
1.93769995	6.13588800
1.93779995	6.04269200
1.93789995	6.04269200
1.93799995	6.13588800
1.93809995	6.13588800
1.93819995	6.13588800
1.93829995	6.13588800
1.93839995	6.13588800
1.93849995	6.13588800
1.93859995	6.13588800
1.93869995	6.13588800
1.93879995	6.13588800
1.93889995	6.13588800
1.93899995	6.13588800
1.93909995	6.13588800
1.93919995	6.13588800
1.93929995	6.13588800
1.93939995	6.04269200
1.93949995	6.04269200
1.93959995	6.04269200
1.93969995	6.04269200
1.93979995	6.04269200
1.93989995	6.04269200
1.93999995	6.04269200
1.94009995	6.04269200
1.94019995	6.04269200
1.94029995	6.04269200
1.94039995	6.13588800
1.94049995	6.04269200
1.94059995	6.04269200
1.94069995	6.04269200
1.94079995	6.04269200
1.94089995	6.04269200
1.94099995	6.04269200
1.94109995	6.04269200
1.94119995	6.04269200
1.94129995	6.04269200
1.94139995	6.04269200
1.94149995	6.04269200
1.94159995	6.04269200
1.94169995	6.04269200
1.94179995	6.04269200
1.94189995	6.04269200
1.94199995	6.04269200
1.94209995	6.04269200
1.94219995	6.04269200
1.94229995	6.04269200
1.94239995	6.04269200
1.94249995	6.04269200
1.94259995	6.04269200
1.94269995	6.04269200
1.94279995	6.04269200
1.94289995	6.04269200
1.94299995	6.04269200
1.94309995	6.04269200
1.94319995	6.04269200
1.94329995	6.04269200
1.94339995	6.04269200
1.94349995	6.04269200
1.94359995	6.04269200
1.94369995	6.04269200
1.94379995	6.04269200
1.94389995	6.04269200
1.94399995	6.04269200
1.94409995	6.04269200
1.94419995	6.04269200
1.94429995	6.04269200
1.94439995	6.04269200
1.94449995	6.04269200
1.94459995	6.04269200
1.94469995	6.04269200
1.94479995	6.04269200
1.94489995	6.04269200
1.94499995	6.04269200
1.94509995	6.04269200
1.94519995	6.04269200
1.94529995	6.04269200
1.94539995	6.04269200
1.94549995	6.04269200
1.94559995	6.04269200
1.94569995	6.04269200
1.94579995	6.04269200
1.94589995	6.04269200
1.94599995	6.04269200
1.94609995	6.04269200
1.94619995	6.04269200
1.94629995	6.04269200
1.94639995	6.04269200
1.94649995	6.04269200
1.94659995	6.04269200
1.94669995	6.04269200
1.94679995	6.04269200
1.94689995	6.04269200
1.94699995	6.04269200
1.94709995	6.04269200
1.94719995	6.04269200
1.94729995	6.04269200
1.94739995	6.04269200
1.94749995	6.04269200
1.94759995	6.04269200
1.94769995	6.04269200
1.94779995	6.04269200
1.94789995	6.04269200
1.94799995	6.04269200
1.94809995	6.04269200
1.94819995	6.04269200
1.94829995	6.04269200
1.94839995	5.94980300
1.94849995	6.04269200
1.94859995	5.94980300
1.94869995	5.94980300
1.94879995	5.94980300
1.94889995	5.94980300
1.94899995	5.94980300
1.94909995	6.04269200
1.94919995	6.04269200
1.94929995	6.04269200
1.94939995	5.94980300
1.94949995	5.94980300
1.94959995	5.94980300
1.94969995	5.94980300
1.94979995	5.94980300
1.94989995	5.94980300
1.94999995	6.04269200
1.95009995	5.94980300
1.95019995	6.04269200
1.95029995	5.94980300
1.95039995	6.04269200
1.95049995	5.94980300
1.95059995	5.94980300
1.95069995	6.04269200
1.95079995	6.04269200
1.95089995	5.94980300
1.95099995	6.04269200
1.95109995	5.94980300
1.95119995	6.04269200
1.95129995	5.94980300
1.95139995	5.94980300
1.95149995	5.94980300
1.95159995	5.94980300
1.95169995	5.94980300
1.95179995	5.94980300
1.95189995	5.94980300
1.95199995	5.94980300
1.95209995	5.94980300
1.95219995	6.04269200
1.95229995	5.94980300
1.95239995	5.94980300
1.95249995	5.94980300
1.95259995	5.94980300
1.95269995	5.94980300
1.95279995	5.94980300
1.95289995	5.94980300
1.95299995	5.94980300
1.95309995	5.94980300
1.95319995	5.94980300
1.95329995	5.94980300
1.95339995	5.94980300
1.95349995	5.94980300
1.95359995	5.94980300
1.95369995	5.94980300
1.95379995	5.94980300
1.95389995	5.94980300
1.95399995	5.94980300
1.95409995	5.94980300
1.95419995	5.94980300
1.95429995	5.94980300
1.95439995	5.85691500
1.95449995	5.94980300
1.95459995	5.94980300
1.95469995	5.94980300
1.95479995	5.94980300
1.95489995	5.94980300
1.95499995	5.94980300
1.95509995	5.94980300
1.95519995	5.85691500
1.95529995	5.85691500
1.95539995	5.85691500
1.95549995	5.94980300
1.95559995	5.85691500
1.95569995	5.85691500
1.95579995	5.85691500
1.95589995	5.85691500
1.95599995	5.85691500
1.95609995	5.85691500
1.95619995	5.85691500
1.95629995	5.85691500
1.95639995	5.85691500
1.95649995	5.85691500
1.95659995	5.85691500
1.95669995	5.85691500
1.95679995	5.85691500
1.95689995	5.85691500
1.95699995	5.85691500
1.95709995	5.85691500
1.95719995	5.85691500
1.95729995	5.85691500
1.95739995	5.85691500
1.95749995	5.85691500
1.95759995	5.85691500
1.95769995	5.85691500
1.95779995	5.85691500
1.95789995	5.85691500
1.95799995	5.85691500
1.95809995	5.85691500
1.95819995	5.85691500
1.95829995	5.85691500
1.95839995	5.85691500
1.95849995	5.85691500
1.95859995	5.85691500
1.95869995	5.76371800
1.95879995	5.85691500
1.95889995	5.85691500
1.95899995	5.76371800
1.95909995	5.85691500
1.95919995	5.76371800
1.95929995	5.85691500
1.95939995	5.76371800
1.95949995	5.76371800
1.95959995	5.76371800
1.95969995	5.76371800
1.95979995	5.76371800
1.95989995	5.76371800
1.95999995	5.76371800
1.96009995	5.76371800
1.96019995	5.76371800
1.96029995	5.76371800
1.96039995	5.76371800
1.96049995	5.76371800
1.96059995	5.76371800
1.96069995	5.76371800
1.96079995	5.76371800
1.96089995	5.76371800
1.96099995	5.76371800
1.96109995	5.76371800
1.96119995	5.76371800
1.96129995	5.76371800
1.96139995	5.76371800
1.96149995	5.76371800
1.96159995	5.76371800
1.96169995	5.76371800
1.96179995	5.76371800
1.96189995	5.76371800
1.96199995	5.76371800
1.96209995	5.76371800
1.96219995	5.76371800
1.96229995	5.76371800
1.96239995	5.76371800
1.96249995	5.76371800
1.96259995	5.76371800
1.96269995	5.76371800
1.96279995	5.76371800
1.96289995	5.76371800
1.96299995	5.76371800
1.96309995	5.76371800
1.96319995	5.76371800
1.96329995	5.76371800
1.96339995	5.76371800
1.96349995	5.76371800
1.96359995	5.76371800
1.96369995	5.76371800
1.96379995	5.76371800
1.96389995	5.76371800
1.96399995	5.76371800
1.96409995	5.76371800
1.96419995	5.76371800
1.96429995	5.76371800
1.96439995	5.76371800
1.96449995	5.76371800
1.96459995	5.76371800
1.96469995	5.76371800
1.96479995	5.76371800
1.96489995	5.76371800
1.96499995	5.76371800
1.96509995	5.76371800
1.96519995	5.76371800
1.96529995	5.76371800
1.96539995	5.76371800
1.96549995	5.76371800
1.96559995	5.76371800
1.96569995	5.76371800
1.96579995	5.76371800
1.96589995	5.76371800
1.96599995	5.76371800
1.96609995	5.76371800
1.96619995	5.76371800
1.96629995	5.76371800
1.96639995	5.76371800
1.96649995	5.76371800
1.96659995	5.76371800
1.96669995	5.76371800
1.96679995	5.76371800
1.96689995	5.76371800
1.96699995	5.76371800
1.96709995	5.76371800
1.96719995	5.76371800
1.96729995	5.76371800
1.96739995	5.76371800
1.96749995	5.76371800
1.96759995	5.76371800
1.96769995	5.76371800
1.96779995	5.76371800
1.96789995	5.76371800
1.96799995	5.76371800
1.96809995	5.67082900
1.96819995	5.76371800
1.96829995	5.76371800
1.96839995	5.76371800
1.96849995	5.76371800
1.96859995	5.76371800
1.96869995	5.76371800
1.96879995	5.76371800
1.96889995	5.76371800
1.96899995	5.76371800
1.96909995	5.76371800
1.96919995	5.76371800
1.96929995	5.76371800
1.96939995	5.76371800
1.96949995	5.67082900
1.96959995	5.76371800
1.96969995	5.76371800
1.96979995	5.76371800
1.96989995	5.76371800
1.96999995	5.76371800
1.97009995	5.76371800
1.97019995	5.67082900
1.97029995	5.76371800
1.97039995	5.76371800
1.97049995	5.76371800
1.97059995	5.76371800
1.97069995	5.76371800
1.97079995	5.76371800
1.97089995	5.76371800
1.97099995	5.76371800
1.97109995	5.76371800
1.97119995	5.76371800
1.97129995	5.76371800
1.97139995	5.76371800
1.97149995	5.76371800
1.97159995	5.76371800
1.97169995	5.76371800
1.97179995	5.76371800
1.97189995	5.76371800
1.97199995	5.76371800
1.97209995	5.76371800
1.97219995	5.76371800
1.97229995	5.76371800
1.97239995	5.76371800
1.97249995	5.67082900
1.97259995	5.76371800
1.97269995	5.76371800
1.97279995	5.76371800
1.97289995	5.67082900
1.97299995	5.76371800
1.97309995	5.76371800
1.97319995	5.67082900
1.97329995	5.76371800
1.97339995	5.67082900
1.97349995	5.76371800
1.97359995	5.76371800
1.97369995	5.76371800
1.97379995	5.67082900
1.97389995	5.76371800
1.97399995	5.67082900
1.97409995	5.76371800
1.97419995	5.76371800
1.97429995	5.76371800
1.97439995	5.76371800
1.97449995	5.67082900
1.97459995	5.67082900
1.97469995	5.67082900
1.97479995	5.76371800
1.97489995	5.67082900
1.97499995	5.76371800
1.97509995	5.76371800
1.97519995	5.67082900
1.97529995	5.67082900
1.97539995	5.76371800
1.97549995	5.76371800
1.97559995	5.67082900
1.97569995	5.67082900
1.97579995	5.76371800
1.97589995	5.67082900
1.97599995	5.67082900
1.97609995	5.67082900
1.97619995	5.76371800
1.97629995	5.76371800
1.97639995	5.67082900
1.97649995	5.67082900
1.97659995	5.67082900
1.97669995	5.67082900
1.97679995	5.67082900
1.97689995	5.67082900
1.97699995	5.67082900
1.97709995	5.67082900
1.97719995	5.67082900
1.97729995	5.67082900
1.97739995	5.67082900
1.97749995	5.67082900
1.97759995	5.67082900
1.97769995	5.67082900
1.97779995	5.67082900
1.97789995	5.67082900
1.97799995	5.67082900
1.97809995	5.67082900
1.97819995	5.67082900
1.97829995	5.67082900
1.97839995	5.67082900
1.97849995	5.67082900
1.97859995	5.67082900
1.97869995	5.67082900
1.97879995	5.67082900
1.97889995	5.67082900
1.97899995	5.67082900
1.97909995	5.67082900
1.97919995	5.67082900
1.97929995	5.67082900
1.97939995	5.67082900
1.97949995	5.67082900
1.97959995	5.67082900
1.97969995	5.67082900
1.97979995	5.67082900
1.97989995	5.67082900
1.97999995	5.67082900
1.98009995	5.67082900
1.98019995	5.67082900
1.98029995	5.67082900
1.98039995	5.67082900
1.98049995	5.67082900
1.98059995	5.67082900
1.98069995	5.67082900
1.98079995	5.67082900
1.98089995	5.67082900
1.98099995	5.67082900
1.98109995	5.67082900
1.98119995	5.67082900
1.98129995	5.67082900
1.98139995	5.67082900
1.98149995	5.67082900
1.98159995	5.67082900
1.98169995	5.57794000
1.98179995	5.67082900
1.98189995	5.67082900
1.98199995	5.67082900
1.98209995	5.57794000
1.98219995	5.67082900
1.98229995	5.67082900
1.98239995	5.67082900
1.98249995	5.67082900
1.98259995	5.67082900
1.98269995	5.67082900
1.98279995	5.67082900
1.98289995	5.67082900
1.98299995	5.67082900
1.98309995	5.67082900
1.98319995	5.67082900
1.98329995	5.67082900
1.98339995	5.67082900
1.98349995	5.67082900
1.98359995	5.67082900
1.98369995	5.67082900
1.98379995	5.67082900
1.98389995	5.67082900
1.98399995	5.67082900
1.98409995	5.67082900
1.98419995	5.67082900
1.98429995	5.67082900
1.98439995	5.67082900
1.98449995	5.67082900
1.98459995	5.67082900
1.98469995	5.67082900
1.98479995	5.67082900
1.98489995	5.67082900
1.98499995	5.67082900
1.98509995	5.67082900
1.98519995	5.67082900
1.98529995	5.67082900
1.98539995	5.57794000
1.98549995	5.67082900
1.98559995	5.67082900
1.98569995	5.67082900
1.98579995	5.67082900
1.98589995	5.67082900
1.98599995	5.67082900
1.98609995	5.67082900
1.98619995	5.57794000
1.98629995	5.67082900
1.98639995	5.67082900
1.98649995	5.67082900
1.98659995	5.67082900
1.98669995	5.67082900
1.98679995	5.67082900
1.98689995	5.67082900
1.98699995	5.57794000
1.98709995	5.67082900
1.98719995	5.67082900
1.98729995	5.67082900
1.98739995	5.67082900
1.98749995	5.67082900
1.98759995	5.67082900
1.98769995	5.57794000
1.98779995	5.67082900
1.98789995	5.67082900
1.98799995	5.67082900
1.98809995	5.67082900
1.98819995	5.67082900
1.98829995	5.67082900
1.98839995	5.67082900
1.98849995	5.67082900
1.98859995	5.67082900
1.98869995	5.67082900
1.98879995	5.67082900
1.98889995	5.67082900
1.98899995	5.67082900
1.98909995	5.67082900
1.98919995	5.67082900
1.98929995	5.67082900
1.98939995	5.67082900
1.98949995	5.67082900
1.98959995	5.57794000
1.98969995	5.57794000
1.98979995	5.67082900
1.98989995	5.67082900
1.98999995	5.67082900
1.99009995	5.57794000
1.99019995	5.67082900
1.99029995	5.67082900
1.99039995	5.67082900
1.99049995	5.67082900
1.99059995	5.67082900
1.99069995	5.67082900
1.99079995	5.57794000
1.99089995	5.67082900
1.99099995	5.67082900
1.99109995	5.67082900
1.99119995	5.67082900
1.99129995	5.67082900
1.99139995	5.67082900
1.99149995	5.67082900
1.99159995	5.67082900
1.99169995	5.67082900
1.99179995	5.67082900
1.99189995	5.57794000
1.99199995	5.67082900
1.99209995	5.67082900
1.99219995	5.67082900
1.99229995	5.67082900
1.99239995	5.57794000
1.99249995	5.67082900
1.99259995	5.67082900
1.99269995	5.67082900
1.99279995	5.67082900
1.99289995	5.67082900
1.99299995	5.57794000
1.99309995	5.67082900
1.99319995	5.67082900
1.99329995	5.67082900
1.99339995	5.67082900
1.99349995	5.67082900
1.99359995	5.67082900
1.99369995	5.67082900
1.99379995	5.57794000
1.99389995	5.67082900
1.99399995	5.67082900
1.99409995	5.67082900
1.99419995	5.67082900
1.99429995	5.67082900
1.99439995	5.67082900
1.99449995	5.67082900
1.99459995	5.67082900
1.99469995	5.67082900
1.99479995	5.67082900
1.99489995	5.67082900
1.99499995	5.67082900
1.99509995	5.67082900
1.99519995	5.67082900
1.99529995	5.67082900
1.99539995	5.67082900
1.99549995	5.67082900
1.99559995	5.67082900
1.99569995	5.67082900
1.99579995	5.67082900
1.99589995	5.67082900
1.99599995	5.67082900
1.99609995	5.67082900
1.99619995	5.67082900
1.99629995	5.67082900
1.99639995	5.67082900
1.99649995	5.67082900
1.99659995	5.67082900
1.99669995	5.67082900
1.99679995	5.67082900
1.99689995	5.67082900
1.99699995	5.67082900
1.99709995	5.67082900
1.99719995	5.67082900
1.99729995	5.67082900
1.99739995	5.67082900
1.99749995	5.67082900
1.99759995	5.67082900
1.99769995	5.67082900
1.99779995	5.67082900
1.99789995	5.67082900
1.99799995	5.67082900
1.99809995	5.67082900
1.99819995	5.67082900
1.99829995	5.67082900
1.99839995	5.67082900
1.99849995	5.67082900
1.99859995	5.67082900
1.99869995	5.67082900
1.99879995	5.67082900
1.99889995	5.67082900
1.99899995	5.67082900
1.99909995	5.67082900
1.99919995	5.67082900
1.99929995	5.67082900
1.99939995	5.67082900
1.99949995	5.67082900
1.99959995	5.67082900
1.99969995	5.67082900
1.99979995	5.67082900
1.99989995	5.67082900
1.99999995	5.67082900
2.00009995	5.67082900
2.00019995	5.67082900
2.00029995	5.67082900
2.00039995	5.67082900
2.00049995	5.57794000
2.00059995	5.67082900
2.00069995	5.67082900
2.00079995	5.67082900
2.00089995	5.67082900
2.00099995	5.67082900
2.00109995	5.67082900
2.00119995	5.67082900
2.00129995	5.67082900
2.00139995	5.67082900
2.00149995	5.67082900
2.00159995	5.67082900
2.00169995	5.67082900
2.00179995	5.67082900
2.00189995	5.67082900
2.00199995	5.67082900
2.00209995	5.67082900
2.00219995	5.67082900
2.00229995	5.67082900
2.00239995	5.67082900
2.00249995	5.67082900
2.00259995	5.67082900
2.00269995	5.67082900
2.00279995	5.67082900
2.00289995	5.67082900
2.00299995	5.67082900
2.00309995	5.67082900
2.00319995	5.67082900
2.00329995	5.67082900
2.00339995	5.67082900
2.00349995	5.67082900
2.00359995	5.67082900
2.00369995	5.67082900
2.00379995	5.67082900
2.00389995	5.67082900
2.00399995	5.67082900
2.00409995	5.67082900
2.00419995	5.67082900
2.00429995	5.67082900
2.00439995	5.67082900
2.00449995	5.67082900
2.00459995	5.67082900
2.00469995	5.67082900
2.00479995	5.67082900
2.00489995	5.67082900
2.00499995	5.67082900
2.00509995	5.67082900
2.00519995	5.67082900
2.00529995	5.67082900
2.00539995	5.67082900
2.00549995	5.67082900
2.00559995	5.67082900
2.00569995	5.67082900
2.00579995	5.67082900
2.00589995	5.67082900
2.00599995	5.67082900
2.00609995	5.67082900
2.00619995	5.67082900
2.00629995	5.67082900
2.00639995	5.67082900
2.00649995	5.67082900
2.00659995	5.67082900
2.00669995	5.67082900
2.00679995	5.67082900
2.00689995	5.67082900
2.00699995	5.67082900
2.00709995	5.67082900
2.00719995	5.67082900
2.00729995	5.67082900
2.00739995	5.67082900
2.00749995	5.67082900
2.00759995	5.67082900
2.00769995	5.67082900
2.00779995	5.67082900
2.00789995	5.67082900
2.00799995	5.67082900
2.00809995	5.67082900
2.00819995	5.67082900
2.00829995	5.67082900
2.00839995	5.67082900
2.00849995	5.67082900
2.00859995	5.67082900
2.00869995	5.67082900
2.00879995	5.67082900
2.00889995	5.67082900
2.00899995	5.67082900
2.00909995	5.67082900
2.00919995	5.67082900
2.00929995	5.67082900
2.00939995	5.67082900
2.00949995	5.67082900
2.00959995	5.76371800
2.00969995	5.67082900
2.00979995	5.76371800
2.00989995	5.67082900
2.00999995	5.76371800
2.01009995	5.67082900
2.01019995	5.76371800
2.01029995	5.76371800
2.01039995	5.76371800
2.01049995	5.67082900
2.01059995	5.67082900
2.01069995	5.76371800
2.01079995	5.76371800
2.01089995	5.76371800
2.01099995	5.76371800
2.01109995	5.76371800
2.01119995	5.67082900
2.01129995	5.67082900
2.01139995	5.67082900
2.01149995	5.67082900
2.01159995	5.76371800
2.01169995	5.76371800
2.01179995	5.67082900
2.01189995	5.76371800
2.01199995	5.76371800
2.01209995	5.76371800
2.01219995	5.76371800
2.01229995	5.76371800
2.01239995	5.76371800
2.01249995	5.67082900
2.01259995	5.76371800
2.01269995	5.76371800
2.01279995	5.76371800
2.01289995	5.76371800
2.01299995	5.76371800
2.01309995	5.76371800
2.01319995	5.76371800
2.01329995	5.76371800
2.01339995	5.76371800
2.01349995	5.76371800
2.01359995	5.76371800
2.01369995	5.76371800
2.01379995	5.76371800
2.01389995	5.76371800
2.01399995	5.76371800
2.01409995	5.76371800
2.01419995	5.76371800
2.01429995	5.76371800
2.01439995	5.76371800
2.01449995	5.76371800
2.01459995	5.76371800
2.01469995	5.76371800
2.01479995	5.76371800
2.01489995	5.76371800
2.01499995	5.76371800
2.01509995	5.76371800
2.01519995	5.76371800
2.01529995	5.76371800
2.01539995	5.76371800
2.01549995	5.76371800
2.01559995	5.76371800
2.01569995	5.85691500
2.01579995	5.76371800
2.01589995	5.76371800
2.01599995	5.76371800
2.01609995	5.76371800
2.01619995	5.76371800
2.01629995	5.76371800
2.01639995	5.76371800
2.01649995	5.76371800
2.01659995	5.85691500
2.01669995	5.85691500
2.01679995	5.85691500
2.01689995	5.85691500
2.01699995	5.85691500
2.01709995	5.85691500
2.01719995	5.85691500
2.01729995	5.85691500
2.01739995	5.85691500
2.01749995	5.85691500
2.01759995	5.85691500
2.01769995	5.85691500
2.01779995	5.85691500
2.01789995	5.85691500
2.01799995	5.85691500
2.01809995	5.85691500
2.01819995	5.85691500
2.01829995	5.85691500
2.01839995	5.85691500
2.01849995	5.76371800
2.01859995	5.85691500
2.01869995	5.76371800
2.01879995	5.85691500
2.01889995	5.76371800
2.01899995	5.85691500
2.01909995	5.76371800
2.01919995	5.85691500
2.01929995	5.85691500
2.01939995	5.85691500
2.01949995	5.85691500
2.01959995	5.85691500
2.01969995	5.85691500
2.01979995	5.85691500
2.01989995	5.85691500
2.01999995	5.85691500
2.02009995	5.85691500
2.02019995	5.85691500
2.02029995	5.85691500
2.02039995	5.85691500
2.02049995	5.85691500
2.02059995	5.76371800
2.02069995	5.85691500
2.02079995	5.76371800
2.02089995	5.85691500
2.02099995	5.85691500
2.02109995	5.76371800
2.02119995	5.85691500
2.02129995	5.85691500
2.02139995	5.85691500
2.02149995	5.85691500
2.02159995	5.85691500
2.02169995	5.85691500
2.02179995	5.85691500
2.02189995	5.85691500
2.02199995	5.85691500
2.02209995	5.85691500
2.02219995	5.85691500
2.02229995	5.85691500
2.02239995	5.85691500
2.02249995	5.85691500
2.02259995	5.85691500
2.02269995	5.85691500
2.02279995	5.85691500
2.02289995	5.85691500
2.02299995	5.85691500
2.02309995	5.85691500
2.02319995	5.85691500
2.02329995	5.85691500
2.02339995	5.85691500
2.02349995	5.85691500
2.02359995	5.85691500
2.02369995	5.85691500
2.02379995	5.85691500
2.02389995	5.85691500
2.02399995	5.85691500
2.02409995	5.85691500
2.02419995	5.85691500
2.02429995	5.85691500
2.02439995	5.85691500
2.02449995	5.85691500
2.02459995	5.85691500
2.02469995	5.85691500
2.02479995	5.85691500
2.02489995	5.85691500
2.02499995	5.85691500
2.02509995	5.85691500
2.02519995	5.85691500
2.02529995	5.85691500
2.02539995	5.85691500
2.02549995	5.85691500
2.02559995	5.85691500
2.02569995	5.85691500
2.02579995	5.85691500
2.02589995	5.85691500
2.02599995	5.85691500
2.02609995	5.85691500
2.02619995	5.85691500
2.02629995	5.85691500
2.02639995	5.85691500
2.02649995	5.85691500
2.02659995	5.85691500
2.02669995	5.85691500
2.02679995	5.85691500
2.02689995	5.85691500
2.02699995	5.85691500
2.02709995	5.85691500
2.02719995	5.85691500
2.02729995	5.85691500
2.02739995	5.85691500
2.02749995	5.85691500
2.02759995	5.85691500
2.02769995	5.85691500
2.02779995	5.85691500
2.02789995	5.85691500
2.02799995	5.85691500
2.02809995	5.85691500
2.02819995	5.85691500
2.02829995	5.85691500
2.02839995	5.85691500
2.02849995	5.85691500
2.02859995	5.85691500
2.02869995	5.85691500
2.02879995	5.85691500
2.02889995	5.85691500
2.02899995	5.85691500
2.02909995	5.85691500
2.02919995	5.85691500
2.02929995	5.85691500
2.02939995	5.85691500
2.02949995	5.85691500
2.02959995	5.85691500
2.02969995	5.85691500
2.02979995	5.85691500
2.02989995	5.85691500
2.02999995	5.85691500
2.03009995	5.85691500
2.03019995	5.85691500
2.03029995	5.85691500
2.03039995	5.85691500
2.03049995	5.85691500
2.03059995	5.85691500
2.03069995	5.85691500
2.03079995	5.85691500
2.03089995	5.85691500
2.03099995	5.85691500
2.03109995	5.85691500
2.03119995	5.85691500
2.03129995	5.85691500
2.03139995	5.85691500
2.03149995	5.85691500
2.03159995	5.85691500
2.03169995	5.85691500
2.03179995	5.85691500
2.03189995	5.85691500
2.03199995	5.85691500
2.03209995	5.85691500
2.03219995	5.85691500
2.03229995	5.85691500
2.03239995	5.85691500
2.03249995	5.94980300
2.03259995	5.85691500
2.03269995	5.85691500
2.03279995	5.85691500
2.03289995	5.85691500
2.03299995	5.85691500
2.03309995	5.94980300
2.03319995	5.85691500
2.03329995	5.94980300
2.03339995	5.94980300
2.03349995	5.94980300
2.03359995	5.94980300
2.03369995	5.94980300
2.03379995	5.94980300
2.03389995	5.94980300
2.03399995	5.94980300
2.03409995	5.94980300
2.03419995	5.94980300
2.03429995	5.94980300
2.03439995	5.94980300
2.03449995	5.94980300
2.03459995	5.94980300
2.03469995	5.94980300
2.03479995	5.94980300
2.03489995	5.94980300
2.03499995	5.94980300
2.03509995	5.94980300
2.03519995	5.94980300
2.03529995	5.94980300
2.03539995	5.94980300
2.03549995	6.04269200
2.03559995	5.94980300
2.03569995	5.94980300
2.03579995	5.94980300
2.03589995	6.04269200
2.03599995	5.94980300
2.03609995	6.04269200
2.03619995	6.04269200
2.03629995	6.04269200
2.03639995	6.04269200
2.03649995	6.04269200
2.03659995	6.04269200
2.03669995	6.04269200
2.03679995	6.04269200
2.03689995	6.04269200
2.03699995	6.04269200
2.03709995	6.04269200
2.03719995	6.04269200
2.03729995	6.04269200
2.03739995	6.04269200
2.03749995	6.04269200
2.03759995	6.04269200
2.03769995	6.04269200
2.03779995	6.13588800
2.03789995	6.13588800
2.03799995	6.13588800
2.03809995	6.13588800
2.03819995	6.13588800
2.03829995	6.13588800
2.03839995	6.13588800
2.03849995	6.13588800
2.03859995	6.04269200
2.03869995	6.13588800
2.03879995	6.04269200
2.03889995	6.04269200
2.03899995	6.13588800
2.03909995	6.13588800
2.03919995	6.13588800
2.03929995	6.13588800
2.03939995	6.13588800
2.03949995	6.13588800
2.03959995	6.13588800
2.03969995	6.13588800
2.03979995	6.13588800
2.03989995	6.13588800
2.03999995	6.13588800
2.04009995	6.13588800
2.04019995	6.13588800
2.04029995	6.13588800
2.04039995	6.13588800
2.04049995	6.13588800
2.04059995	6.13588800
2.04069995	6.13588800
2.04079995	6.13588800
2.04089995	6.13588800
2.04099995	6.13588800
2.04109995	6.13588800
2.04119995	6.13588800
2.04129995	6.13588800
2.04139995	6.13588800
2.04149995	6.13588800
2.04159995	6.13588800
2.04169995	6.13588800
2.04179995	6.13588800
2.04189995	6.13588800
2.04199995	6.13588800
2.04209995	6.13588800
2.04219995	6.13588800
2.04229995	6.13588800
2.04239995	6.13588800
2.04249995	6.13588800
2.04259995	6.13588800
2.04269995	6.13588800
2.04279995	6.13588800
2.04289995	6.13588800
2.04299995	6.13588800
2.04309995	6.13588800
2.04319995	6.13588800
2.04329995	6.13588800
2.04339995	6.13588800
2.04349995	6.13588800
2.04359995	6.13588800
2.04369995	6.13588800
2.04379995	6.13588800
2.04389995	6.13588800
2.04399995	6.13588800
2.04409995	6.13588800
2.04419995	6.22877700
2.04429995	6.13588800
2.04439995	6.13588800
2.04449995	6.13588800
2.04459995	6.13588800
2.04469995	6.13588800
2.04479995	6.13588800
2.04489995	6.13588800
2.04499995	6.13588800
2.04509995	6.13588800
2.04519995	6.13588800
2.04529995	6.13588800
2.04539995	6.13588800
2.04549995	6.13588800
2.04559995	6.13588800
2.04569995	6.13588800
2.04579995	6.13588800
2.04589995	6.13588800
2.04599995	6.13588800
2.04609995	6.13588800
2.04619995	6.13588800
2.04629995	6.13588800
2.04639995	6.13588800
2.04649995	6.13588800
2.04659995	6.13588800
2.04669995	6.13588800
2.04679995	6.13588800
2.04689995	6.13588800
2.04699995	6.13588800
2.04709995	6.13588800
2.04719995	6.13588800
2.04729995	6.13588800
2.04739995	6.13588800
2.04749995	6.13588800
2.04759995	6.13588800
2.04769995	6.13588800
2.04779995	6.13588800
2.04789995	6.13588800
2.04799995	6.13588800
2.04809995	6.13588800
2.04819995	6.13588800
2.04829995	6.13588800
2.04839995	6.13588800
2.04849995	6.13588800
2.04859995	6.13588800
2.04869995	6.13588800
2.04879995	6.13588800
2.04889995	6.13588800
2.04899995	6.13588800
2.04909995	6.13588800
2.04919995	6.13588800
2.04929995	6.13588800
2.04939995	6.22877700
2.04949995	6.13588800
2.04959995	6.22877700
2.04969995	6.13588800
2.04979995	6.13588800
2.04989995	6.13588800
2.04999995	6.13588800
2.05009995	6.13588800
2.05019995	6.13588800
2.05029995	6.13588800
2.05039995	6.13588800
2.05049995	6.13588800
2.05059995	6.13588800
2.05069995	6.13588800
2.05079995	6.13588800
2.05089995	6.22877700
2.05099995	6.22877700
2.05109995	6.22877700
2.05119995	6.22877700
2.05129995	6.13588800
2.05139995	6.22877700
2.05149995	6.22877700
2.05159995	6.22877700
2.05169995	6.22877700
2.05179995	6.13588800
2.05189995	6.13588800
2.05199995	6.22877700
2.05209995	6.22877700
2.05219995	6.13588800
2.05229995	6.13588800
2.05239995	6.13588800
2.05249995	6.13588800
2.05259995	6.13588800
2.05269995	6.22877700
2.05279995	6.13588800
2.05289995	6.13588800
2.05299995	6.13588800
2.05309995	6.22877700
2.05319995	6.22877700
2.05329995	6.22877700
2.05339995	6.22877700
2.05349995	6.22877700
2.05359995	6.22877700
2.05369995	6.22877700
2.05379995	6.22877700
2.05389995	6.22877700
2.05399995	6.22877700
2.05409995	6.22877700
2.05419995	6.22877700
2.05429995	6.22877700
2.05439995	6.22877700
2.05449995	6.22877700
2.05459995	6.22877700
2.05469995	6.22877700
2.05479995	6.22877700
2.05489995	6.22877700
2.05499995	6.22877700
2.05509995	6.22877700
2.05519995	6.22877700
2.05529995	6.22877700
2.05539995	6.22877700
2.05549995	6.22877700
2.05559995	6.32166600
2.05569995	6.32166600
2.05579995	6.32166600
2.05589995	6.32166600
2.05599995	6.32166600
2.05609995	6.32166600
2.05619995	6.32166600
2.05629995	6.32166600
2.05639995	6.32166600
2.05649995	6.32166600
2.05659995	6.32166600
2.05669995	6.32166600
2.05679995	6.32166600
2.05689995	6.32166600
2.05699995	6.32166600
2.05709995	6.32166600
2.05719995	6.32166600
2.05729995	6.32166600
2.05739995	6.32166600
2.05749995	6.32166600
2.05759995	6.41455500
2.05769995	6.41455500
2.05779995	6.41455500
2.05789995	6.41455500
2.05799995	6.41455500
2.05809995	6.41455500
2.05819995	6.41455500
2.05829995	6.41455500
2.05839995	6.41455500
2.05849995	6.41455500
2.05859995	6.41455500
2.05869995	6.41455500
2.05879995	6.41455500
2.05889995	6.41455500
2.05899995	6.41455500
2.05909995	6.41455500
2.05919995	6.41455500
2.05929995	6.41455500
2.05939995	6.41455500
2.05949995	6.41455500
2.05959995	6.41455500
2.05969995	6.41455500
2.05979995	6.41455500
2.05989995	6.41455500
2.05999995	6.41455500
2.06009995	6.41455500
2.06019995	6.50775100
2.06029995	6.50775100
2.06039995	6.50775100
2.06049995	6.50775100
2.06059995	6.50775100
2.06069995	6.50775100
2.06079995	6.50775100
2.06089995	6.50775100
2.06099995	6.50775100
2.06109995	6.50775100
2.06119995	6.50775100
2.06129995	6.50775100
2.06139995	6.50775100
2.06149995	6.50775100
2.06159995	6.50775100
2.06169995	6.50775100
2.06179995	6.50775100
2.06189995	6.50775100
2.06199995	6.50775100
2.06209995	6.50775100
2.06219995	6.50775100
2.06229995	6.50775100
2.06239995	6.60064000
2.06249995	6.50775100
2.06259995	6.50775100
2.06269995	6.50775100
2.06279995	6.50775100
2.06289995	6.50775100
2.06299995	6.50775100
2.06309995	6.50775100
2.06319995	6.60064000
2.06329995	6.50775100
2.06339995	6.50775100
2.06349995	6.60064000
2.06359995	6.50775100
2.06369995	6.50775100
2.06379995	6.50775100
2.06389995	6.50775100
2.06399995	6.50775100
2.06409995	6.50775100
2.06419995	6.50775100
2.06429995	6.50775100
2.06439995	6.60064000
2.06449995	6.50775100
2.06459995	6.60064000
2.06469995	6.60064000
2.06479995	6.60064000
2.06489995	6.60064000
2.06499995	6.60064000
2.06509995	6.60064000
2.06519995	6.60064000
2.06529995	6.60064000
2.06539995	6.60064000
2.06549995	6.60064000
2.06559995	6.60064000
2.06569995	6.60064000
2.06579995	6.60064000
2.06589995	6.60064000
2.06599995	6.60064000
2.06609995	6.60064000
2.06619995	6.60064000
2.06629995	6.60064000
2.06639995	6.60064000
2.06649995	6.60064000
2.06659995	6.60064000
2.06669995	6.60064000
2.06679995	6.60064000
2.06689995	6.60064000
2.06699995	6.60064000
2.06709995	6.60064000
2.06719995	6.60064000
2.06729995	6.60064000
2.06739995	6.60064000
2.06749995	6.60064000
2.06759995	6.60064000
2.06769995	6.60064000
2.06779995	6.60064000
2.06789995	6.60064000
2.06799995	6.60064000
2.06809995	6.60064000
2.06819995	6.60064000
2.06829995	6.60064000
2.06839995	6.60064000
2.06849995	6.60064000
2.06859995	6.60064000
2.06869995	6.60064000
2.06879995	6.60064000
2.06889995	6.60064000
2.06899995	6.60064000
2.06909995	6.60064000
2.06919995	6.60064000
2.06929995	6.60064000
2.06939995	6.60064000
2.06949995	6.60064000
2.06959995	6.60064000
2.06969995	6.60064000
2.06979995	6.60064000
2.06989995	6.60064000
2.06999995	6.60064000
2.07009995	6.60064000
2.07019995	6.60064000
2.07029995	6.60064000
2.07039995	6.60064000
2.07049995	6.60064000
2.07059995	6.50775100
2.07069995	6.60064000
2.07079995	6.50775100
2.07089995	6.50775100
2.07099995	6.50775100
2.07109995	6.50775100
2.07119995	6.50775100
2.07129995	6.50775100
2.07139995	6.50775100
2.07149995	6.50775100
2.07159995	6.60064000
2.07169995	6.60064000
2.07179995	6.60064000
2.07189995	6.50775100
2.07199995	6.60064000
2.07209995	6.50775100
2.07219995	6.60064000
2.07229995	6.50775100
2.07239995	6.50775100
2.07249995	6.50775100
2.07259995	6.50775100
2.07269995	6.50775100
2.07279995	6.50775100
2.07289995	6.50775100
2.07299995	6.50775100
2.07309995	6.50775100
2.07319995	6.50775100
2.07329995	6.50775100
2.07339995	6.50775100
2.07349995	6.50775100
2.07359995	6.50775100
2.07369995	6.50775100
2.07379995	6.50775100
2.07389995	6.50775100
2.07399995	6.50775100
2.07409995	6.60064000
2.07419995	6.60064000
2.07429995	6.60064000
2.07439995	6.60064000
2.07449995	6.60064000
2.07459995	6.60064000
2.07469995	6.60064000
2.07479995	6.60064000
2.07489995	6.60064000
2.07499995	6.60064000
2.07509995	6.60064000
2.07519995	6.60064000
2.07529995	6.60064000
2.07539995	6.60064000
2.07549995	6.60064000
2.07559995	6.60064000
2.07569995	6.60064000
2.07579995	6.60064000
2.07589995	6.60064000
2.07599995	6.60064000
2.07609995	6.60064000
2.07619995	6.69352900
2.07629995	6.69352900
2.07639995	6.60064000
2.07649995	6.60064000
2.07659995	6.69352900
2.07669995	6.69352900
2.07679995	6.69352900
2.07689995	6.69352900
2.07699995	6.69352900
2.07709995	6.69352900
2.07719995	6.69352900
2.07729995	6.69352900
2.07739995	6.69352900
2.07749995	6.69352900
2.07759995	6.69352900
2.07769995	6.69352900
2.07779995	6.69352900
2.07789995	6.69352900
2.07799995	6.69352900
2.07809995	6.69352900
2.07819995	6.69352900
2.07829995	6.69352900
2.07839995	6.69352900
2.07849995	6.69352900
2.07859995	6.78641700
2.07869995	6.78641700
2.07879995	6.78641700
2.07889995	6.78641700
2.07899995	6.78641700
2.07909995	6.78641700
2.07919995	6.78641700
2.07929995	6.87961400
2.07939995	6.78641700
2.07949995	6.78641700
2.07959995	6.78641700
2.07969995	6.78641700
2.07979995	6.78641700
2.07989995	6.78641700
2.07999995	6.87961400
2.08009995	6.78641700
2.08019995	6.78641700
2.08029995	6.78641700
2.08039995	6.78641700
2.08049995	6.87961400
2.08059995	6.78641700
2.08069995	6.87961400
2.08079995	6.87961400
2.08089995	6.87961400
2.08099995	6.87961400
2.08109995	6.87961400
2.08119995	6.87961400
2.08129995	6.87961400
2.08139995	6.87961400
2.08149995	6.87961400
2.08159995	6.87961400
2.08169995	6.87961400
2.08179995	6.87961400
2.08189995	6.87961400
2.08199995	6.87961400
2.08209995	6.87961400
2.08219995	6.87961400
2.08229995	6.87961400
2.08239995	6.87961400
2.08249995	6.87961400
2.08259995	6.87961400
2.08269995	6.87961400
2.08279995	6.87961400
2.08289995	6.87961400
2.08299995	6.87961400
2.08309995	6.97250200
2.08319995	6.87961400
2.08329995	6.97250200
2.08339995	6.97250200
2.08349995	6.87961400
2.08359995	6.87961400
2.08369995	6.97250200
2.08379995	6.97250200
2.08389995	6.97250200
2.08399995	6.97250200
2.08409995	6.97250200
2.08419995	6.97250200
2.08429995	6.97250200
2.08439995	6.97250200
2.08449995	6.97250200
2.08459995	6.97250200
2.08469995	6.97250200
2.08479995	6.97250200
2.08489995	6.97250200
2.08499995	6.97250200
2.08509995	6.97250200
2.08519995	6.97250200
2.08529995	6.97250200
2.08539995	6.97250200
2.08549995	6.97250200
2.08559995	6.97250200
2.08569995	6.97250200
2.08579995	6.97250200
2.08589995	6.97250200
2.08599995	7.06539100
2.08609995	7.06539100
2.08619995	7.06539100
2.08629995	7.06539100
2.08639995	7.06539100
2.08649995	6.97250200
2.08659995	6.97250200
2.08669995	7.06539100
2.08679995	6.97250200
2.08689995	7.06539100
2.08699995	7.06539100
2.08709995	6.97250200
2.08719995	6.97250200
2.08729995	7.06539100
2.08739995	7.06539100
2.08749995	7.06539100
2.08759995	7.06539100
2.08769995	7.06539100
2.08779995	7.06539100
2.08789995	7.06539100
2.08799995	7.06539100
2.08809995	7.06539100
2.08819995	7.06539100
2.08829995	7.06539100
2.08839995	7.06539100
2.08849995	7.06539100
2.08859995	7.06539100
2.08869995	7.06539100
2.08879995	7.06539100
2.08889995	7.06539100
2.08899995	6.97250200
2.08909995	7.06539100
2.08919995	7.06539100
2.08929995	6.97250200
2.08939995	7.06539100
2.08949995	6.97250200
2.08959995	6.97250200
2.08969995	6.97250200
2.08979995	6.97250200
2.08989995	7.06539100
2.08999995	6.97250200
2.09009995	7.06539100
2.09019995	6.97250200
2.09029995	6.97250200
2.09039995	7.06539100
2.09049995	6.97250200
2.09059995	7.06539100
2.09069995	6.97250200
2.09079995	6.97250200
2.09089995	7.06539100
2.09099995	6.97250200
2.09109995	6.97250200
2.09119995	6.97250200
2.09129995	6.97250200
2.09139995	6.97250200
2.09149995	6.97250200
2.09159995	6.97250200
2.09169995	6.97250200
2.09179995	6.97250200
2.09189995	6.97250200
2.09199995	6.97250200
2.09209995	6.97250200
2.09219995	6.97250200
2.09229995	6.97250200
2.09239995	6.97250200
2.09249995	6.97250200
2.09259995	6.97250200
2.09269995	6.97250200
2.09279995	7.06539100
2.09289995	7.06539100
2.09299995	6.97250200
2.09309995	6.97250200
2.09319995	7.06539100
2.09329995	6.97250200
2.09339995	7.06539100
2.09349995	7.06539100
2.09359995	7.06539100
2.09369995	6.97250200
2.09379995	7.06539100
2.09389995	6.97250200
2.09399995	7.06539100
2.09409995	6.97250200
2.09419995	6.97250200
2.09429995	6.97250200
2.09439995	6.97250200
2.09449995	6.97250200
2.09459995	7.06539100
2.09469995	6.97250200
2.09479995	6.97250200
2.09489995	7.06539100
2.09499995	7.06539100
2.09509995	7.06539100
2.09519995	7.06539100
2.09529995	7.06539100
2.09539995	7.06539100
2.09549995	7.06539100
2.09559995	7.06539100
2.09569995	7.06539100
2.09579995	7.06539100
2.09589995	7.06539100
2.09599995	7.06539100
2.09609995	7.06539100
2.09619995	7.06539100
2.09629995	7.06539100
2.09639995	7.06539100
2.09649995	7.06539100
2.09659995	7.06539100
2.09669995	7.06539100
2.09679995	7.06539100
2.09689995	7.06539100
2.09699995	7.06539100
2.09709995	7.15828000
2.09719995	7.06539100
2.09729995	7.06539100
2.09739995	7.06539100
2.09749995	7.06539100
2.09759995	7.06539100
2.09769995	7.15828000
2.09779995	7.15828000
2.09789995	7.15828000
2.09799995	7.06539100
2.09809995	7.15828000
2.09819995	7.15828000
2.09829995	7.15828000
2.09839995	7.15828000
2.09849995	7.15828000
2.09859995	7.15828000
2.09869995	7.15828000
2.09879995	7.15828000
2.09889995	7.15828000
2.09899995	7.15828000
2.09909995	7.15828000
2.09919995	7.15828000
2.09929995	7.15828000
2.09939995	7.15828000
2.09949995	7.15828000
2.09959995	7.15828000
2.09969995	7.15828000
2.09979995	7.15828000
2.09989995	7.25147600
2.09999995	7.15828000
2.10009995	7.25147600
2.10019995	7.15828000
2.10029995	7.15828000
2.10039995	7.15828000
2.10049995	7.25147600
2.10059995	7.25147600
2.10069995	7.25147600
2.10079995	7.15828000
2.10089995	7.15828000
2.10099995	7.25147600
2.10109995	7.25147600
2.10119995	7.15828000
2.10129995	7.25147600
2.10139995	7.25147600
2.10149995	7.25147600
2.10159995	7.25147600
2.10169995	7.25147600
2.10179995	7.25147600
2.10189995	7.25147600
2.10199995	7.25147600
2.10209995	7.25147600
2.10219995	7.25147600
2.10229995	7.25147600
2.10239995	7.25147600
2.10249995	7.25147600
2.10259995	7.25147600
2.10269995	7.25147600
2.10279995	7.25147600
2.10289995	7.25147600
2.10299995	7.25147600
2.10309995	7.25147600
2.10319995	7.25147600
2.10329995	7.25147600
2.10339995	7.25147600
2.10349995	7.25147600
2.10359995	7.25147600
2.10369995	7.25147600
2.10379995	7.25147600
2.10389995	7.25147600
2.10399995	7.25147600
2.10409995	7.25147600
2.10419995	7.34436500
2.10429995	7.25147600
2.10439995	7.25147600
2.10449995	7.25147600
2.10459995	7.34436500
2.10469995	7.25147600
2.10479995	7.34436500
2.10489995	7.34436500
2.10499995	7.34436500
2.10509995	7.34436500
2.10519995	7.34436500
2.10529995	7.34436500
2.10539995	7.34436500
2.10549995	7.34436500
2.10559995	7.34436500
2.10569995	7.34436500
2.10579995	7.34436500
2.10589995	7.34436500
2.10599995	7.34436500
2.10609995	7.34436500
2.10619995	7.34436500
2.10629995	7.34436500
2.10639995	7.34436500
2.10649995	7.34436500
2.10659995	7.34436500
2.10669995	7.34436500
2.10679995	7.34436500
2.10689995	7.34436500
2.10699995	7.34436500
2.10709995	7.34436500
2.10719995	7.34436500
2.10729995	7.34436500
2.10739995	7.43725400
2.10749995	7.34436500
2.10759995	7.34436500
2.10769995	7.34436500
2.10779995	7.34436500
2.10789995	7.34436500
2.10799995	7.34436500
2.10809995	7.34436500
2.10819995	7.34436500
2.10829995	7.34436500
2.10839995	7.34436500
2.10849995	7.34436500
2.10859995	7.34436500
2.10869995	7.34436500
2.10879995	7.34436500
2.10889995	7.34436500
2.10899995	7.34436500
2.10909995	7.43725400
2.10919995	7.43725400
2.10929995	7.34436500
2.10939995	7.34436500
2.10949995	7.34436500
2.10959995	7.34436500
2.10969995	7.43725400
2.10979995	7.43725400
2.10989995	7.43725400
2.10999995	7.34436500
2.11009995	7.34436500
2.11019995	7.34436500
2.11029995	7.34436500
2.11039995	7.34436500
2.11049995	7.43725400
2.11059995	7.43725400
2.11069995	7.34436500
2.11079995	7.43725400
2.11089995	7.43725400
2.11099995	7.43725400
2.11109995	7.43725400
2.11119995	7.43725400
2.11129995	7.43725400
2.11139995	7.43725400
2.11149995	7.43725400
2.11159995	7.43725400
2.11169995	7.43725400
2.11179995	7.43725400
2.11189995	7.43725400
2.11199995	7.43725400
2.11209995	7.43725400
2.11219995	7.43725400
2.11229995	7.43725400
2.11239995	7.43725400
2.11249995	7.43725400
2.11259995	7.43725400
2.11269995	7.43725400
2.11279995	7.43725400
2.11289995	7.43725400
2.11299995	7.43725400
2.11309995	7.43725400
2.11319995	7.43725400
2.11329995	7.43725400
2.11339995	7.43725400
2.11349995	7.43725400
2.11359995	7.43725400
2.11369995	7.43725400
2.11379995	7.43725400
2.11389995	7.43725400
2.11399995	7.43725400
2.11409995	7.43725400
2.11419995	7.53014300
2.11429995	7.53014300
2.11439995	7.43725400
2.11449995	7.43725400
2.11459995	7.53014300
2.11469995	7.53014300
2.11479995	7.53014300
2.11489995	7.53014300
2.11499995	7.53014300
2.11509995	7.53014300
2.11519995	7.53014300
2.11529995	7.53014300
2.11539995	7.53014300
2.11549995	7.53014300
2.11559995	7.53014300
2.11569995	7.53014300
2.11579995	7.53014300
2.11589995	7.53014300
2.11599995	7.53014300
2.11609995	7.62333900
2.11619995	7.53014300
2.11629995	7.62333900
2.11639995	7.53014300
2.11649995	7.53014300
2.11659995	7.62333900
2.11669995	7.53014300
2.11679995	7.62333900
2.11689995	7.62333900
2.11699995	7.62333900
2.11709995	7.62333900
2.11719995	7.62333900
2.11729995	7.62333900
2.11739995	7.62333900
2.11749995	7.62333900
2.11759995	7.62333900
2.11769995	7.62333900
2.11779995	7.62333900
2.11789995	7.62333900
2.11799995	7.62333900
2.11809995	7.62333900
2.11819995	7.62333900
2.11829995	7.62333900
2.11839995	7.62333900
2.11849995	7.62333900
2.11859995	7.62333900
2.11869995	7.62333900
2.11879995	7.62333900
2.11889995	7.62333900
2.11899995	7.62333900
2.11909995	7.62333900
2.11919995	7.62333900
2.11929995	7.62333900
2.11939995	7.62333900
2.11949995	7.62333900
2.11959995	7.62333900
2.11969995	7.62333900
2.11979995	7.62333900
2.11989995	7.62333900
2.11999995	7.62333900
2.12009995	7.62333900
2.12019995	7.62333900
2.12029995	7.62333900
2.12039995	7.62333900
2.12049995	7.62333900
2.12059995	7.62333900
2.12069995	7.62333900
2.12079995	7.62333900
2.12089995	7.62333900
2.12099995	7.62333900
2.12109995	7.62333900
2.12119995	7.62333900
2.12129995	7.62333900
2.12139995	7.62333900
2.12149995	7.62333900
2.12159995	7.62333900
2.12169995	7.62333900
2.12179995	7.62333900
2.12189995	7.62333900
2.12199995	7.62333900
2.12209995	7.62333900
2.12219995	7.62333900
2.12229995	7.62333900
2.12239995	7.62333900
2.12249995	7.62333900
2.12259995	7.62333900
2.12269995	7.62333900
2.12279995	7.62333900
2.12289995	7.62333900
2.12299995	7.62333900
2.12309995	7.62333900
2.12319995	7.62333900
2.12329995	7.62333900
2.12339995	7.62333900
2.12349995	7.62333900
2.12359995	7.71622800
2.12369995	7.62333900
2.12379995	7.62333900
2.12389995	7.62333900
2.12399995	7.71622800
2.12409995	7.62333900
2.12419995	7.71622800
2.12429995	7.62333900
2.12439995	7.62333900
2.12449995	7.71622800
2.12459995	7.71622800
2.12469995	7.62333900
2.12479995	7.71622800
2.12489995	7.62333900
2.12499995	7.62333900
2.12509995	7.71622800
2.12519995	7.71622800
2.12529995	7.62333900
2.12539995	7.71622800
2.12549995	7.71622800
2.12559995	7.71622800
2.12569995	7.71622800
2.12579995	7.62333900
2.12589995	7.62333900
2.12599995	7.71622800
2.12609995	7.71622800
2.12619995	7.71622800
2.12629995	7.71622800
2.12639995	7.71622800
2.12649995	7.71622800
2.12659995	7.71622800
2.12669995	7.71622800
2.12679995	7.71622800
2.12689995	7.71622800
2.12699995	7.71622800
2.12709995	7.71622800
2.12719995	7.71622800
2.12729995	7.71622800
2.12739995	7.71622800
2.12749995	7.71622800
2.12759995	7.71622800
2.12769995	7.71622800
2.12779995	7.71622800
2.12789995	7.71622800
2.12799995	7.71622800
2.12809995	7.71622800
2.12819995	7.71622800
2.12829995	7.71622800
2.12839995	7.71622800
2.12849995	7.71622800
2.12859995	7.71622800
2.12869995	7.71622800
2.12879995	7.71622800
2.12889995	7.71622800
2.12899995	7.71622800
2.12909995	7.71622800
2.12919995	7.71622800
2.12929995	7.71622800
2.12939995	7.71622800
2.12949995	7.71622800
2.12959995	7.71622800
2.12969995	7.71622800
2.12979995	7.71622800
2.12989995	7.71622800
2.12999995	7.71622800
2.13009995	7.71622800
2.13019995	7.71622800
2.13029995	7.71622800
2.13039995	7.71622800
2.13049995	7.71622800
2.13059995	7.71622800
2.13069995	7.71622800
2.13079995	7.71622800
2.13089995	7.71622800
2.13099995	7.71622800
2.13109995	7.71622800
2.13119995	7.71622800
2.13129995	7.71622800
2.13139995	7.71622800
2.13149995	7.71622800
2.13159995	7.71622800
2.13169995	7.71622800
2.13179995	7.71622800
2.13189995	7.71622800
2.13199995	7.71622800
2.13209995	7.71622800
2.13219995	7.71622800
2.13229995	7.71622800
2.13239995	7.71622800
2.13249995	7.71622800
2.13259995	7.71622800
2.13269995	7.71622800
2.13279995	7.71622800
2.13289995	7.71622800
2.13299995	7.71622800
2.13309995	7.71622800
2.13319995	7.71622800
2.13329995	7.71622800
2.13339995	7.71622800
2.13349995	7.71622800
2.13359995	7.71622800
2.13369995	7.71622800
2.13379995	7.71622800
2.13389995	7.71622800
2.13399995	7.80911700
2.13409995	7.80911700
2.13419995	7.80911700
2.13429995	7.80911700
2.13439995	7.80911700
2.13449995	7.80911700
2.13459995	7.80911700
2.13469995	7.80911700
2.13479995	7.80911700
2.13489995	7.80911700
2.13499995	7.80911700
2.13509995	7.80911700
2.13519995	7.80911700
2.13529995	7.80911700
2.13539995	7.80911700
2.13549995	7.80911700
2.13559995	7.80911700
2.13569995	7.80911700
2.13579995	7.80911700
2.13589995	7.80911700
2.13599995	7.80911700
2.13609995	7.80911700
2.13619995	7.90200500
2.13629995	7.80911700
2.13639995	7.90200500
2.13649995	7.80911700
2.13659995	7.90200500
2.13669995	7.90200500
2.13679995	7.90200500
2.13689995	7.90200500
2.13699995	7.90200500
2.13709995	7.90200500
2.13719995	7.90200500
2.13729995	7.90200500
2.13739995	7.90200500
2.13749995	7.90200500
2.13759995	7.90200500
2.13769995	7.90200500
2.13779995	7.90200500
2.13789995	7.90200500
2.13799995	7.90200500
2.13809995	7.90200500
2.13819995	7.90200500
2.13829995	7.90200500
2.13839995	7.99520200
2.13849995	7.90200500
2.13859995	7.99520200
2.13869995	7.99520200
2.13879995	7.90200500
2.13889995	7.99520200
2.13899995	7.99520200
2.13909995	7.99520200
2.13919995	7.99520200
2.13929995	7.99520200
2.13939995	7.99520200
2.13949995	7.99520200
2.13959995	7.99520200
2.13969995	7.99520200
2.13979995	7.99520200
2.13989995	7.99520200
2.13999995	7.99520200
2.14009995	7.99520200
2.14019995	7.99520200
2.14029995	7.99520200
2.14039995	7.99520200
2.14049995	7.99520200
2.14059995	7.99520200
2.14069995	7.99520200
2.14079995	7.99520200
2.14089995	7.99520200
2.14099995	7.99520200
2.14109995	7.99520200
2.14119995	7.99520200
2.14129995	7.99520200
2.14139995	7.99520200
2.14149995	7.99520200
2.14159995	7.99520200
2.14169995	7.99520200
2.14179995	7.99520200
2.14189995	7.99520200
2.14199995	7.99520200
2.14209995	7.99520200
2.14219995	7.99520200
2.14229995	7.99520200
2.14239995	7.99520200
2.14249995	7.99520200
2.14259995	7.99520200
2.14269995	8.08809100
2.14279995	7.99520200
2.14289995	7.99520200
2.14299995	7.99520200
2.14309995	7.99520200
2.14319995	7.99520200
2.14329995	7.99520200
2.14339995	7.99520200
2.14349995	7.99520200
2.14359995	8.08809100
2.14369995	7.99520200
2.14379995	8.08809100
2.14389995	8.08809100
2.14399995	7.99520200
2.14409995	7.99520200
2.14419995	8.08809100
2.14429995	8.08809100
2.14439995	8.08809100
2.14449995	7.99520200
2.14459995	8.08809100
2.14469995	8.08809100
2.14479995	8.08809100
2.14489995	8.08809100
2.14499995	7.99520200
2.14509995	7.99520200
2.14519995	7.99520200
2.14529995	8.08809100
2.14539995	7.99520200
2.14549995	7.99520200
2.14559995	8.08809100
2.14569995	7.99520200
2.14579995	7.99520200
2.14589995	8.08809100
2.14599995	8.08809100
2.14609995	7.99520200
2.14619995	7.99520200
2.14629995	7.99520200
2.14639995	8.08809100
2.14649995	7.99520200
2.14659995	8.08809100
2.14669995	8.08809100
2.14679995	8.08809100
2.14689995	8.08809100
2.14699995	8.08809100
2.14709995	7.99520200
2.14719995	8.08809100
2.14729995	8.08809100
2.14739995	7.99520200
2.14749995	8.08809100
2.14759995	7.99520200
2.14769995	7.99520200
2.14779995	7.99520200
2.14789995	7.99520200
2.14799995	8.08809100
2.14809995	7.99520200
2.14819995	7.99520200
2.14829995	8.08809100
2.14839995	7.99520200
2.14849995	8.08809100
2.14859995	8.08809100
2.14869995	7.99520200
2.14879995	8.08809100
2.14889995	7.99520200
2.14899995	7.99520200
2.14909995	8.08809100
2.14919995	7.99520200
2.14929995	8.08809100
2.14939995	7.99520200
2.14949995	7.99520200
2.14959995	8.08809100
2.14969995	8.08809100
2.14979995	7.99520200
2.14989995	7.99520200
2.14999995	7.99520200
2.15009995	7.99520200
2.15019995	7.99520200
2.15029995	7.99520200
2.15039995	7.99520200
2.15049995	7.99520200
2.15059995	7.99520200
2.15069995	7.99520200
2.15079995	7.99520200
2.15089995	7.99520200
2.15099995	7.99520200
2.15109995	7.99520200
2.15119995	8.08809100
2.15129995	7.99520200
2.15139995	8.08809100
2.15149995	8.08809100
2.15159995	7.99520200
2.15169995	7.99520200
2.15179995	7.99520200
2.15189995	8.08809100
2.15199995	7.99520200
2.15209995	7.99520200
2.15219995	8.08809100
2.15229995	7.99520200
2.15239995	7.99520200
2.15249995	7.99520200
2.15259995	8.08809100
2.15269995	7.99520200
2.15279995	7.99520200
2.15289995	7.99520200
2.15299995	7.99520200
2.15309995	7.99520200
2.15319995	7.99520200
2.15329995	7.99520200
2.15339995	8.08809100
2.15349995	7.99520200
2.15359995	7.99520200
2.15369995	7.99520200
2.15379995	7.99520200
2.15389995	8.08809100
2.15399995	7.99520200
2.15409995	7.99520200
2.15419995	8.08809100
2.15429995	8.08809100
2.15439995	8.08809100
2.15449995	8.08809100
2.15459995	8.08809100
2.15469995	8.08809100
2.15479995	7.99520200
2.15489995	8.08809100
2.15499995	8.08809100
2.15509995	8.08809100
2.15519995	8.08809100
2.15529995	8.08809100
2.15539995	8.08809100
2.15549995	8.08809100
2.15559995	8.08809100
2.15569995	8.08809100
2.15579995	8.08809100
2.15589995	8.08809100
2.15599995	8.08809100
2.15609995	8.08809100
2.15619995	8.08809100
2.15629995	8.08809100
2.15639995	8.08809100
2.15649995	8.08809100
2.15659995	8.08809100
2.15669995	8.08809100
2.15679995	8.08809100
2.15689995	8.08809100
2.15699995	8.18098000
2.15709995	8.08809100
2.15719995	8.18098000
2.15729995	8.18098000
2.15739995	8.18098000
2.15749995	8.18098000
2.15759995	8.08809100
2.15769995	8.18098000
2.15779995	8.18098000
2.15789995	8.18098000
2.15799995	8.18098000
2.15809995	8.18098000
2.15819995	8.18098000
2.15829995	8.18098000
2.15839995	8.18098000
2.15849995	8.18098000
2.15859995	8.18098000
2.15869995	8.18098000
2.15879995	8.18098000
2.15889995	8.18098000
2.15899995	8.18098000
2.15909995	8.18098000
2.15919995	8.18098000
2.15929995	8.18098000
2.15939995	8.18098000
2.15949995	8.18098000
2.15959995	8.18098000
2.15969995	8.27386800
2.15979995	8.18098000
2.15989995	8.27386800
2.15999995	8.27386800
2.16009995	8.27386800
2.16019995	8.18098000
2.16029995	8.27386800
2.16039995	8.27386800
2.16049995	8.27386800
2.16059995	8.27386800
2.16069995	8.18098000
2.16079995	8.27386800
2.16089995	8.27386800
2.16099995	8.27386800
2.16109995	8.27386800
2.16119995	8.27386800
2.16129995	8.27386800
2.16139995	8.27386800
2.16149995	8.27386800
2.16159995	8.27386800
2.16169995	8.27386800
2.16179995	8.27386800
2.16189995	8.27386800
2.16199995	8.27386800
2.16209995	8.27386800
2.16219995	8.27386800
2.16229995	8.27386800
2.16239995	8.27386800
2.16249995	8.27386800
2.16259995	8.27386800
2.16269995	8.27386800
2.16279995	8.27386800
2.16289995	8.27386800
2.16299995	8.27386800
2.16309995	8.27386800
2.16319995	8.27386800
2.16329995	8.27386800
2.16339995	8.27386800
2.16349995	8.27386800
2.16359995	8.27386800
2.16369995	8.27386800
2.16379995	8.27386800
2.16389995	8.27386800
2.16399995	8.36706400
2.16409995	8.27386800
2.16419995	8.27386800
2.16429995	8.36706400
2.16439995	8.27386800
2.16449995	8.27386800
2.16459995	8.36706400
2.16469995	8.27386800
2.16479995	8.27386800
2.16489995	8.27386800
2.16499995	8.27386800
2.16509995	8.36706400
2.16519995	8.27386800
2.16529995	8.27386800
2.16539995	8.36706400
2.16549995	8.27386800
2.16559995	8.27386800
2.16569995	8.27386800
2.16579995	8.36706400
2.16589995	8.36706400
2.16599995	8.27386800
2.16609995	8.27386800
2.16619995	8.36706400
2.16629995	8.36706400
2.16639995	8.36706400
2.16649995	8.36706400
2.16659995	8.36706400
2.16669995	8.27386800
2.16679995	8.36706400
2.16689995	8.27386800
2.16699995	8.27386800
2.16709995	8.27386800
2.16719995	8.27386800
2.16729995	8.36706400
2.16739995	8.36706400
2.16749995	8.27386800
2.16759995	8.36706400
2.16769995	8.36706400
2.16779995	8.27386800
2.16789995	8.27386800
2.16799995	8.27386800
2.16809995	8.27386800
2.16819995	8.27386800
2.16829995	8.27386800
2.16839995	8.27386800
2.16849995	8.27386800
2.16859995	8.36706400
2.16869995	8.27386800
2.16879995	8.27386800
2.16889995	8.27386800
2.16899995	8.27386800
2.16909995	8.27386800
2.16919995	8.27386800
2.16929995	8.27386800
2.16939995	8.36706400
2.16949995	8.27386800
2.16959995	8.27386800
2.16969995	8.27386800
2.16979995	8.27386800
2.16989995	8.27386800
2.16999995	8.27386800
2.17009995	8.27386800
2.17019995	8.27386800
2.17029995	8.27386800
2.17039995	8.27386800
2.17049995	8.27386800
2.17059995	8.27386800
2.17069995	8.27386800
2.17079995	8.27386800
2.17089995	8.27386800
2.17099995	8.27386800
2.17109995	8.27386800
2.17119995	8.27386800
2.17129995	8.27386800
2.17139995	8.27386800
2.17149995	8.27386800
2.17159995	8.27386800
2.17169995	8.27386800
2.17179995	8.27386800
2.17189995	8.27386800
2.17199995	8.27386800
2.17209995	8.27386800
2.17219995	8.27386800
2.17229995	8.27386800
2.17239995	8.27386800
2.17249995	8.27386800
2.17259995	8.27386800
2.17269995	8.27386800
2.17279995	8.27386800
2.17289995	8.27386800
2.17299995	8.27386800
2.17309995	8.27386800
2.17319995	8.27386800
2.17329995	8.27386800
2.17339995	8.27386800
2.17349995	8.27386800
2.17359995	8.27386800
2.17369995	8.27386800
2.17379995	8.27386800
2.17389995	8.27386800
2.17399995	8.27386800
2.17409995	8.27386800
2.17419995	8.27386800
2.17429995	8.27386800
2.17439995	8.27386800
2.17449995	8.36706400
2.17459995	8.27386800
2.17469995	8.27386800
2.17479995	8.27386800
2.17489995	8.27386800
2.17499995	8.36706400
2.17509995	8.27386800
2.17519995	8.27386800
2.17529995	8.27386800
2.17539995	8.27386800
2.17549995	8.27386800
2.17559995	8.36706400
2.17569995	8.27386800
2.17579995	8.27386800
2.17589995	8.36706400
2.17599995	8.27386800
2.17609995	8.36706400
2.17619995	8.36706400
2.17629995	8.27386800
2.17639995	8.36706400
2.17649995	8.36706400
2.17659995	8.36706400
2.17669995	8.36706400
2.17679995	8.36706400
2.17689995	8.36706400
2.17699995	8.36706400
2.17709995	8.36706400
2.17719994	8.36706400
2.17729994	8.36706400
2.17739994	8.36706400
2.17749994	8.36706400
2.17759994	8.36706400
2.17769994	8.36706400
2.17779994	8.36706400
2.17789994	8.36706400
2.17799994	8.36706400
2.17809994	8.36706400
2.17819994	8.36706400
2.17829994	8.36706400
2.17839994	8.36706400
2.17849994	8.36706400
2.17859994	8.36706400
2.17869994	8.36706400
2.17879994	8.36706400
2.17889994	8.36706400
2.17899994	8.36706400
2.17909994	8.36706400
2.17919994	8.36706400
2.17929994	8.36706400
2.17939994	8.36706400
2.17949994	8.36706400
2.17959994	8.36706400
2.17969994	8.36706400
2.17979994	8.36706400
2.17989994	8.36706400
2.17999994	8.36706400
2.18009994	8.36706400
2.18019994	8.36706400
2.18029994	8.36706400
2.18039994	8.36706400
2.18049994	8.36706400
2.18059994	8.36706400
2.18069994	8.36706400
2.18079994	8.36706400
2.18089994	8.36706400
2.18099994	8.36706400
2.18109994	8.36706400
2.18119994	8.36706400
2.18129994	8.36706400
2.18139994	8.36706400
2.18149994	8.36706400
2.18159994	8.36706400
2.18169994	8.36706400
2.18179994	8.36706400
2.18189994	8.36706400
2.18199994	8.45995300
2.18209994	8.45995300
2.18219994	8.36706400
2.18229994	8.36706400
2.18239994	8.36706400
2.18249994	8.36706400
2.18259994	8.45995300
2.18269994	8.45995300
2.18279994	8.36706400
2.18289994	8.36706400
2.18299994	8.36706400
2.18309994	8.45995300
2.18319994	8.36706400
2.18329994	8.45995300
2.18339994	8.45995300
2.18349994	8.45995300
2.18359994	8.45995300
2.18369994	8.45995300
2.18379994	8.45995300
2.18389994	8.45995300
2.18399994	8.45995300
2.18409994	8.45995300
2.18419994	8.36706400
2.18429994	8.45995300
2.18439994	8.45995300
2.18449994	8.45995300
2.18459994	8.45995300
2.18469994	8.45995300
2.18479994	8.45995300
2.18489994	8.45995300
2.18499994	8.45995300
2.18509994	8.45995300
2.18519994	8.45995300
2.18529994	8.45995300
2.18539994	8.45995300
2.18549994	8.45995300
2.18559994	8.45995300
2.18569994	8.45995300
2.18579994	8.45995300
2.18589994	8.45995300
2.18599994	8.45995300
2.18609994	8.45995300
2.18619994	8.45995300
2.18629994	8.45995300
2.18639994	8.45995300
2.18649994	8.45995300
2.18659994	8.45995300
2.18669994	8.45995300
2.18679994	8.45995300
2.18689994	8.45995300
2.18699994	8.45995300
2.18709994	8.45995300
2.18719994	8.45995300
2.18729994	8.45995300
2.18739994	8.45995300
2.18749994	8.45995300
2.18759994	8.45995300
2.18769994	8.45995300
2.18779994	8.45995300
2.18789994	8.45995300
2.18799994	8.45995300
2.18809994	8.45995300
2.18819994	8.45995300
2.18829994	8.45995300
2.18839994	8.45995300
2.18849994	8.45995300
2.18859994	8.45995300
2.18869994	8.45995300
2.18879994	8.45995300
2.18889994	8.45995300
2.18899994	8.45995300
2.18909994	8.45995300
2.18919994	8.45995300
2.18929994	8.45995300
2.18939994	8.45995300
2.18949994	8.45995300
2.18959994	8.45995300
2.18969994	8.45995300
2.18979994	8.45995300
2.18989994	8.45995300
2.18999994	8.45995300
2.19009994	8.45995300
2.19019994	8.45995300
2.19029994	8.45995300
2.19039994	8.45995300
2.19049994	8.45995300
2.19059994	8.45995300
2.19069994	8.45995300
2.19079994	8.45995300
2.19089994	8.45995300
2.19099994	8.45995300
2.19109994	8.45995300
2.19119994	8.45995300
2.19129994	8.45995300
2.19139994	8.45995300
2.19149994	8.45995300
2.19159994	8.45995300
2.19169994	8.45995300
2.19179994	8.45995300
2.19189994	8.45995300
2.19199994	8.45995300
2.19209994	8.45995300
2.19219994	8.45995300
2.19229994	8.45995300
2.19239994	8.45995300
2.19249994	8.45995300
2.19259994	8.45995300
2.19269994	8.45995300
2.19279994	8.45995300
2.19289994	8.45995300
2.19299994	8.45995300
2.19309994	8.45995300
2.19319994	8.45995300
2.19329994	8.45995300
2.19339994	8.45995300
2.19349994	8.45995300
2.19359994	8.45995300
2.19369994	8.45995300
2.19379994	8.45995300
2.19389994	8.45995300
2.19399994	8.45995300
2.19409994	8.45995300
2.19419994	8.45995300
2.19429994	8.45995300
2.19439994	8.45995300
2.19449994	8.45995300
2.19459994	8.45995300
2.19469994	8.45995300
2.19479994	8.45995300
2.19489994	8.45995300
2.19499994	8.45995300
2.19509994	8.45995300
2.19519994	8.45995300
2.19529994	8.45995300
2.19539994	8.45995300
2.19549994	8.45995300
2.19559994	8.45995300
2.19569994	8.45995300
2.19579994	8.45995300
2.19589994	8.45995300
2.19599994	8.45995300
2.19609994	8.45995300
2.19619994	8.45995300
2.19629994	8.45995300
2.19639994	8.45995300
2.19649994	8.45995300
2.19659994	8.45995300
2.19669994	8.45995300
2.19679994	8.45995300
2.19689994	8.45995300
2.19699994	8.45995300
2.19709994	8.45995300
2.19719994	8.45995300
2.19729994	8.45995300
2.19739994	8.45995300
2.19749994	8.45995300
2.19759994	8.45995300
2.19769994	8.45995300
2.19779994	8.45995300
2.19789994	8.45995300
2.19799994	8.45995300
2.19809994	8.45995300
2.19819994	8.45995300
2.19829994	8.45995300
2.19839994	8.45995300
2.19849994	8.45995300
2.19859994	8.45995300
2.19869994	8.45995300
2.19879994	8.45995300
2.19889994	8.45995300
2.19899994	8.45995300
2.19909994	8.45995300
2.19919994	8.45995300
2.19929994	8.45995300
2.19939994	8.45995300
2.19949994	8.45995300
2.19959994	8.45995300
2.19969994	8.45995300
2.19979994	8.45995300
2.19989994	8.45995300
2.19999994	8.45995300
2.20009994	8.45995300
2.20019994	8.45995300
2.20029994	8.45995300
2.20039994	8.45995300
2.20049994	8.45995300
2.20059994	8.45995300
2.20069994	8.45995300
2.20079994	8.45995300
2.20089994	8.45995300
2.20099994	8.45995300
2.20109994	8.45995300
2.20119994	8.45995300
2.20129994	8.55284200
2.20139994	8.45995300
2.20149994	8.45995300
2.20159994	8.45995300
2.20169994	8.45995300
2.20179994	8.45995300
2.20189994	8.45995300
2.20199994	8.45995300
2.20209994	8.45995300
2.20219994	8.45995300
2.20229994	8.45995300
2.20239994	8.45995300
2.20249994	8.45995300
2.20259994	8.45995300
2.20269994	8.45995300
2.20279994	8.45995300
2.20289994	8.55284200
2.20299994	8.45995300
2.20309994	8.45995300
2.20319994	8.45995300
2.20329994	8.45995300
2.20339994	8.45995300
2.20349994	8.45995300
2.20359994	8.45995300
2.20369994	8.45995300
2.20379994	8.45995300
2.20389994	8.45995300
2.20399994	8.45995300
2.20409994	8.45995300
2.20419994	8.45995300
2.20429994	8.45995300
2.20439994	8.45995300
2.20449994	8.45995300
2.20459994	8.45995300
2.20469994	8.45995300
2.20479994	8.45995300
2.20489994	8.45995300
2.20499994	8.45995300
2.20509994	8.45995300
2.20519994	8.45995300
2.20529994	8.45995300
2.20539994	8.45995300
2.20549994	8.45995300
2.20559994	8.45995300
2.20569994	8.45995300
2.20579994	8.45995300
2.20589994	8.45995300
2.20599994	8.45995300
2.20609994	8.45995300
2.20619994	8.55284200
2.20629994	8.45995300
2.20639994	8.45995300
2.20649994	8.45995300
2.20659994	8.55284200
2.20669994	8.45995300
2.20679994	8.45995300
2.20689994	8.45995300
2.20699994	8.45995300
2.20709994	8.45995300
2.20719994	8.45995300
2.20729994	8.45995300
2.20739994	8.45995300
2.20749994	8.55284200
2.20759994	8.45995300
2.20769994	8.55284200
2.20779994	8.45995300
2.20789994	8.45995300
2.20799994	8.45995300
2.20809994	8.55284200
2.20819994	8.55284200
2.20829994	8.45995300
2.20839994	8.55284200
2.20849994	8.45995300
2.20859994	8.45995300
2.20869994	8.55284200
2.20879994	8.55284200
2.20889994	8.45995300
2.20899994	8.45995300
2.20909994	8.45995300
2.20919994	8.45995300
2.20929994	8.45995300
2.20939994	8.45995300
2.20949994	8.55284200
2.20959994	8.45995300
2.20969994	8.45995300
2.20979994	8.45995300
2.20989994	8.55284200
2.20999994	8.45995300
2.21009994	8.55284200
2.21019994	8.55284200
2.21029994	8.45995300
2.21039994	8.45995300
2.21049994	8.45995300
2.21059994	8.45995300
2.21069994	8.45995300
2.21079994	8.45995300
2.21089994	8.45995300
2.21099994	8.45995300
2.21109994	8.55284200
2.21119994	8.45995300
2.21129994	8.45995300
2.21139994	8.45995300
2.21149994	8.45995300
2.21159994	8.45995300
2.21169994	8.45995300
2.21179994	8.45995300
2.21189994	8.45995300
2.21199994	8.45995300
2.21209994	8.45995300
2.21219994	8.55284200
2.21229994	8.45995300
2.21239994	8.55284200
2.21249994	8.45995300
2.21259994	8.55284200
2.21269994	8.45995300
2.21279994	8.45995300
2.21289994	8.55284200
2.21299994	8.45995300
2.21309994	8.45995300
2.21319994	8.45995300
2.21329994	8.45995300
2.21339994	8.55284200
2.21349994	8.45995300
2.21359994	8.45995300
2.21369994	8.45995300
2.21379994	8.55284200
2.21389994	8.45995300
2.21399994	8.45995300
2.21409994	8.55284200
2.21419994	8.45995300
2.21429994	8.45995300
2.21439994	8.55284200
2.21449994	8.45995300
2.21459994	8.45995300
2.21469994	8.45995300
2.21479994	8.45995300
2.21489994	8.45995300
2.21499994	8.45995300
2.21509994	8.45995300
2.21519994	8.45995300
2.21529994	8.45995300
2.21539994	8.45995300
2.21549994	8.45995300
2.21559994	8.45995300
2.21569994	8.45995300
2.21579994	8.45995300
2.21589994	8.45995300
2.21599994	8.45995300
2.21609994	8.45995300
2.21619994	8.45995300
2.21629994	8.45995300
2.21639994	8.45995300
2.21649994	8.45995300
2.21659994	8.55284200
2.21669994	8.55284200
2.21679994	8.55284200
2.21689994	8.45995300
2.21699994	8.45995300
2.21709994	8.45995300
2.21719994	8.45995300
2.21729994	8.45995300
2.21739994	8.45995300
2.21749994	8.45995300
2.21759994	8.45995300
2.21769994	8.45995300
2.21779994	8.45995300
2.21789994	8.45995300
2.21799994	8.45995300
2.21809994	8.45995300
2.21819994	8.45995300
2.21829994	8.45995300
2.21839994	8.45995300
2.21849994	8.45995300
2.21859994	8.45995300
2.21869994	8.55284200
2.21879994	8.45995300
2.21889994	8.45995300
2.21899994	8.45995300
2.21909994	8.45995300
2.21919994	8.45995300
2.21929994	8.45995300
2.21939994	8.55284200
2.21949994	8.45995300
2.21959994	8.45995300
2.21969994	8.55284200
2.21979994	8.55284200
2.21989994	8.45995300
2.21999994	8.45995300
2.22009994	8.45995300
2.22019994	8.55284200
2.22029994	8.45995300
2.22039994	8.45995300
2.22049994	8.45995300
2.22059994	8.45995300
2.22069994	8.45995300
2.22079994	8.45995300
2.22089994	8.45995300
2.22099994	8.45995300
2.22109994	8.45995300
2.22119994	8.45995300
2.22129994	8.45995300
2.22139994	8.55284200
2.22149994	8.45995300
2.22159994	8.45995300
2.22169994	8.55284200
2.22179994	8.45995300
2.22189994	8.45995300
2.22199994	8.45995300
2.22209994	8.45995300
2.22219994	8.45995300
2.22229994	8.45995300
2.22239994	8.45995300
2.22249994	8.45995300
2.22259994	8.45995300
2.22269994	8.45995300
2.22279994	8.45995300
2.22289994	8.45995300
2.22299994	8.45995300
2.22309994	8.45995300
2.22319994	8.45995300
2.22329994	8.45995300
2.22339994	8.45995300
2.22349994	8.45995300
2.22359994	8.45995300
2.22369994	8.45995300
2.22379994	8.55284200
2.22389994	8.45995300
2.22399994	8.45995300
2.22409994	8.45995300
2.22419994	8.55284200
2.22429994	8.45995300
2.22439994	8.45995300
2.22449994	8.45995300
2.22459994	8.45995300
2.22469994	8.45995300
2.22479994	8.45995300
2.22489994	8.45995300
2.22499994	8.45995300
2.22509994	8.45995300
2.22519994	8.45995300
2.22529994	8.45995300
2.22539994	8.55284200
2.22549994	8.45995300
2.22559994	8.45995300
2.22569994	8.45995300
2.22579994	8.45995300
2.22589994	8.45995300
2.22599994	8.45995300
2.22609994	8.45995300
2.22619994	8.45995300
2.22629994	8.45995300
2.22639994	8.45995300
2.22649994	8.45995300
2.22659994	8.45995300
2.22669994	8.45995300
2.22679994	8.45995300
2.22689994	8.45995300
2.22699994	8.45995300
2.22709994	8.45995300
2.22719994	8.45995300
2.22729994	8.45995300
2.22739994	8.45995300
2.22749994	8.45995300
2.22759994	8.45995300
2.22769994	8.45995300
2.22779994	8.45995300
2.22789994	8.55284200
2.22799994	8.45995300
2.22809994	8.45995300
2.22819994	8.45995300
2.22829994	8.45995300
2.22839994	8.45995300
2.22849994	8.45995300
2.22859994	8.45995300
2.22869994	8.45995300
2.22879994	8.45995300
2.22889994	8.45995300
2.22899994	8.45995300
2.22909994	8.45995300
2.22919994	8.45995300
2.22929994	8.45995300
2.22939994	8.45995300
2.22949994	8.45995300
2.22959994	8.45995300
2.22969994	8.45995300
2.22979994	8.45995300
2.22989994	8.45995300
2.22999994	8.45995300
2.23009994	8.45995300
2.23019994	8.45995300
2.23029994	8.45995300
2.23039994	8.45995300
2.23049994	8.45995300
2.23059994	8.45995300
2.23069994	8.45995300
2.23079994	8.45995300
2.23089994	8.45995300
2.23099994	8.45995300
2.23109994	8.45995300
2.23119994	8.45995300
2.23129994	8.45995300
2.23139994	8.45995300
2.23149994	8.45995300
2.23159994	8.45995300
2.23169994	8.45995300
2.23179994	8.45995300
2.23189994	8.45995300
2.23199994	8.45995300
2.23209994	8.45995300
2.23219994	8.45995300
2.23229994	8.45995300
2.23239994	8.45995300
2.23249994	8.45995300
2.23259994	8.45995300
2.23269994	8.45995300
2.23279994	8.45995300
2.23289994	8.45995300
2.23299994	8.45995300
2.23309994	8.45995300
2.23319994	8.45995300
2.23329994	8.45995300
2.23339994	8.45995300
2.23349994	8.45995300
2.23359994	8.45995300
2.23369994	8.45995300
2.23379994	8.45995300
2.23389994	8.45995300
2.23399994	8.45995300
2.23409994	8.45995300
2.23419994	8.45995300
2.23429994	8.45995300
2.23439994	8.45995300
2.23449994	8.45995300
2.23459994	8.45995300
2.23469994	8.45995300
2.23479994	8.45995300
2.23489994	8.45995300
2.23499994	8.45995300
2.23509994	8.45995300
2.23519994	8.45995300
2.23529994	8.45995300
2.23539994	8.45995300
2.23549994	8.45995300
2.23559994	8.45995300
2.23569994	8.45995300
2.23579994	8.45995300
2.23589994	8.45995300
2.23599994	8.45995300
2.23609994	8.45995300
2.23619994	8.45995300
2.23629994	8.45995300
2.23639994	8.45995300
2.23649994	8.45995300
2.23659994	8.45995300
2.23669994	8.45995300
2.23679994	8.45995300
2.23689994	8.45995300
2.23699994	8.45995300
2.23709994	8.45995300
2.23719994	8.45995300
2.23729994	8.45995300
2.23739994	8.45995300
2.23749994	8.45995300
2.23759994	8.45995300
2.23769994	8.45995300
2.23779994	8.45995300
2.23789994	8.45995300
2.23799994	8.45995300
2.23809994	8.45995300
2.23819994	8.45995300
2.23829994	8.45995300
2.23839994	8.45995300
2.23849994	8.45995300
2.23859994	8.45995300
2.23869994	8.45995300
2.23879994	8.45995300
2.23889994	8.45995300
2.23899994	8.45995300
2.23909994	8.45995300
2.23919994	8.45995300
2.23929994	8.45995300
2.23939994	8.45995300
2.23949994	8.45995300
2.23959994	8.45995300
2.23969994	8.45995300
2.23979994	8.45995300
2.23989994	8.36706400
2.23999994	8.45995300
2.24009994	8.45995300
2.24019994	8.45995300
2.24029994	8.45995300
2.24039994	8.45995300
2.24049994	8.45995300
2.24059994	8.45995300
2.24069994	8.45995300
2.24079994	8.36706400
2.24089994	8.45995300
2.24099994	8.45995300
2.24109994	8.45995300
2.24119994	8.45995300
2.24129994	8.45995300
2.24139994	8.45995300
2.24149994	8.45995300
2.24159994	8.45995300
2.24169994	8.45995300
2.24179994	8.45995300
2.24189994	8.45995300
2.24199994	8.45995300
2.24209994	8.45995300
2.24219994	8.36706400
2.24229994	8.45995300
2.24239994	8.36706400
2.24249994	8.36706400
2.24259994	8.36706400
2.24269994	8.45995300
2.24279994	8.45995300
2.24289994	8.45995300
2.24299994	8.45995300
2.24309994	8.45995300
2.24319994	8.45995300
2.24329994	8.36706400
2.24339994	8.45995300
2.24349994	8.36706400
2.24359994	8.45995300
2.24369994	8.36706400
2.24379994	8.36706400
2.24389994	8.36706400
2.24399994	8.45995300
2.24409994	8.36706400
2.24419994	8.36706400
2.24429994	8.45995300
2.24439994	8.36706400
2.24449994	8.36706400
2.24459994	8.36706400
2.24469994	8.36706400
2.24479994	8.45995300
2.24489994	8.45995300
2.24499994	8.36706400
2.24509994	8.36706400
2.24519994	8.36706400
2.24529994	8.36706400
2.24539994	8.36706400
2.24549994	8.36706400
2.24559994	8.36706400
2.24569994	8.45995300
2.24579994	8.36706400
2.24589994	8.36706400
2.24599994	8.36706400
2.24609994	8.36706400
2.24619994	8.36706400
2.24629994	8.36706400
2.24639994	8.36706400
2.24649994	8.36706400
2.24659994	8.36706400
2.24669994	8.45995300
2.24679994	8.36706400
2.24689994	8.36706400
2.24699994	8.36706400
2.24709994	8.36706400
2.24719994	8.36706400
2.24729994	8.36706400
2.24739994	8.36706400
2.24749994	8.36706400
2.24759994	8.36706400
2.24769994	8.36706400
2.24779994	8.36706400
2.24789994	8.36706400
2.24799994	8.36706400
2.24809994	8.36706400
2.24819994	8.36706400
2.24829994	8.36706400
2.24839994	8.36706400
2.24849994	8.36706400
2.24859994	8.36706400
2.24869994	8.36706400
2.24879994	8.36706400
2.24889994	8.36706400
2.24899994	8.36706400
2.24909994	8.36706400
2.24919994	8.36706400
2.24929994	8.36706400
2.24939994	8.36706400
2.24949994	8.36706400
2.24959994	8.36706400
2.24969994	8.36706400
2.24979994	8.36706400
2.24989994	8.36706400
2.24999994	8.36706400
2.25009994	8.36706400
2.25019994	8.36706400
2.25029994	8.36706400
2.25039994	8.36706400
2.25049994	8.36706400
2.25059994	8.36706400
2.25069994	8.36706400
2.25079994	8.36706400
2.25089994	8.36706400
2.25099994	8.36706400
2.25109994	8.36706400
2.25119994	8.36706400
2.25129994	8.36706400
2.25139994	8.36706400
2.25149994	8.36706400
2.25159994	8.36706400
2.25169994	8.36706400
2.25179994	8.36706400
2.25189994	8.36706400
2.25199994	8.36706400
2.25209994	8.36706400
2.25219994	8.36706400
2.25229994	8.36706400
2.25239994	8.36706400
2.25249994	8.36706400
2.25259994	8.36706400
2.25269994	8.36706400
2.25279994	8.36706400
2.25289994	8.36706400
2.25299994	8.36706400
2.25309994	8.36706400
2.25319994	8.36706400
2.25329994	8.36706400
2.25339994	8.36706400
2.25349994	8.36706400
2.25359994	8.36706400
2.25369994	8.36706400
2.25379994	8.36706400
2.25389994	8.36706400
2.25399994	8.36706400
2.25409994	8.36706400
2.25419994	8.36706400
2.25429994	8.36706400
2.25439994	8.36706400
2.25449994	8.36706400
2.25459994	8.36706400
2.25469994	8.36706400
2.25479994	8.36706400
2.25489994	8.36706400
2.25499994	8.36706400
2.25509994	8.36706400
2.25519994	8.36706400
2.25529994	8.36706400
2.25539994	8.36706400
2.25549994	8.36706400
2.25559994	8.36706400
2.25569994	8.36706400
2.25579994	8.36706400
2.25589994	8.36706400
2.25599994	8.36706400
2.25609994	8.36706400
2.25619994	8.36706400
2.25629994	8.36706400
2.25639994	8.36706400
2.25649994	8.36706400
2.25659994	8.36706400
2.25669994	8.36706400
2.25679994	8.36706400
2.25689994	8.36706400
2.25699994	8.36706400
2.25709994	8.36706400
2.25719994	8.36706400
2.25729994	8.27386800
2.25739994	8.36706400
2.25749994	8.36706400
2.25759994	8.36706400
2.25769994	8.36706400
2.25779994	8.36706400
2.25789994	8.36706400
2.25799994	8.36706400
2.25809994	8.36706400
2.25819994	8.36706400
2.25829994	8.36706400
2.25839994	8.27386800
2.25849994	8.36706400
2.25859994	8.27386800
2.25869994	8.27386800
2.25879994	8.27386800
2.25889994	8.27386800
2.25899994	8.27386800
2.25909994	8.27386800
2.25919994	8.36706400
2.25929994	8.27386800
2.25939994	8.27386800
2.25949994	8.27386800
2.25959994	8.36706400
2.25969994	8.27386800
2.25979994	8.27386800
2.25989994	8.27386800
2.25999994	8.27386800
2.26009994	8.27386800
2.26019994	8.27386800
2.26029994	8.27386800
2.26039994	8.27386800
2.26049994	8.27386800
2.26059994	8.27386800
2.26069994	8.27386800
2.26079994	8.27386800
2.26089994	8.27386800
2.26099994	8.27386800
2.26109994	8.27386800
2.26119994	8.27386800
2.26129994	8.27386800
2.26139994	8.27386800
2.26149994	8.27386800
2.26159994	8.27386800
2.26169994	8.27386800
2.26179994	8.27386800
2.26189994	8.27386800
2.26199994	8.27386800
2.26209994	8.27386800
2.26219994	8.27386800
2.26229994	8.27386800
2.26239994	8.27386800
2.26249994	8.27386800
2.26259994	8.27386800
2.26269994	8.27386800
2.26279994	8.27386800
2.26289994	8.27386800
2.26299994	8.18098000
2.26309994	8.27386800
2.26319994	8.27386800
2.26329994	8.27386800
2.26339994	8.27386800
2.26349994	8.27386800
2.26359994	8.27386800
2.26369994	8.27386800
2.26379994	8.27386800
2.26389994	8.27386800
2.26399994	8.18098000
2.26409994	8.27386800
2.26419994	8.27386800
2.26429994	8.27386800
2.26439994	8.27386800
2.26449994	8.27386800
2.26459994	8.27386800
2.26469994	8.27386800
2.26479994	8.18098000
2.26489994	8.18098000
2.26499994	8.18098000
2.26509994	8.27386800
2.26519994	8.18098000
2.26529994	8.18098000
2.26539994	8.18098000
2.26549994	8.18098000
2.26559994	8.18098000
2.26569994	8.18098000
2.26579994	8.18098000
2.26589994	8.18098000
2.26599994	8.18098000
2.26609994	8.18098000
2.26619994	8.18098000
2.26629994	8.18098000
2.26639994	8.18098000
2.26649994	8.18098000
2.26659994	8.18098000
2.26669994	8.18098000
2.26679994	8.18098000
2.26689994	8.18098000
2.26699994	8.27386800
2.26709994	8.18098000
2.26719994	8.18098000
2.26729994	8.18098000
2.26739994	8.18098000
2.26749994	8.18098000
2.26759994	8.18098000
2.26769994	8.18098000
2.26779994	8.18098000
2.26789994	8.18098000
2.26799994	8.18098000
2.26809994	8.18098000
2.26819994	8.18098000
2.26829994	8.18098000
2.26839994	8.18098000
2.26849994	8.18098000
2.26859994	8.18098000
2.26869994	8.18098000
2.26879994	8.18098000
2.26889994	8.18098000
2.26899994	8.18098000
2.26909994	8.18098000
2.26919994	8.18098000
2.26929994	8.18098000
2.26939994	8.18098000
2.26949994	8.18098000
2.26959994	8.18098000
2.26969994	8.18098000
2.26979994	8.18098000
2.26989994	8.18098000
2.26999994	8.18098000
2.27009994	8.18098000
2.27019994	8.18098000
2.27029994	8.18098000
2.27039994	8.18098000
2.27049994	8.18098000
2.27059994	8.18098000
2.27069994	8.18098000
2.27079994	8.18098000
2.27089994	8.18098000
2.27099994	8.18098000
2.27109994	8.18098000
2.27119994	8.18098000
2.27129994	8.27386800
2.27139994	8.18098000
2.27149994	8.18098000
2.27159994	8.18098000
2.27169994	8.18098000
2.27179994	8.18098000
2.27189994	8.18098000
2.27199994	8.18098000
2.27209994	8.18098000
2.27219994	8.18098000
2.27229994	8.18098000
2.27239994	8.18098000
2.27249994	8.18098000
2.27259994	8.18098000
2.27269994	8.18098000
2.27279994	8.18098000
2.27289994	8.18098000
2.27299994	8.18098000
2.27309994	8.18098000
2.27319994	8.18098000
2.27329994	8.18098000
2.27339994	8.18098000
2.27349994	8.18098000
2.27359994	8.18098000
2.27369994	8.27386800
2.27379994	8.27386800
2.27389994	8.18098000
2.27399994	8.18098000
2.27409994	8.18098000
2.27419994	8.18098000
2.27429994	8.18098000
2.27439994	8.18098000
2.27449994	8.18098000
2.27459994	8.18098000
2.27469994	8.18098000
2.27479994	8.18098000
2.27489994	8.18098000
2.27499994	8.18098000
2.27509994	8.18098000
2.27519994	8.18098000
2.27529994	8.18098000
2.27539994	8.18098000
2.27549994	8.18098000
2.27559994	8.18098000
2.27569994	8.18098000
2.27579994	8.18098000
2.27589994	8.18098000
2.27599994	8.18098000
2.27609994	8.18098000
2.27619994	8.18098000
2.27629994	8.18098000
2.27639994	8.18098000
2.27649994	8.18098000
2.27659994	8.18098000
2.27669994	8.18098000
2.27679994	8.18098000
2.27689994	8.18098000
2.27699994	8.18098000
2.27709994	8.18098000
2.27719994	8.18098000
2.27729994	8.18098000
2.27739994	8.18098000
2.27749994	8.18098000
2.27759994	8.18098000
2.27769994	8.18098000
2.27779994	8.18098000
2.27789994	8.18098000
2.27799994	8.18098000
2.27809994	8.18098000
2.27819994	8.18098000
2.27829994	8.18098000
2.27839994	8.18098000
2.27849994	8.18098000
2.27859994	8.18098000
2.27869994	8.18098000
2.27879994	8.18098000
2.27889994	8.18098000
2.27899994	8.18098000
2.27909994	8.18098000
2.27919994	8.18098000
2.27929994	8.18098000
2.27939994	8.08809100
2.27949994	8.18098000
2.27959994	8.18098000
2.27969994	8.18098000
2.27979994	8.08809100
2.27989994	8.08809100
2.27999994	8.08809100
2.28009994	8.18098000
2.28019994	8.08809100
2.28029994	8.08809100
2.28039994	8.08809100
2.28049994	8.08809100
2.28059994	8.18098000
2.28069994	8.08809100
2.28079994	8.08809100
2.28089994	8.08809100
2.28099994	8.08809100
2.28109994	8.08809100
2.28119994	8.08809100
2.28129994	8.08809100
2.28139994	8.08809100
2.28149994	8.08809100
2.28159994	8.08809100
2.28169994	8.08809100
2.28179994	8.08809100
2.28189994	8.08809100
2.28199994	8.08809100
2.28209994	8.08809100
2.28219994	8.08809100
2.28229994	8.08809100
2.28239994	8.08809100
2.28249994	8.08809100
2.28259994	8.08809100
2.28269994	8.08809100
2.28279994	8.08809100
2.28289994	8.08809100
2.28299994	8.08809100
2.28309994	8.08809100
2.28319994	7.99520200
2.28329994	8.08809100
2.28339994	7.99520200
2.28349994	7.99520200
2.28359994	7.99520200
2.28369994	7.99520200
2.28379994	7.99520200
2.28389994	7.99520200
2.28399994	7.99520200
2.28409994	7.99520200
2.28419994	7.99520200
2.28429994	7.99520200
2.28439994	7.99520200
2.28449994	7.99520200
2.28459994	7.99520200
2.28469994	7.99520200
2.28479994	7.99520200
2.28489994	7.99520200
2.28499994	7.99520200
2.28509994	7.99520200
2.28519994	7.99520200
2.28529994	7.99520200
2.28539994	7.99520200
2.28549994	7.90200500
2.28559994	7.99520200
2.28569994	7.99520200
2.28579994	7.90200500
2.28589994	7.99520200
2.28599994	7.99520200
2.28609994	7.90200500
2.28619994	7.90200500
2.28629994	7.90200500
2.28639994	7.90200500
2.28649994	7.90200500
2.28659994	7.90200500
2.28669994	7.90200500
2.28679994	7.90200500
2.28689994	7.90200500
2.28699994	7.90200500
2.28709994	7.90200500
2.28719994	7.90200500
2.28729994	7.90200500
2.28739994	7.90200500
2.28749994	7.90200500
2.28759994	7.90200500
2.28769994	7.90200500
2.28779994	7.90200500
2.28789994	7.90200500
2.28799994	7.90200500
2.28809994	7.90200500
2.28819994	7.90200500
2.28829994	7.90200500
2.28839994	7.90200500
2.28849994	7.90200500
2.28859994	7.90200500
2.28869994	7.90200500
2.28879994	7.90200500
2.28889994	7.90200500
2.28899994	7.90200500
2.28909994	7.90200500
2.28919994	7.90200500
2.28929994	7.90200500
2.28939994	7.90200500
2.28949994	7.90200500
2.28959994	7.90200500
2.28969994	7.90200500
2.28979994	7.90200500
2.28989994	7.90200500
2.28999994	7.90200500
2.29009994	7.90200500
2.29019994	7.90200500
2.29029994	7.90200500
2.29039994	7.90200500
2.29049994	7.90200500
2.29059994	7.90200500
2.29069994	7.90200500
2.29079994	7.90200500
2.29089994	7.90200500
2.29099994	7.90200500
2.29109994	7.90200500
2.29119994	7.90200500
2.29129994	7.90200500
2.29139994	7.90200500
2.29149994	7.90200500
2.29159994	7.90200500
2.29169994	7.90200500
2.29179994	7.90200500
2.29189994	7.90200500
2.29199994	7.90200500
2.29209994	7.90200500
2.29219994	7.90200500
2.29229994	7.90200500
2.29239994	7.90200500
2.29249994	7.90200500
2.29259994	7.90200500
2.29269994	7.90200500
2.29279994	7.90200500
2.29289994	7.90200500
2.29299994	7.90200500
2.29309994	7.90200500
2.29319994	7.90200500
2.29329994	7.90200500
2.29339994	7.90200500
2.29349994	7.99520200
2.29359994	7.90200500
2.29369994	7.90200500
2.29379994	7.90200500
2.29389994	7.90200500
2.29399994	7.99520200
2.29409994	7.90200500
2.29419994	7.99520200
2.29429994	7.99520200
2.29439994	7.99520200
2.29449994	7.90200500
2.29459994	7.99520200
2.29469994	7.99520200
2.29479994	7.90200500
2.29489994	7.99520200
2.29499994	7.90200500
2.29509994	7.90200500
2.29519994	7.99520200
2.29529994	7.90200500
2.29539994	7.99520200
2.29549994	7.99520200
2.29559994	7.99520200
2.29569994	7.99520200
2.29579994	7.99520200
2.29589994	7.90200500
2.29599994	7.99520200
2.29609994	7.99520200
2.29619994	7.90200500
2.29629994	7.99520200
2.29639994	7.99520200
2.29649994	7.99520200
2.29659994	7.99520200
2.29669994	7.90200500
2.29679994	7.99520200
2.29689994	7.90200500
2.29699994	7.90200500
2.29709994	7.90200500
2.29719994	7.90200500
2.29729994	7.90200500
2.29739994	7.90200500
2.29749994	7.99520200
2.29759994	7.90200500
2.29769994	7.90200500
2.29779994	7.90200500
2.29789994	7.90200500
2.29799994	7.90200500
2.29809994	7.90200500
2.29819994	7.90200500
2.29829994	7.99520200
2.29839994	7.90200500
2.29849994	7.90200500
2.29859994	7.99520200
2.29869994	7.90200500
2.29879994	7.99520200
2.29889994	7.99520200
2.29899994	7.90200500
2.29909994	7.90200500
2.29919994	7.90200500
2.29929994	7.90200500
2.29939994	7.90200500
2.29949994	7.90200500
2.29959994	7.90200500
2.29969994	7.90200500
2.29979994	7.90200500
2.29989994	7.90200500
2.29999994	7.90200500
2.30009994	7.90200500
2.30019994	7.90200500
2.30029994	7.90200500
2.30039994	7.90200500
2.30049994	7.90200500
2.30059994	7.90200500
2.30069994	7.90200500
2.30079994	7.90200500
2.30089994	7.90200500
2.30099994	7.90200500
2.30109994	7.90200500
2.30119994	7.90200500
2.30129994	7.90200500
2.30139994	7.90200500
2.30149994	7.90200500
2.30159994	7.90200500
2.30169994	7.90200500
2.30179994	7.90200500
2.30189994	7.90200500
2.30199994	7.90200500
2.30209994	7.90200500
2.30219994	7.80911700
2.30229994	7.90200500
2.30239994	7.80911700
2.30249994	7.80911700
2.30259994	7.90200500
2.30269994	7.80911700
2.30279994	7.80911700
2.30289994	7.80911700
2.30299994	7.90200500
2.30309994	7.80911700
2.30319994	7.80911700
2.30329994	7.80911700
2.30339994	7.80911700
2.30349994	7.80911700
2.30359994	7.80911700
2.30369994	7.80911700
2.30379994	7.80911700
2.30389994	7.80911700
2.30399994	7.80911700
2.30409994	7.80911700
2.30419994	7.80911700
2.30429994	7.80911700
2.30439994	7.80911700
2.30449994	7.80911700
2.30459994	7.80911700
2.30469994	7.80911700
2.30479994	7.71622800
2.30489994	7.71622800
2.30499994	7.80911700
2.30509994	7.80911700
2.30519994	7.71622800
2.30529994	7.71622800
2.30539994	7.71622800
2.30549994	7.80911700
2.30559994	7.71622800
2.30569994	7.71622800
2.30579994	7.71622800
2.30589994	7.71622800
2.30599994	7.71622800
2.30609994	7.71622800
2.30619994	7.71622800
2.30629994	7.71622800
2.30639994	7.71622800
2.30649994	7.71622800
2.30659994	7.71622800
2.30669994	7.62333900
2.30679994	7.71622800
2.30689994	7.71622800
2.30699994	7.71622800
2.30709994	7.71622800
2.30719994	7.71622800
2.30729994	7.71622800
2.30739994	7.71622800
2.30749994	7.71622800
2.30759994	7.71622800
2.30769994	7.71622800
2.30779994	7.71622800
2.30789994	7.71622800
2.30799994	7.71622800
2.30809994	7.62333900
2.30819994	7.71622800
2.30829994	7.71622800
2.30839994	7.62333900
2.30849994	7.71622800
2.30859994	7.62333900
2.30869994	7.71622800
2.30879994	7.62333900
2.30889994	7.62333900
2.30899994	7.62333900
2.30909994	7.62333900
2.30919994	7.62333900
2.30929994	7.62333900
2.30939994	7.62333900
2.30949994	7.62333900
2.30959994	7.71622800
2.30969994	7.62333900
2.30979994	7.62333900
2.30989994	7.62333900
2.30999994	7.62333900
2.31009994	7.62333900
2.31019994	7.71622800
2.31029994	7.62333900
2.31039994	7.62333900
2.31049994	7.62333900
2.31059994	7.62333900
2.31069994	7.62333900
2.31079994	7.62333900
2.31089994	7.62333900
2.31099994	7.62333900
2.31109994	7.62333900
2.31119994	7.62333900
2.31129994	7.62333900
2.31139994	7.71622800
2.31149994	7.71622800
2.31159994	7.62333900
2.31169994	7.62333900
2.31179994	7.71622800
2.31189994	7.62333900
2.31199994	7.62333900
2.31209994	7.62333900
2.31219994	7.62333900
2.31229994	7.62333900
2.31239994	7.62333900
2.31249994	7.62333900
2.31259994	7.71622800
2.31269994	7.71622800
2.31279994	7.71622800
2.31289994	7.62333900
2.31299994	7.62333900
2.31309994	7.62333900
2.31319994	7.62333900
2.31329994	7.71622800
2.31339994	7.62333900
2.31349994	7.62333900
2.31359994	7.62333900
2.31369994	7.62333900
2.31379994	7.62333900
2.31389994	7.62333900
2.31399994	7.71622800
2.31409994	7.71622800
2.31419994	7.71622800
2.31429994	7.62333900
2.31439994	7.71622800
2.31449994	7.71622800
2.31459994	7.62333900
2.31469994	7.71622800
2.31479994	7.62333900
2.31489994	7.71622800
2.31499994	7.62333900
2.31509994	7.71622800
2.31519994	7.62333900
2.31529994	7.62333900
2.31539994	7.71622800
2.31549994	7.71622800
2.31559994	7.62333900
2.31569994	7.62333900
2.31579994	7.62333900
2.31589994	7.71622800
2.31599994	7.62333900
2.31609994	7.62333900
2.31619994	7.62333900
2.31629994	7.62333900
2.31639994	7.62333900
2.31649994	7.62333900
2.31659994	7.62333900
2.31669994	7.62333900
2.31679994	7.62333900
2.31689994	7.62333900
2.31699994	7.62333900
2.31709994	7.62333900
2.31719994	7.62333900
2.31729994	7.62333900
2.31739994	7.62333900
2.31749994	7.62333900
2.31759994	7.62333900
2.31769994	7.62333900
2.31779994	7.62333900
2.31789994	7.62333900
2.31799994	7.62333900
2.31809994	7.62333900
2.31819994	7.62333900
2.31829994	7.62333900
2.31839994	7.62333900
2.31849994	7.62333900
2.31859994	7.62333900
2.31869994	7.62333900
2.31879994	7.62333900
2.31889994	7.62333900
2.31899994	7.62333900
2.31909994	7.62333900
2.31919994	7.62333900
2.31929994	7.62333900
2.31939994	7.62333900
2.31949994	7.62333900
2.31959994	7.62333900
2.31969994	7.62333900
2.31979994	7.62333900
2.31989994	7.62333900
2.31999994	7.62333900
2.32009994	7.53014300
2.32019994	7.62333900
2.32029994	7.62333900
2.32039994	7.62333900
2.32049994	7.62333900
2.32059994	7.62333900
2.32069994	7.62333900
2.32079994	7.62333900
2.32089994	7.62333900
2.32099994	7.62333900
2.32109994	7.62333900
2.32119994	7.62333900
2.32129994	7.53014300
2.32139994	7.62333900
2.32149994	7.62333900
2.32159994	7.62333900
2.32169994	7.62333900
2.32179994	7.62333900
2.32189994	7.62333900
2.32199994	7.62333900
2.32209994	7.53014300
2.32219994	7.62333900
2.32229994	7.62333900
2.32239994	7.53014300
2.32249994	7.53014300
2.32259994	7.62333900
2.32269994	7.53014300
2.32279994	7.53014300
2.32289994	7.53014300
2.32299994	7.53014300
2.32309994	7.53014300
2.32319994	7.53014300
2.32329994	7.53014300
2.32339994	7.53014300
2.32349994	7.53014300
2.32359994	7.53014300
2.32369994	7.53014300
2.32379994	7.53014300
2.32389994	7.53014300
2.32399994	7.53014300
2.32409994	7.53014300
2.32419994	7.53014300
2.32429994	7.53014300
2.32439994	7.53014300
2.32449994	7.53014300
2.32459994	7.53014300
2.32469994	7.53014300
2.32479994	7.53014300
2.32489994	7.53014300
2.32499994	7.53014300
2.32509994	7.53014300
2.32519994	7.53014300
2.32529994	7.53014300
2.32539994	7.53014300
2.32549994	7.53014300
2.32559994	7.53014300
2.32569994	7.53014300
2.32579994	7.53014300
2.32589994	7.53014300
2.32599994	7.53014300
2.32609994	7.53014300
2.32619994	7.43725400
2.32629994	7.43725400
2.32639994	7.43725400
2.32649994	7.43725400
2.32659994	7.43725400
2.32669994	7.43725400
2.32679994	7.43725400
2.32689994	7.43725400
2.32699994	7.43725400
2.32709994	7.43725400
2.32719994	7.43725400
2.32729994	7.43725400
2.32739994	7.43725400
2.32749994	7.43725400
2.32759994	7.43725400
2.32769994	7.43725400
2.32779994	7.43725400
2.32789994	7.43725400
2.32799994	7.43725400
2.32809994	7.43725400
2.32819994	7.43725400
2.32829994	7.43725400
2.32839994	7.43725400
2.32849994	7.43725400
2.32859994	7.43725400
2.32869994	7.43725400
2.32879994	7.43725400
2.32889994	7.43725400
2.32899994	7.43725400
2.32909994	7.43725400
2.32919994	7.43725400
2.32929994	7.43725400
2.32939994	7.43725400
2.32949994	7.43725400
2.32959994	7.43725400
2.32969994	7.43725400
2.32979994	7.43725400
2.32989994	7.43725400
2.32999994	7.43725400
2.33009994	7.34436500
2.33019994	7.43725400
2.33029994	7.43725400
2.33039994	7.43725400
2.33049994	7.43725400
2.33059994	7.34436500
2.33069994	7.43725400
2.33079994	7.43725400
2.33089994	7.34436500
2.33099994	7.34436500
2.33109994	7.43725400
2.33119994	7.43725400
2.33129994	7.34436500
2.33139994	7.43725400
2.33149994	7.43725400
2.33159994	7.43725400
2.33169994	7.34436500
2.33179994	7.34436500
2.33189994	7.43725400
2.33199994	7.34436500
2.33209994	7.43725400
2.33219994	7.34436500
2.33229994	7.43725400
2.33239994	7.34436500
2.33249994	7.43725400
2.33259994	7.34436500
2.33269994	7.34436500
2.33279994	7.34436500
2.33289994	7.34436500
2.33299994	7.34436500
2.33309994	7.34436500
2.33319994	7.43725400
2.33329994	7.34436500
2.33339994	7.34436500
2.33349994	7.34436500
2.33359994	7.34436500
2.33369994	7.34436500
2.33379994	7.34436500
2.33389994	7.34436500
2.33399994	7.34436500
2.33409994	7.34436500
2.33419994	7.34436500
2.33429994	7.34436500
2.33439994	7.34436500
2.33449994	7.34436500
2.33459994	7.34436500
2.33469994	7.34436500
2.33479994	7.34436500
2.33489994	7.34436500
2.33499994	7.34436500
2.33509994	7.34436500
2.33519994	7.34436500
2.33529994	7.34436500
2.33539994	7.34436500
2.33549994	7.34436500
2.33559994	7.34436500
2.33569994	7.34436500
2.33579994	7.34436500
2.33589994	7.34436500
2.33599994	7.34436500
2.33609994	7.34436500
2.33619994	7.34436500
2.33629994	7.34436500
2.33639994	7.34436500
2.33649994	7.34436500
2.33659994	7.34436500
2.33669994	7.34436500
2.33679994	7.34436500
2.33689994	7.34436500
2.33699994	7.34436500
2.33709994	7.34436500
2.33719994	7.34436500
2.33729994	7.34436500
2.33739994	7.34436500
2.33749994	7.34436500
2.33759994	7.34436500
2.33769994	7.34436500
2.33779994	7.34436500
2.33789994	7.34436500
2.33799994	7.34436500
2.33809994	7.34436500
2.33819994	7.34436500
2.33829994	7.34436500
2.33839994	7.34436500
2.33849994	7.34436500
2.33859994	7.25147600
2.33869994	7.34436500
2.33879994	7.34436500
2.33889994	7.25147600
2.33899994	7.34436500
2.33909994	7.34436500
2.33919994	7.34436500
2.33929994	7.25147600
2.33939994	7.34436500
2.33949994	7.25147600
2.33959994	7.34436500
2.33969994	7.34436500
2.33979994	7.34436500
2.33989994	7.25147600
2.33999994	7.34436500
2.34009994	7.34436500
2.34019994	7.25147600
2.34029994	7.25147600
2.34039994	7.34436500
2.34049994	7.25147600
2.34059994	7.25147600
2.34069994	7.34436500
2.34079994	7.25147600
2.34089994	7.25147600
2.34099994	7.25147600
2.34109994	7.25147600
2.34119994	7.25147600
2.34129994	7.25147600
2.34139994	7.25147600
2.34149994	7.25147600
2.34159994	7.25147600
2.34169994	7.25147600
2.34179994	7.25147600
2.34189994	7.25147600
2.34199994	7.25147600
2.34209994	7.25147600
2.34219994	7.25147600
2.34229994	7.25147600
2.34239994	7.25147600
2.34249994	7.25147600
2.34259994	7.25147600
2.34269994	7.25147600
2.34279994	7.25147600
2.34289994	7.25147600
2.34299994	7.25147600
2.34309994	7.25147600
2.34319994	7.25147600
2.34329994	7.25147600
2.34339994	7.25147600
2.34349994	7.15828000
2.34359994	7.15828000
2.34369994	7.15828000
2.34379994	7.25147600
2.34389994	7.25147600
2.34399994	7.25147600
2.34409994	7.25147600
2.34419994	7.25147600
2.34429994	7.15828000
2.34439994	7.25147600
2.34449994	7.15828000
2.34459994	7.15828000
2.34469994	7.15828000
2.34479994	7.15828000
2.34489994	7.15828000
2.34499994	7.15828000
2.34509994	7.15828000
2.34519994	7.15828000
2.34529994	7.15828000
2.34539994	7.15828000
2.34549994	7.15828000
2.34559994	7.15828000
2.34569994	7.15828000
2.34579994	7.15828000
2.34589994	7.15828000
2.34599994	7.15828000
2.34609994	7.15828000
2.34619994	7.15828000
2.34629994	7.15828000
2.34639994	7.15828000
2.34649994	7.15828000
2.34659994	7.15828000
2.34669994	7.15828000
2.34679994	7.15828000
2.34689994	7.15828000
2.34699994	7.15828000
2.34709994	7.15828000
2.34719994	7.15828000
2.34729994	7.15828000
2.34739994	7.06539100
2.34749994	7.06539100
2.34759994	7.15828000
2.34769994	7.06539100
2.34779994	7.15828000
2.34789994	7.06539100
2.34799994	7.06539100
2.34809994	7.06539100
2.34819994	7.15828000
2.34829994	7.15828000
2.34839994	7.06539100
2.34849994	7.06539100
2.34859994	7.15828000
2.34869994	7.15828000
2.34879994	7.06539100
2.34889994	7.15828000
2.34899994	7.15828000
2.34909994	7.06539100
2.34919994	7.15828000
2.34929994	7.15828000
2.34939994	7.15828000
2.34949994	7.15828000
2.34959994	7.15828000
2.34969994	7.15828000
2.34979994	7.15828000
2.34989994	7.15828000
2.34999994	7.15828000
2.35009994	7.15828000
2.35019994	7.15828000
2.35029994	7.15828000
2.35039994	7.06539100
2.35049994	7.15828000
2.35059994	7.15828000
2.35069994	7.15828000
2.35079994	7.15828000
2.35089994	7.15828000
2.35099994	7.15828000
2.35109994	7.15828000
2.35119994	7.15828000
2.35129994	7.15828000
2.35139994	7.15828000
2.35149994	7.15828000
2.35159994	7.15828000
2.35169994	7.15828000
2.35179994	7.15828000
2.35189994	7.15828000
2.35199994	7.06539100
2.35209994	7.06539100
2.35219994	7.15828000
2.35229994	7.15828000
2.35239994	7.06539100
2.35249994	7.15828000
2.35259994	7.06539100
2.35269994	7.06539100
2.35279994	7.06539100
2.35289994	7.06539100
2.35299994	7.15828000
2.35309994	7.06539100
2.35319994	7.06539100
2.35329994	7.06539100
2.35339994	7.06539100
2.35349994	7.06539100
2.35359994	7.06539100
2.35369994	7.06539100
2.35379994	7.06539100
2.35389994	7.06539100
2.35399994	7.06539100
2.35409994	7.06539100
2.35419994	7.06539100
2.35429994	7.06539100
2.35439994	7.06539100
2.35449994	7.06539100
2.35459994	7.06539100
2.35469994	7.06539100
2.35479994	7.06539100
2.35489994	7.06539100
2.35499994	7.06539100
2.35509994	7.06539100
2.35519994	7.06539100
2.35529994	7.06539100
2.35539994	7.06539100
2.35549994	7.06539100
2.35559994	7.06539100
2.35569994	7.06539100
2.35579994	7.06539100
2.35589994	7.06539100
2.35599994	7.06539100
2.35609994	7.06539100
2.35619994	7.06539100
2.35629994	7.06539100
2.35639994	7.06539100
2.35649994	7.06539100
2.35659994	7.06539100
2.35669994	7.06539100
2.35679994	7.06539100
2.35689994	7.06539100
2.35699994	7.06539100
2.35709994	6.97250200
2.35719994	7.06539100
2.35729994	7.06539100
2.35739994	7.06539100
2.35749994	7.06539100
2.35759994	7.06539100
2.35769994	6.97250200
2.35779994	6.97250200
2.35789994	6.97250200
2.35799994	6.97250200
2.35809994	6.97250200
2.35819994	7.06539100
2.35829994	6.97250200
2.35839994	7.06539100
2.35849994	6.97250200
2.35859994	6.97250200
2.35869994	6.97250200
2.35879994	7.06539100
2.35889994	6.97250200
2.35899994	6.97250200
2.35909994	6.97250200
2.35919994	6.97250200
2.35929994	6.97250200
2.35939994	6.97250200
2.35949994	6.97250200
2.35959994	6.97250200
2.35969994	6.97250200
2.35979994	6.97250200
2.35989994	6.97250200
2.35999994	6.97250200
2.36009994	6.97250200
2.36019994	6.97250200
2.36029994	6.97250200
2.36039994	6.97250200
2.36049994	6.97250200
2.36059994	6.97250200
2.36069994	6.97250200
2.36079994	6.97250200
2.36089994	6.97250200
2.36099994	6.97250200
2.36109994	6.97250200
2.36119994	6.97250200
2.36129994	6.97250200
2.36139994	6.97250200
2.36149994	6.97250200
2.36159994	6.97250200
2.36169994	6.97250200
2.36179994	6.97250200
2.36189994	6.97250200
2.36199994	6.97250200
2.36209994	6.97250200
2.36219994	6.97250200
2.36229994	6.87961400
2.36239994	6.97250200
2.36249994	6.97250200
2.36259994	6.97250200
2.36269994	6.97250200
2.36279994	6.97250200
2.36289994	6.87961400
2.36299994	6.97250200
2.36309994	6.87961400
2.36319994	6.87961400
2.36329994	6.87961400
2.36339994	6.87961400
2.36349994	6.87961400
2.36359994	6.87961400
2.36369994	6.87961400
2.36379994	6.87961400
2.36389994	6.87961400
2.36399994	6.87961400
2.36409994	6.87961400
2.36419994	6.87961400
2.36429994	6.87961400
2.36439994	6.87961400
2.36449994	6.87961400
2.36459994	6.87961400
2.36469994	6.87961400
2.36479994	6.87961400
2.36489994	6.87961400
2.36499994	6.87961400
2.36509994	6.87961400
2.36519994	6.87961400
2.36529994	6.87961400
2.36539994	6.87961400
2.36549994	6.87961400
2.36559994	6.87961400
2.36569994	6.87961400
2.36579994	6.87961400
2.36589994	6.87961400
2.36599994	6.87961400
2.36609994	6.87961400
2.36619994	6.87961400
2.36629994	6.87961400
2.36639994	6.78641700
2.36649994	6.87961400
2.36659994	6.78641700
2.36669994	6.87961400
2.36679994	6.87961400
2.36689994	6.87961400
2.36699994	6.87961400
2.36709994	6.78641700
2.36719994	6.87961400
2.36729994	6.87961400
2.36739994	6.78641700
2.36749994	6.87961400
2.36759994	6.87961400
2.36769994	6.87961400
2.36779994	6.87961400
2.36789994	6.78641700
2.36799994	6.78641700
2.36809994	6.78641700
2.36819994	6.78641700
2.36829994	6.87961400
2.36839994	6.78641700
2.36849994	6.78641700
2.36859994	6.78641700
2.36869994	6.87961400
2.36879994	6.87961400
2.36889994	6.87961400
2.36899994	6.78641700
2.36909994	6.78641700
2.36919994	6.78641700
2.36929994	6.87961400
2.36939994	6.78641700
2.36949994	6.78641700
2.36959994	6.78641700
2.36969994	6.78641700
2.36979994	6.78641700
2.36989994	6.78641700
2.36999994	6.78641700
2.37009994	6.78641700
2.37019994	6.78641700
2.37029994	6.78641700
2.37039994	6.78641700
2.37049994	6.78641700
2.37059994	6.78641700
2.37069994	6.87961400
2.37079994	6.78641700
2.37089994	6.78641700
2.37099994	6.78641700
2.37109994	6.78641700
2.37119994	6.78641700
2.37129994	6.78641700
2.37139994	6.87961400
2.37149994	6.78641700
2.37159994	6.78641700
2.37169994	6.87961400
2.37179994	6.78641700
2.37189994	6.78641700
2.37199994	6.87961400
2.37209994	6.87961400
2.37219994	6.78641700
2.37229994	6.78641700
2.37239994	6.87961400
2.37249994	6.78641700
2.37259994	6.87961400
2.37269994	6.78641700
2.37279994	6.87961400
2.37289994	6.87961400
2.37299994	6.87961400
2.37309994	6.87961400
2.37319994	6.87961400
2.37329994	6.87961400
2.37339994	6.87961400
2.37349994	6.87961400
2.37359994	6.87961400
2.37369994	6.87961400
2.37379994	6.87961400
2.37389994	6.87961400
2.37399994	6.87961400
2.37409994	6.87961400
2.37419994	6.87961400
2.37429994	6.87961400
2.37439994	6.87961400
2.37449994	6.87961400
2.37459994	6.87961400
2.37469994	6.87961400
2.37479994	6.87961400
2.37489994	6.87961400
2.37499994	6.87961400
2.37509994	6.87961400
2.37519994	6.87961400
2.37529994	6.87961400
2.37539994	6.87961400
2.37549994	6.78641700
2.37559994	6.87961400
2.37569994	6.78641700
2.37579994	6.78641700
2.37589994	6.87961400
2.37599994	6.78641700
2.37609994	6.78641700
2.37619994	6.78641700
2.37629994	6.78641700
2.37639994	6.87961400
2.37649994	6.78641700
2.37659994	6.78641700
2.37669994	6.78641700
2.37679994	6.78641700
2.37689994	6.78641700
2.37699994	6.78641700
2.37709994	6.78641700
2.37719994	6.78641700
2.37729994	6.78641700
2.37739994	6.78641700
2.37749994	6.78641700
2.37759994	6.78641700
2.37769994	6.78641700
2.37779994	6.78641700
2.37789994	6.78641700
2.37799994	6.78641700
2.37809994	6.78641700
2.37819994	6.78641700
2.37829994	6.78641700
2.37839994	6.78641700
2.37849994	6.78641700
2.37859994	6.78641700
2.37869994	6.78641700
2.37879994	6.78641700
2.37889994	6.78641700
2.37899994	6.78641700
2.37909994	6.78641700
2.37919994	6.78641700
2.37929994	6.78641700
2.37939994	6.78641700
2.37949994	6.69352900
2.37959994	6.78641700
2.37969994	6.78641700
2.37979994	6.69352900
2.37989994	6.78641700
2.37999994	6.78641700
2.38009994	6.78641700
2.38019994	6.78641700
2.38029994	6.69352900
2.38039994	6.78641700
2.38049994	6.69352900
2.38059994	6.69352900
2.38069994	6.69352900
2.38079994	6.69352900
2.38089994	6.69352900
2.38099994	6.69352900
2.38109994	6.69352900
2.38119994	6.69352900
2.38129994	6.69352900
2.38139994	6.69352900
2.38149994	6.69352900
2.38159994	6.69352900
2.38169994	6.69352900
2.38179994	6.69352900
2.38189994	6.69352900
2.38199994	6.69352900
2.38209994	6.69352900
2.38219994	6.69352900
2.38229994	6.69352900
2.38239994	6.69352900
2.38249994	6.60064000
2.38259994	6.60064000
2.38269994	6.69352900
2.38279994	6.60064000
2.38289994	6.60064000
2.38299994	6.60064000
2.38309994	6.60064000
2.38319994	6.60064000
2.38329994	6.60064000
2.38339994	6.60064000
2.38349994	6.60064000
2.38359994	6.60064000
2.38369994	6.60064000
2.38379994	6.60064000
2.38389994	6.60064000
2.38399994	6.60064000
2.38409994	6.60064000
2.38419994	6.60064000
2.38429994	6.60064000
2.38439994	6.60064000
2.38449994	6.60064000
2.38459994	6.60064000
2.38469994	6.50775100
2.38479994	6.50775100
2.38489994	6.60064000
2.38499994	6.50775100
2.38509994	6.50775100
2.38519994	6.50775100
2.38529994	6.50775100
2.38539994	6.60064000
2.38549994	6.50775100
2.38559994	6.50775100
2.38569994	6.50775100
2.38579994	6.50775100
2.38589994	6.50775100
2.38599994	6.50775100
2.38609994	6.50775100
2.38619994	6.50775100
2.38629994	6.50775100
2.38639994	6.50775100
2.38649994	6.50775100
2.38659994	6.50775100
2.38669994	6.50775100
2.38679994	6.50775100
2.38689994	6.50775100
2.38699994	6.50775100
2.38709994	6.50775100
2.38719994	6.50775100
2.38729994	6.50775100
2.38739994	6.50775100
2.38749994	6.50775100
2.38759994	6.50775100
2.38769994	6.50775100
2.38779994	6.50775100
2.38789994	6.50775100
2.38799994	6.50775100
2.38809994	6.50775100
2.38819994	6.50775100
2.38829994	6.50775100
2.38839994	6.50775100
2.38849994	6.50775100
2.38859994	6.50775100
2.38869994	6.50775100
2.38879994	6.50775100
2.38889994	6.50775100
2.38899994	6.50775100
2.38909994	6.50775100
2.38919994	6.50775100
2.38929994	6.50775100
2.38939994	6.50775100
2.38949994	6.41455500
2.38959994	6.50775100
2.38969994	6.50775100
2.38979994	6.50775100
2.38989994	6.50775100
2.38999994	6.50775100
2.39009994	6.50775100
2.39019994	6.50775100
2.39029994	6.50775100
2.39039994	6.50775100
2.39049994	6.50775100
2.39059994	6.50775100
2.39069994	6.50775100
2.39079994	6.50775100
2.39089994	6.50775100
2.39099994	6.50775100
2.39109994	6.50775100
2.39119994	6.50775100
2.39129994	6.50775100
2.39139994	6.50775100
2.39149994	6.50775100
2.39159994	6.50775100
2.39169994	6.50775100
2.39179994	6.50775100
2.39189994	6.50775100
2.39199994	6.50775100
2.39209994	6.50775100
2.39219994	6.50775100
2.39229994	6.50775100
2.39239994	6.50775100
2.39249994	6.50775100
2.39259994	6.50775100
2.39269994	6.50775100
2.39279994	6.50775100
2.39289994	6.50775100
2.39299994	6.50775100
2.39309994	6.50775100
2.39319994	6.50775100
2.39329994	6.60064000
2.39339994	6.50775100
2.39349994	6.50775100
2.39359994	6.50775100
2.39369994	6.50775100
2.39379994	6.60064000
2.39389994	6.50775100
2.39399994	6.50775100
2.39409994	6.50775100
2.39419994	6.50775100
2.39429994	6.50775100
2.39439994	6.50775100
2.39449994	6.50775100
2.39459994	6.50775100
2.39469994	6.50775100
2.39479994	6.50775100
2.39489994	6.50775100
2.39499994	6.50775100
2.39509994	6.50775100
2.39519994	6.50775100
2.39529994	6.50775100
2.39539994	6.50775100
2.39549994	6.50775100
2.39559994	6.50775100
2.39569994	6.50775100
2.39579994	6.50775100
2.39589994	6.50775100
2.39599994	6.50775100
2.39609994	6.50775100
2.39619994	6.50775100
2.39629994	6.50775100
2.39639994	6.50775100
2.39649994	6.50775100
2.39659994	6.50775100
2.39669994	6.50775100
2.39679994	6.50775100
2.39689994	6.50775100
2.39699994	6.50775100
2.39709994	6.50775100
2.39719994	6.60064000
2.39729994	6.50775100
2.39739994	6.50775100
2.39749994	6.50775100
2.39759994	6.50775100
2.39769994	6.50775100
2.39779994	6.50775100
2.39789994	6.50775100
2.39799994	6.50775100
2.39809994	6.50775100
2.39819994	6.50775100
2.39829994	6.60064000
2.39839994	6.50775100
2.39849994	6.50775100
2.39859994	6.50775100
2.39869994	6.50775100
2.39879994	6.50775100
2.39889994	6.50775100
2.39899994	6.50775100
2.39909994	6.50775100
2.39919994	6.50775100
2.39929994	6.50775100
2.39939994	6.50775100
2.39949994	6.50775100
2.39959994	6.50775100
2.39969994	6.50775100
2.39979994	6.50775100
2.39989994	6.50775100
2.39999994	6.50775100
2.40009994	6.50775100
2.40019994	6.50775100
2.40029994	6.50775100
2.40039994	6.50775100
2.40049994	6.50775100
2.40059994	6.50775100
2.40069994	6.50775100
2.40079994	6.50775100
2.40089994	6.50775100
2.40099994	6.50775100
2.40109994	6.50775100
2.40119994	6.50775100
2.40129994	6.50775100
2.40139994	6.50775100
2.40149994	6.50775100
2.40159994	6.41455500
2.40169994	6.41455500
2.40179994	6.41455500
2.40189994	6.41455500
2.40199994	6.50775100
2.40209994	6.41455500
2.40219994	6.41455500
2.40229994	6.41455500
2.40239994	6.41455500
2.40249994	6.41455500
2.40259994	6.41455500
2.40269994	6.41455500
2.40279994	6.41455500
2.40289994	6.41455500
2.40299994	6.41455500
2.40309994	6.41455500
2.40319994	6.41455500
2.40329994	6.41455500
2.40339994	6.41455500
2.40349994	6.41455500
2.40359994	6.41455500
2.40369994	6.41455500
2.40379994	6.32166600
2.40389994	6.32166600
2.40399994	6.32166600
2.40409994	6.41455500
2.40419994	6.32166600
2.40429994	6.32166600
2.40439994	6.32166600
2.40449994	6.32166600
2.40459994	6.32166600
2.40469994	6.32166600
2.40479994	6.32166600
2.40489994	6.32166600
2.40499994	6.32166600
2.40509994	6.32166600
2.40519994	6.32166600
2.40529994	6.32166600
2.40539994	6.32166600
2.40549994	6.32166600
2.40559994	6.32166600
2.40569994	6.32166600
2.40579994	6.32166600
2.40589994	6.32166600
2.40599994	6.22877700
2.40609994	6.22877700
2.40619994	6.22877700
2.40629994	6.22877700
2.40639994	6.32166600
2.40649994	6.22877700
2.40659994	6.22877700
2.40669994	6.22877700
2.40679994	6.22877700
2.40689994	6.32166600
2.40699994	6.22877700
2.40709994	6.22877700
2.40719994	6.22877700
2.40729994	6.22877700
2.40739994	6.22877700
2.40749994	6.22877700
2.40759994	6.22877700
2.40769994	6.22877700
2.40779994	6.22877700
2.40789994	6.22877700
2.40799994	6.22877700
2.40809994	6.22877700
2.40819994	6.22877700
2.40829994	6.22877700
2.40839994	6.22877700
2.40849994	6.22877700
2.40859994	6.32166600
2.40869994	6.22877700
2.40879994	6.22877700
2.40889994	6.22877700
2.40899994	6.22877700
2.40909994	6.22877700
2.40919994	6.22877700
2.40929994	6.22877700
2.40939994	6.22877700
2.40949994	6.22877700
2.40959994	6.22877700
2.40969994	6.22877700
2.40979994	6.22877700
2.40989994	6.22877700
2.40999994	6.22877700
2.41009994	6.22877700
2.41019994	6.22877700
2.41029994	6.22877700
2.41039994	6.22877700
2.41049994	6.22877700
2.41059994	6.22877700
2.41069994	6.22877700
2.41079994	6.22877700
2.41089994	6.22877700
2.41099994	6.22877700
2.41109994	6.22877700
2.41119994	6.22877700
2.41129994	6.22877700
2.41139994	6.22877700
2.41149994	6.22877700
2.41159994	6.22877700
2.41169994	6.22877700
2.41179994	6.22877700
2.41189994	6.22877700
2.41199994	6.22877700
2.41209994	6.22877700
2.41219994	6.22877700
2.41229994	6.22877700
2.41239994	6.22877700
2.41249994	6.22877700
2.41259994	6.32166600
2.41269994	6.22877700
2.41279994	6.22877700
2.41289994	6.22877700
2.41299994	6.22877700
2.41309994	6.22877700
2.41319994	6.22877700
2.41329994	6.22877700
2.41339994	6.22877700
2.41349994	6.22877700
2.41359994	6.22877700
2.41369994	6.22877700
2.41379994	6.22877700
2.41389994	6.22877700
2.41399994	6.22877700
2.41409994	6.22877700
2.41419994	6.22877700
2.41429994	6.22877700
2.41439994	6.22877700
2.41449994	6.22877700
2.41459994	6.32166600
2.41469994	6.22877700
2.41479994	6.22877700
2.41489994	6.22877700
2.41499994	6.22877700
2.41509994	6.22877700
2.41519994	6.22877700
2.41529994	6.22877700
2.41539994	6.22877700
2.41549994	6.22877700
2.41559994	6.22877700
2.41569994	6.22877700
2.41579994	6.22877700
2.41589994	6.22877700
2.41599994	6.22877700
2.41609994	6.22877700
2.41619994	6.22877700
2.41629994	6.22877700
2.41639994	6.22877700
2.41649994	6.22877700
2.41659994	6.22877700
2.41669994	6.22877700
2.41679994	6.22877700
2.41689994	6.22877700
2.41699994	6.22877700
2.41709994	6.22877700
2.41719994	6.22877700
2.41729994	6.22877700
2.41739994	6.22877700
2.41749994	6.22877700
2.41759994	6.22877700
2.41769994	6.22877700
2.41779994	6.22877700
2.41789994	6.22877700
2.41799994	6.32166600
2.41809994	6.22877700
2.41819994	6.22877700
2.41829994	6.22877700
2.41839994	6.22877700
2.41849994	6.22877700
2.41859994	6.22877700
2.41869994	6.22877700
2.41879994	6.32166600
2.41889994	6.22877700
2.41899994	6.22877700
2.41909994	6.22877700
2.41919994	6.22877700
2.41929994	6.22877700
2.41939994	6.22877700
2.41949994	6.22877700
2.41959994	6.22877700
2.41969994	6.22877700
2.41979994	6.22877700
2.41989994	6.22877700
2.41999994	6.22877700
2.42009994	6.22877700
2.42019994	6.22877700
2.42029994	6.22877700
2.42039994	6.22877700
2.42049994	6.22877700
2.42059994	6.22877700
2.42069994	6.22877700
2.42079994	6.22877700
2.42089994	6.22877700
2.42099994	6.22877700
2.42109994	6.22877700
2.42119994	6.22877700
2.42129994	6.22877700
2.42139994	6.22877700
2.42149994	6.22877700
2.42159994	6.22877700
2.42169994	6.22877700
2.42179994	6.22877700
2.42189994	6.22877700
2.42199994	6.22877700
2.42209994	6.22877700
2.42219994	6.22877700
2.42229994	6.22877700
2.42239994	6.22877700
2.42249994	6.22877700
2.42259994	6.22877700
2.42269994	6.22877700
2.42279994	6.22877700
2.42289994	6.22877700
2.42299994	6.22877700
2.42309994	6.22877700
2.42319994	6.22877700
2.42329994	6.22877700
2.42339994	6.22877700
2.42349994	6.22877700
2.42359994	6.13588800
2.42369994	6.22877700
2.42379994	6.22877700
2.42389994	6.22877700
2.42399994	6.22877700
2.42409994	6.22877700
2.42419994	6.22877700
2.42429994	6.22877700
2.42439994	6.22877700
2.42449994	6.13588800
2.42459994	6.13588800
2.42469994	6.22877700
2.42479994	6.13588800
2.42489994	6.13588800
2.42499994	6.13588800
2.42509994	6.13588800
2.42519994	6.13588800
2.42529994	6.13588800
2.42539994	6.13588800
2.42549994	6.13588800
2.42559994	6.13588800
2.42569994	6.13588800
2.42579994	6.13588800
2.42589994	6.13588800
2.42599994	6.13588800
2.42609994	6.13588800
2.42619994	6.13588800
2.42629994	6.13588800
2.42639994	6.13588800
2.42649994	6.13588800
2.42659994	6.13588800
2.42669994	6.13588800
2.42679994	6.13588800
2.42689994	6.13588800
2.42699994	6.13588800
2.42709994	6.13588800
2.42719994	6.04269200
2.42729994	6.04269200
2.42739994	6.13588800
2.42749994	6.04269200
2.42759994	6.13588800
2.42769994	6.13588800
2.42779994	6.04269200
2.42789994	6.04269200
2.42799994	6.04269200
2.42809994	6.13588800
2.42819994	6.04269200
2.42829994	6.04269200
2.42839994	6.13588800
2.42849994	6.04269200
2.42859994	6.04269200
2.42869994	6.04269200
2.42879994	6.13588800
2.42889994	6.04269200
2.42899994	6.04269200
2.42909994	6.04269200
2.42919994	6.04269200
2.42929994	6.04269200
2.42939994	6.04269200
2.42949994	6.04269200
2.42959994	6.04269200
2.42969994	6.04269200
2.42979994	6.04269200
2.42989994	6.04269200
2.42999994	6.04269200
2.43009994	6.04269200
2.43019994	6.04269200
2.43029994	6.04269200
2.43039994	6.04269200
2.43049994	6.04269200
2.43059994	6.04269200
2.43069994	6.04269200
2.43079994	6.04269200
2.43089994	6.04269200
2.43099994	6.04269200
2.43109994	6.04269200
2.43119994	6.04269200
2.43129994	6.04269200
2.43139994	6.04269200
2.43149994	6.04269200
2.43159994	6.04269200
2.43169994	6.04269200
2.43179994	6.04269200
2.43189994	6.04269200
2.43199994	6.04269200
2.43209994	6.04269200
2.43219994	6.04269200
2.43229994	6.04269200
2.43239994	6.04269200
2.43249994	6.04269200
2.43259994	6.04269200
2.43269994	6.04269200
2.43279994	6.04269200
2.43289994	6.04269200
2.43299994	6.04269200
2.43309994	6.04269200
2.43319994	6.04269200
2.43329994	6.04269200
2.43339994	6.04269200
2.43349994	5.94980300
2.43359994	6.04269200
2.43369994	6.04269200
2.43379994	6.04269200
2.43389994	6.04269200
2.43399994	6.04269200
2.43409994	5.94980300
2.43419994	6.04269200
2.43429994	6.04269200
2.43439994	6.04269200
2.43449994	6.04269200
2.43459994	6.04269200
2.43469994	6.04269200
2.43479994	6.04269200
2.43489994	6.04269200
2.43499994	5.94980300
2.43509994	6.04269200
2.43519994	5.94980300
2.43529994	6.04269200
2.43539994	6.04269200
2.43549994	6.04269200
2.43559994	5.94980300
2.43569994	6.04269200
2.43579994	6.04269200
2.43589994	6.04269200
2.43599994	6.04269200
2.43609994	6.04269200
2.43619994	6.04269200
2.43629994	5.94980300
2.43639994	6.04269200
2.43649994	6.04269200
2.43659994	6.04269200
2.43669994	6.04269200
2.43679994	6.04269200
2.43689994	6.04269200
2.43699994	6.04269200
2.43709994	6.04269200
2.43719994	6.04269200
2.43729994	6.04269200
2.43739994	6.04269200
2.43749994	6.04269200
2.43759994	6.04269200
2.43769994	6.04269200
2.43779994	6.04269200
2.43789994	6.04269200
2.43799994	6.04269200
2.43809994	6.04269200
2.43819994	6.04269200
2.43829994	6.04269200
2.43839994	6.04269200
2.43849994	6.04269200
2.43859994	6.04269200
2.43869994	6.04269200
2.43879994	6.04269200
2.43889994	6.04269200
2.43899994	6.04269200
2.43909994	6.04269200
2.43919994	6.04269200
2.43929994	6.04269200
2.43939994	6.04269200
2.43949994	6.04269200
2.43959994	6.04269200
2.43969994	6.04269200
2.43979994	6.04269200
2.43989994	6.04269200
2.43999994	6.04269200
2.44009994	6.04269200
2.44019994	6.04269200
2.44029994	6.04269200
2.44039994	6.04269200
2.44049994	6.04269200
2.44059994	6.04269200
2.44069994	6.04269200
2.44079994	6.04269200
2.44089994	6.04269200
2.44099994	5.94980300
2.44109994	5.94980300
2.44119994	6.04269200
2.44129994	6.04269200
2.44139994	6.04269200
2.44149994	6.04269200
2.44159994	5.94980300
2.44169994	6.04269200
2.44179994	6.04269200
2.44189994	6.04269200
2.44199994	6.04269200
2.44209994	5.94980300
2.44219994	6.04269200
2.44229994	5.94980300
2.44239994	5.94980300
2.44249994	5.94980300
2.44259994	6.04269200
2.44269994	6.04269200
2.44279994	6.04269200
2.44289994	5.94980300
2.44299994	6.04269200
2.44309994	6.04269200
2.44319994	5.94980300
2.44329994	5.94980300
2.44339994	5.94980300
2.44349994	5.94980300
2.44359994	5.94980300
2.44369994	5.94980300
2.44379994	5.94980300
2.44389994	5.94980300
2.44399994	5.94980300
2.44409994	6.04269200
2.44419994	5.94980300
2.44429994	5.94980300
2.44439994	5.94980300
2.44449994	5.94980300
2.44459994	5.94980300
2.44469994	5.94980300
2.44479994	5.94980300
2.44489994	5.94980300
2.44499994	5.94980300
2.44509994	5.94980300
2.44519994	5.94980300
2.44529994	5.94980300
2.44539994	5.94980300
2.44549994	5.94980300
2.44559994	5.94980300
2.44569994	5.94980300
2.44579994	5.94980300
2.44589994	5.94980300
2.44599994	5.94980300
2.44609994	5.94980300
2.44619994	5.94980300
2.44629994	5.94980300
2.44639994	5.94980300
2.44649994	5.94980300
2.44659994	5.94980300
2.44669994	5.94980300
2.44679994	5.94980300
2.44689994	5.85691500
2.44699994	5.94980300
2.44709994	5.94980300
2.44719994	5.94980300
2.44729994	5.94980300
2.44739994	5.94980300
2.44749994	5.94980300
2.44759994	5.94980300
2.44769994	5.94980300
2.44779994	5.94980300
2.44789994	5.94980300
2.44799994	5.94980300
2.44809994	5.94980300
2.44819994	5.94980300
2.44829994	5.94980300
2.44839994	5.94980300
2.44849994	5.94980300
2.44859994	5.94980300
2.44869994	5.94980300
2.44879994	5.94980300
2.44889994	5.85691500
2.44899994	5.94980300
2.44909994	5.85691500
2.44919994	5.94980300
2.44929994	5.94980300
2.44939994	5.94980300
2.44949994	5.94980300
2.44959994	5.94980300
2.44969994	5.94980300
2.44979994	5.94980300
2.44989994	5.94980300
2.44999994	5.94980300
2.45009994	5.94980300
2.45019994	5.94980300
2.45029994	5.94980300
2.45039994	5.94980300
2.45049994	5.94980300
2.45059994	5.85691500
2.45069994	5.94980300
2.45079994	5.94980300
2.45089994	5.94980300
2.45099994	5.94980300
2.45109994	5.94980300
2.45119994	5.94980300
2.45129994	5.94980300
2.45139994	5.94980300
2.45149994	5.94980300
2.45159994	5.85691500
2.45169994	5.94980300
2.45179994	5.94980300
2.45189994	5.85691500
2.45199994	5.85691500
2.45209994	5.85691500
2.45219994	5.94980300
2.45229994	5.85691500
2.45239994	5.94980300
2.45249994	5.85691500
2.45259994	5.94980300
2.45269994	5.85691500
2.45279994	5.94980300
2.45289994	5.94980300
2.45299994	5.85691500
2.45309994	5.94980300
2.45319994	5.94980300
2.45329994	5.85691500
2.45339994	5.85691500
2.45349994	5.85691500
2.45359994	5.85691500
2.45369994	5.85691500
2.45379994	5.85691500
2.45389994	5.85691500
2.45399994	5.94980300
2.45409994	5.85691500
2.45419994	5.85691500
2.45429994	5.85691500
2.45439994	5.85691500
2.45449994	5.85691500
2.45459994	5.85691500
2.45469994	5.85691500
2.45479994	5.85691500
2.45489994	5.85691500
2.45499994	5.85691500
2.45509994	5.85691500
2.45519994	5.85691500
2.45529994	5.85691500
2.45539994	5.85691500
2.45549994	5.85691500
2.45559994	5.85691500
2.45569994	5.85691500
2.45579994	5.85691500
2.45589994	5.85691500
2.45599994	5.85691500
2.45609994	5.85691500
2.45619994	5.85691500
2.45629994	5.85691500
2.45639994	5.85691500
2.45649994	5.85691500
2.45659994	5.85691500
2.45669994	5.85691500
2.45679994	5.85691500
2.45689994	5.85691500
2.45699994	5.85691500
2.45709994	5.85691500
2.45719994	5.85691500
2.45729994	5.85691500
2.45739994	5.85691500
2.45749994	5.85691500
2.45759994	5.85691500
2.45769994	5.85691500
2.45779994	5.85691500
2.45789994	5.85691500
2.45799994	5.85691500
2.45809994	5.85691500
2.45819994	5.85691500
2.45829994	5.85691500
2.45839994	5.85691500
2.45849994	5.85691500
2.45859994	5.85691500
2.45869994	5.76371800
2.45879994	5.85691500
2.45889994	5.85691500
2.45899994	5.85691500
2.45909994	5.85691500
2.45919994	5.85691500
2.45929994	5.85691500
2.45939994	5.85691500
2.45949994	5.85691500
2.45959994	5.85691500
2.45969994	5.85691500
2.45979994	5.85691500
2.45989994	5.85691500
2.45999994	5.85691500
2.46009994	5.85691500
2.46019994	5.85691500
2.46029994	5.76371800
2.46039994	5.85691500
2.46049994	5.76371800
2.46059994	5.85691500
2.46069994	5.85691500
2.46079994	5.85691500
2.46089994	5.85691500
2.46099994	5.85691500
2.46109994	5.85691500
2.46119994	5.85691500
2.46129994	5.85691500
2.46139994	5.85691500
2.46149994	5.76371800
2.46159994	5.85691500
2.46169994	5.85691500
2.46179994	5.85691500
2.46189994	5.85691500
2.46199994	5.85691500
2.46209994	5.85691500
2.46219994	5.85691500
2.46229994	5.85691500
2.46239994	5.76371800
2.46249994	5.85691500
2.46259994	5.85691500
2.46269994	5.76371800
2.46279994	5.85691500
2.46289994	5.76371800
2.46299994	5.85691500
2.46309994	5.85691500
2.46319994	5.85691500
2.46329994	5.76371800
2.46339994	5.85691500
2.46349994	5.85691500
2.46359994	5.85691500
2.46369994	5.76371800
2.46379994	5.76371800
2.46389994	5.85691500
2.46399994	5.76371800
2.46409994	5.76371800
2.46419994	5.85691500
2.46429994	5.76371800
2.46439994	5.76371800
2.46449994	5.76371800
2.46459994	5.76371800
2.46469994	5.76371800
2.46479994	5.76371800
2.46489994	5.76371800
2.46499994	5.76371800
2.46509994	5.76371800
2.46519994	5.76371800
2.46529994	5.76371800
2.46539994	5.76371800
2.46549994	5.76371800
2.46559994	5.76371800
2.46569994	5.76371800
2.46579994	5.76371800
2.46589994	5.76371800
2.46599994	5.76371800
2.46609994	5.76371800
2.46619994	5.76371800
2.46629994	5.76371800
2.46639994	5.76371800
2.46649994	5.76371800
2.46659994	5.76371800
2.46669994	5.76371800
2.46679994	5.76371800
2.46689994	5.76371800
2.46699994	5.76371800
2.46709994	5.76371800
2.46719994	5.76371800
2.46729994	5.76371800
2.46739994	5.76371800
2.46749994	5.76371800
2.46759994	5.76371800
2.46769994	5.76371800
2.46779994	5.76371800
2.46789994	5.76371800
2.46799994	5.76371800
2.46809994	5.76371800
2.46819994	5.76371800
2.46829994	5.76371800
2.46839994	5.76371800
2.46849994	5.76371800
2.46859994	5.85691500
2.46869994	5.76371800
2.46879994	5.76371800
2.46889994	5.76371800
2.46899994	5.76371800
2.46909994	5.76371800
2.46919994	5.76371800
2.46929994	5.76371800
2.46939994	5.76371800
2.46949994	5.76371800
2.46959994	5.76371800
2.46969994	5.76371800
2.46979994	5.76371800
2.46989994	5.76371800
2.46999994	5.76371800
2.47009994	5.76371800
2.47019994	5.76371800
2.47029994	5.76371800
2.47039994	5.76371800
2.47049994	5.76371800
2.47059994	5.76371800
2.47069994	5.76371800
2.47079994	5.76371800
2.47089994	5.76371800
2.47099994	5.76371800
2.47109994	5.76371800
2.47119994	5.76371800
2.47129994	5.76371800
2.47139994	5.76371800
2.47149994	5.76371800
2.47159994	5.76371800
2.47169994	5.76371800
2.47179994	5.76371800
2.47189994	5.76371800
2.47199994	5.76371800
2.47209994	5.76371800
2.47219994	5.76371800
2.47229994	5.76371800
2.47239994	5.76371800
2.47249994	5.76371800
2.47259994	5.76371800
2.47269994	5.76371800
2.47279994	5.76371800
2.47289994	5.76371800
2.47299994	5.76371800
2.47309994	5.76371800
2.47319994	5.76371800
2.47329994	5.76371800
2.47339994	5.76371800
2.47349994	5.76371800
2.47359994	5.76371800
2.47369994	5.76371800
2.47379994	5.76371800
2.47389994	5.76371800
2.47399994	5.76371800
2.47409994	5.76371800
2.47419994	5.76371800
2.47429994	5.76371800
2.47439994	5.76371800
2.47449994	5.76371800
2.47459994	5.76371800
2.47469994	5.76371800
2.47479994	5.76371800
2.47489994	5.76371800
2.47499994	5.76371800
2.47509994	5.76371800
2.47519994	5.76371800
2.47529994	5.76371800
2.47539994	5.76371800
2.47549994	5.76371800
2.47559994	5.76371800
2.47569994	5.76371800
2.47579994	5.76371800
2.47589994	5.76371800
2.47599994	5.76371800
2.47609994	5.76371800
2.47619994	5.76371800
2.47629994	5.76371800
2.47639994	5.76371800
2.47649994	5.76371800
2.47659994	5.76371800
2.47669994	5.76371800
2.47679994	5.76371800
2.47689994	5.76371800
2.47699994	5.76371800
2.47709994	5.76371800
2.47719994	5.76371800
2.47729994	5.76371800
2.47739994	5.76371800
2.47749994	5.76371800
2.47759994	5.76371800
2.47769994	5.76371800
2.47779994	5.76371800
2.47789994	5.76371800
2.47799994	5.76371800
2.47809994	5.76371800
2.47819994	5.76371800
2.47829994	5.76371800
2.47839994	5.76371800
2.47849994	5.76371800
2.47859994	5.76371800
2.47869994	5.76371800
2.47879994	5.76371800
2.47889994	5.76371800
2.47899994	5.76371800
2.47909994	5.76371800
2.47919994	5.76371800
2.47929994	5.76371800
2.47939994	5.76371800
2.47949994	5.76371800
2.47959994	5.76371800
2.47969994	5.76371800
2.47979994	5.67082900
2.47989994	5.76371800
2.47999994	5.76371800
2.48009994	5.76371800
2.48019994	5.76371800
2.48029994	5.76371800
2.48039994	5.76371800
2.48049994	5.76371800
2.48059994	5.76371800
2.48069994	5.76371800
2.48079994	5.76371800
2.48089994	5.76371800
2.48099994	5.76371800
2.48109994	5.67082900
2.48119994	5.76371800
2.48129994	5.76371800
2.48139994	5.76371800
2.48149994	5.76371800
2.48159994	5.76371800
2.48169994	5.67082900
2.48179994	5.76371800
2.48189994	5.76371800
2.48199994	5.67082900
2.48209994	5.67082900
2.48219994	5.67082900
2.48229994	5.67082900
2.48239994	5.76371800
2.48249994	5.67082900
2.48259994	5.67082900
2.48269994	5.67082900
2.48279994	5.76371800
2.48289994	5.76371800
2.48299994	5.76371800
2.48309994	5.76371800
2.48319994	5.67082900
2.48329994	5.67082900
2.48339994	5.67082900
2.48349994	5.76371800
2.48359994	5.67082900
2.48369994	5.67082900
2.48379994	5.67082900
2.48389994	5.67082900
2.48399994	5.76371800
2.48409994	5.67082900
2.48419994	5.67082900
2.48429994	5.76371800
2.48439994	5.67082900
2.48449994	5.67082900
2.48459994	5.67082900
2.48469994	5.67082900
2.48479994	5.67082900
2.48489994	5.67082900
2.48499994	5.67082900
2.48509994	5.67082900
2.48519994	5.76371800
2.48529994	5.67082900
2.48539994	5.67082900
2.48549994	5.67082900
2.48559994	5.67082900
2.48569994	5.67082900
2.48579994	5.67082900
2.48589994	5.67082900
2.48599994	5.67082900
2.48609994	5.67082900
2.48619994	5.67082900
2.48629994	5.67082900
2.48639994	5.67082900
2.48649994	5.67082900
2.48659994	5.67082900
2.48669994	5.67082900
2.48679994	5.67082900
2.48689994	5.67082900
2.48699994	5.67082900
2.48709994	5.67082900
2.48719994	5.67082900
2.48729994	5.67082900
2.48739994	5.67082900
2.48749994	5.67082900
2.48759994	5.67082900
2.48769994	5.67082900
2.48779994	5.67082900
2.48789994	5.67082900
2.48799994	5.67082900
2.48809994	5.67082900
2.48819994	5.67082900
2.48829994	5.67082900
2.48839994	5.67082900
2.48849994	5.67082900
2.48859994	5.67082900
2.48869994	5.67082900
2.48879994	5.67082900
2.48889994	5.67082900
2.48899994	5.67082900
2.48909994	5.67082900
2.48919994	5.67082900
2.48929994	5.67082900
2.48939994	5.67082900
2.48949994	5.67082900
2.48959994	5.67082900
2.48969994	5.67082900
2.48979994	5.67082900
2.48989994	5.67082900
2.48999994	5.67082900
2.49009994	5.67082900
2.49019994	5.67082900
2.49029994	5.67082900
2.49039994	5.67082900
2.49049994	5.67082900
2.49059994	5.67082900
2.49069994	5.67082900
2.49079994	5.67082900
2.49089994	5.67082900
2.49099994	5.67082900
2.49109994	5.67082900
2.49119994	5.67082900
2.49129994	5.67082900
2.49139994	5.67082900
2.49149994	5.67082900
2.49159994	5.67082900
2.49169994	5.67082900
2.49179994	5.67082900
2.49189994	5.67082900
2.49199994	5.67082900
2.49209994	5.67082900
2.49219994	5.67082900
2.49229994	5.67082900
2.49239994	5.67082900
2.49249994	5.67082900
2.49259994	5.67082900
2.49269994	5.67082900
2.49279994	5.67082900
2.49289994	5.67082900
2.49299994	5.67082900
2.49309994	5.67082900
2.49319994	5.67082900
2.49329994	5.67082900
2.49339994	5.67082900
2.49349994	5.67082900
2.49359994	5.67082900
2.49369994	5.67082900
2.49379994	5.67082900
2.49389994	5.67082900
2.49399994	5.67082900
2.49409994	5.67082900
2.49419994	5.67082900
2.49429994	5.67082900
2.49439994	5.67082900
2.49449994	5.67082900
2.49459994	5.67082900
2.49469994	5.67082900
2.49479994	5.67082900
2.49489994	5.67082900
2.49499994	5.67082900
2.49509994	5.67082900
2.49519994	5.67082900
2.49529994	5.67082900
2.49539994	5.67082900
2.49549994	5.67082900
2.49559994	5.67082900
2.49569994	5.67082900
2.49579994	5.67082900
2.49589994	5.67082900
2.49599994	5.67082900
2.49609994	5.67082900
2.49619994	5.67082900
2.49629994	5.67082900
2.49639994	5.67082900
2.49649994	5.67082900
2.49659994	5.67082900
2.49669994	5.67082900
2.49679994	5.67082900
2.49689994	5.67082900
2.49699994	5.67082900
2.49709994	5.67082900
2.49719994	5.67082900
2.49729994	5.67082900
2.49739994	5.67082900
2.49749994	5.67082900
2.49759994	5.67082900
2.49769994	5.67082900
2.49779994	5.67082900
2.49789994	5.67082900
2.49799994	5.67082900
2.49809994	5.67082900
2.49819994	5.67082900
2.49829994	5.67082900
2.49839994	5.67082900
2.49849994	5.67082900
2.49859994	5.67082900
2.49869994	5.67082900
2.49879994	5.67082900
2.49889994	5.67082900
2.49899994	5.67082900
2.49909994	5.67082900
2.49919994	5.67082900
2.49929994	5.67082900
2.49939994	5.67082900
2.49949994	5.67082900
2.49959994	5.67082900
2.49969994	5.67082900
2.49979994	5.67082900
2.49989994	5.67082900
2.49999994	5.67082900
2.50009994	5.67082900
2.50019994	5.67082900
2.50029994	5.67082900
2.50039994	5.67082900
2.50049994	5.67082900
2.50059994	5.67082900
2.50069994	5.67082900
2.50079994	5.67082900
2.50089994	5.67082900
2.50099994	5.67082900
2.50109994	5.67082900
2.50119994	5.67082900
2.50129994	5.67082900
2.50139994	5.67082900
2.50149994	5.67082900
2.50159994	5.67082900
2.50169994	5.67082900
2.50179994	5.67082900
2.50189994	5.67082900
2.50199994	5.67082900
2.50209994	5.67082900
2.50219994	5.67082900
2.50229994	5.67082900
2.50239994	5.67082900
2.50249994	5.67082900
2.50259994	5.67082900
2.50269994	5.67082900
2.50279994	5.67082900
2.50289994	5.67082900
2.50299994	5.67082900
2.50309994	5.67082900
2.50319994	5.67082900
2.50329994	5.67082900
2.50339994	5.67082900
2.50349994	5.67082900
2.50359994	5.67082900
2.50369994	5.67082900
2.50379994	5.67082900
2.50389994	5.57794000
2.50399994	5.67082900
2.50409994	5.67082900
2.50419994	5.67082900
2.50429994	5.67082900
2.50439994	5.67082900
2.50449994	5.67082900
2.50459994	5.67082900
2.50469994	5.57794000
2.50479994	5.67082900
2.50489994	5.67082900
2.50499994	5.67082900
2.50509994	5.67082900
2.50519994	5.67082900
2.50529994	5.57794000
2.50539994	5.67082900
2.50549994	5.67082900
2.50559994	5.67082900
2.50569994	5.67082900
2.50579994	5.67082900
2.50589994	5.67082900
2.50599994	5.67082900
2.50609994	5.67082900
2.50619994	5.67082900
2.50629994	5.57794000
2.50639994	5.57794000
2.50649994	5.67082900
2.50659994	5.57794000
2.50669994	5.67082900
2.50679994	5.57794000
2.50689994	5.67082900
2.50699994	5.67082900
2.50709994	5.67082900
2.50719994	5.67082900
2.50729994	5.57794000
2.50739994	5.67082900
2.50749994	5.67082900
2.50759994	5.67082900
2.50769994	5.57794000
2.50779994	5.67082900
2.50789994	5.57794000
2.50799994	5.67082900
2.50809994	5.67082900
2.50819994	5.57794000
2.50829994	5.67082900
2.50839994	5.67082900
2.50849994	5.67082900
2.50859994	5.67082900
2.50869994	5.67082900
2.50879994	5.57794000
2.50889994	5.67082900
2.50899994	5.57794000
2.50909994	5.67082900
2.50919994	5.67082900
2.50929994	5.67082900
2.50939994	5.57794000
2.50949994	5.67082900
2.50959994	5.67082900
2.50969994	5.67082900
2.50979994	5.67082900
2.50989994	5.57794000
2.50999994	5.57794000
2.51009994	5.67082900
2.51019994	5.57794000
2.51029994	5.57794000
2.51039994	5.57794000
2.51049994	5.57794000
2.51059994	5.67082900
2.51069994	5.57794000
2.51079994	5.67082900
2.51089994	5.57794000
2.51099994	5.67082900
2.51109994	5.57794000
2.51119994	5.57794000
2.51129994	5.57794000
2.51139994	5.67082900
2.51149994	5.57794000
2.51159994	5.57794000
2.51169994	5.57794000
2.51179994	5.67082900
2.51189994	5.67082900
2.51199994	5.57794000
2.51209994	5.67082900
2.51219994	5.67082900
2.51229994	5.57794000
2.51239994	5.57794000
2.51249994	5.57794000
2.51259994	5.57794000
2.51269994	5.57794000
2.51279994	5.57794000
2.51289994	5.67082900
2.51299994	5.57794000
2.51309994	5.57794000
2.51319994	5.67082900
2.51329994	5.57794000
2.51339994	5.67082900
2.51349994	5.67082900
2.51359994	5.57794000
2.51369994	5.57794000
2.51379994	5.67082900
2.51389994	5.67082900
2.51399994	5.67082900
2.51409994	5.57794000
2.51419994	5.57794000
2.51429994	5.67082900
2.51439994	5.67082900
2.51449994	5.57794000
2.51459994	5.57794000
2.51469994	5.67082900
2.51479994	5.67082900
2.51489994	5.57794000
2.51499994	5.57794000
2.51509994	5.57794000
2.51519994	5.57794000
2.51529994	5.57794000
2.51539994	5.57794000
2.51549994	5.57794000
2.51559994	5.57794000
2.51569994	5.67082900
2.51579994	5.57794000
2.51589994	5.57794000
2.51599994	5.67082900
2.51609994	5.67082900
2.51619994	5.67082900
2.51629994	5.57794000
2.51639994	5.67082900
2.51649994	5.67082900
2.51659994	5.67082900
2.51669994	5.67082900
2.51679994	5.67082900
2.51689994	5.67082900
2.51699994	5.67082900
2.51709994	5.57794000
2.51719994	5.67082900
2.51729994	5.67082900
2.51739994	5.67082900
2.51749994	5.57794000
2.51759994	5.67082900
2.51769994	5.67082900
2.51779994	5.57794000
2.51789994	5.67082900
2.51799994	5.67082900
2.51809994	5.57794000
2.51819994	5.67082900
2.51829994	5.67082900
2.51839994	5.57794000
2.51849994	5.67082900
2.51859994	5.67082900
2.51869994	5.67082900
2.51879994	5.67082900
2.51889994	5.67082900
2.51899994	5.57794000
2.51909994	5.67082900
2.51919994	5.67082900
2.51929994	5.67082900
2.51939994	5.57794000
2.51949994	5.67082900
2.51959994	5.57794000
2.51969994	5.67082900
2.51979994	5.67082900
2.51989994	5.67082900
2.51999994	5.67082900
2.52009994	5.67082900
2.52019994	5.57794000
2.52029994	5.67082900
2.52039994	5.57794000
2.52049994	5.67082900
2.52059994	5.67082900
2.52069994	5.57794000
2.52079994	5.57794000
2.52089994	5.57794000
2.52099994	5.67082900
2.52109994	5.67082900
2.52119994	5.57794000
2.52129994	5.67082900
2.52139994	5.67082900
2.52149994	5.67082900
2.52159994	5.57794000
2.52169994	5.67082900
2.52179994	5.67082900
2.52189994	5.67082900
2.52199994	5.57794000
2.52209994	5.67082900
2.52219994	5.67082900
2.52229994	5.67082900
2.52239994	5.57794000
2.52249994	5.57794000
2.52259994	5.57794000
2.52269994	5.57794000
2.52279994	5.67082900
2.52289994	5.57794000
2.52299994	5.67082900
2.52309994	5.67082900
2.52319994	5.57794000
2.52329994	5.67082900
2.52339994	5.57794000
2.52349994	5.57794000
2.52359994	5.67082900
2.52369994	5.57794000
2.52379994	5.67082900
2.52389994	5.67082900
2.52399994	5.67082900
2.52409994	5.57794000
2.52419994	5.67082900
2.52429994	5.67082900
2.52439994	5.67082900
2.52449994	5.57794000
2.52459994	5.67082900
2.52469994	5.67082900
2.52479994	5.57794000
2.52489994	5.67082900
2.52499994	5.67082900
2.52509994	5.67082900
2.52519994	5.57794000
2.52529994	5.67082900
2.52539994	5.67082900
2.52549994	5.57794000
2.52559994	5.57794000
2.52569994	5.67082900
2.52579994	5.57794000
2.52589994	5.67082900
2.52599994	5.57794000
2.52609994	5.67082900
2.52619994	5.67082900
2.52629994	5.67082900
2.52639994	5.57794000
2.52649994	5.67082900
2.52659994	5.57794000
2.52669994	5.67082900
2.52679994	5.67082900
2.52689994	5.67082900
2.52699994	5.67082900
2.52709994	5.67082900
2.52719994	5.67082900
2.52729994	5.57794000
2.52739994	5.67082900
2.52749994	5.67082900
2.52759994	5.67082900
2.52769994	5.57794000
2.52779994	5.57794000
2.52789994	5.67082900
2.52799994	5.67082900
2.52809994	5.67082900
2.52819994	5.67082900
2.52829994	5.67082900
2.52839994	5.67082900
2.52849994	5.67082900
2.52859994	5.67082900
2.52869994	5.67082900
2.52879994	5.67082900
2.52889994	5.67082900
2.52899994	5.67082900
2.52909994	5.67082900
2.52919994	5.57794000
2.52929994	5.67082900
2.52939994	5.67082900
2.52949994	5.67082900
2.52959994	5.57794000
2.52969994	5.67082900
2.52979994	5.57794000
2.52989994	5.67082900
2.52999994	5.67082900
2.53009994	5.67082900
2.53019994	5.67082900
2.53029994	5.67082900
2.53039994	5.57794000
2.53049994	5.57794000
2.53059994	5.67082900
2.53069994	5.57794000
2.53079994	5.67082900
2.53089994	5.67082900
2.53099994	5.67082900
2.53109994	5.67082900
2.53119994	5.57794000
2.53129994	5.67082900
2.53139994	5.67082900
2.53149994	5.67082900
2.53159994	5.57794000
2.53169994	5.57794000
2.53179994	5.67082900
2.53189994	5.67082900
2.53199994	5.67082900
2.53209994	5.57794000
2.53219994	5.57794000
2.53229994	5.67082900
2.53239994	5.67082900
2.53249994	5.67082900
2.53259994	5.67082900
2.53269994	5.67082900
2.53279994	5.67082900
2.53289994	5.67082900
2.53299994	5.67082900
2.53309994	5.67082900
2.53319994	5.67082900
2.53329994	5.57794000
2.53339994	5.67082900
2.53349994	5.57794000
2.53359994	5.67082900
2.53369994	5.67082900
2.53379994	5.67082900
2.53389994	5.67082900
2.53399994	5.67082900
2.53409994	5.67082900
2.53419994	5.67082900
2.53429994	5.67082900
2.53439994	5.57794000
2.53449994	5.67082900
2.53459994	5.67082900
2.53469994	5.67082900
2.53479994	5.67082900
2.53489994	5.67082900
2.53499994	5.67082900
2.53509994	5.67082900
2.53519994	5.67082900
2.53529994	5.67082900
2.53539994	5.67082900
2.53549994	5.67082900
2.53559994	5.67082900
2.53569994	5.67082900
2.53579994	5.67082900
2.53589994	5.67082900
2.53599994	5.67082900
2.53609994	5.67082900
2.53619994	5.57794000
2.53629994	5.57794000
2.53639994	5.67082900
2.53649994	5.67082900
2.53659994	5.67082900
2.53669994	5.67082900
2.53679994	5.67082900
2.53689994	5.67082900
2.53699994	5.67082900
2.53709994	5.67082900
2.53719994	5.67082900
2.53729994	5.67082900
2.53739994	5.67082900
2.53749994	5.57794000
2.53759994	5.67082900
2.53769994	5.67082900
2.53779994	5.67082900
2.53789994	5.67082900
2.53799994	5.67082900
2.53809994	5.67082900
2.53819994	5.67082900
2.53829994	5.67082900
2.53839994	5.67082900
2.53849994	5.67082900
2.53859994	5.67082900
2.53869994	5.67082900
2.53879994	5.67082900
2.53889994	5.67082900
2.53899994	5.67082900
2.53909994	5.67082900
2.53919994	5.67082900
2.53929994	5.67082900
2.53939994	5.67082900
2.53949994	5.67082900
2.53959994	5.67082900
2.53969994	5.67082900
2.53979994	5.67082900
2.53989994	5.67082900
2.53999994	5.67082900
2.54009994	5.67082900
2.54019994	5.67082900
2.54029994	5.67082900
2.54039994	5.67082900
2.54049994	5.57794000
2.54059994	5.67082900
2.54069994	5.67082900
2.54079994	5.57794000
2.54089994	5.57794000
2.54099994	5.67082900
2.54109994	5.67082900
2.54119994	5.67082900
2.54129994	5.57794000
2.54139994	5.67082900
2.54149994	5.57794000
2.54159994	5.67082900
2.54169994	5.67082900
2.54179994	5.67082900
2.54189994	5.67082900
2.54199994	5.67082900
2.54209994	5.57794000
2.54219994	5.57794000
2.54229994	5.67082900
2.54239994	5.67082900
2.54249994	5.67082900
2.54259994	5.67082900
2.54269994	5.67082900
2.54279994	5.67082900
2.54289994	5.67082900
2.54299994	5.67082900
2.54309994	5.67082900
2.54319994	5.57794000
2.54329994	5.67082900
2.54339994	5.67082900
2.54349994	5.67082900
2.54359994	5.67082900
2.54369994	5.67082900
2.54379994	5.67082900
2.54389994	5.67082900
2.54399994	5.67082900
2.54409994	5.57794000
2.54419994	5.67082900
2.54429994	5.67082900
2.54439994	5.67082900
2.54449994	5.67082900
2.54459994	5.67082900
2.54469994	5.67082900
2.54479994	5.67082900
2.54489994	5.67082900
2.54499994	5.67082900
2.54509994	5.67082900
2.54519994	5.67082900
2.54529994	5.67082900
2.54539994	5.67082900
2.54549994	5.67082900
2.54559994	5.67082900
2.54569994	5.67082900
2.54579994	5.67082900
2.54589994	5.67082900
2.54599994	5.67082900
2.54609994	5.67082900
2.54619994	5.67082900
2.54629994	5.67082900
2.54639994	5.67082900
2.54649994	5.67082900
2.54659994	5.67082900
2.54669994	5.67082900
2.54679994	5.67082900
2.54689994	5.67082900
2.54699994	5.67082900
2.54709994	5.67082900
2.54719994	5.67082900
2.54729994	5.67082900
2.54739994	5.67082900
2.54749994	5.67082900
2.54759994	5.67082900
2.54769994	5.67082900
2.54779994	5.67082900
2.54789994	5.67082900
2.54799994	5.67082900
2.54809994	5.67082900
2.54819994	5.67082900
2.54829994	5.67082900
2.54839994	5.67082900
2.54849994	5.67082900
2.54859994	5.67082900
2.54869994	5.67082900
2.54879994	5.67082900
2.54889994	5.67082900
2.54899994	5.67082900
2.54909994	5.67082900
2.54919994	5.67082900
2.54929994	5.67082900
2.54939994	5.67082900
2.54949994	5.67082900
2.54959994	5.67082900
2.54969994	5.67082900
2.54979994	5.67082900
2.54989994	5.67082900
2.54999994	5.67082900
2.55009994	5.67082900
2.55019994	5.67082900
2.55029994	5.67082900
2.55039994	5.67082900
2.55049994	5.67082900
2.55059994	5.67082900
2.55069994	5.67082900
2.55079994	5.67082900
2.55089994	5.67082900
2.55099994	5.67082900
2.55109994	5.67082900
2.55119994	5.67082900
2.55129994	5.67082900
2.55139994	5.67082900
2.55149994	5.67082900
2.55159994	5.67082900
2.55169994	5.67082900
2.55179994	5.67082900
2.55189994	5.67082900
2.55199994	5.67082900
2.55209994	5.67082900
2.55219994	5.67082900
2.55229994	5.67082900
2.55239994	5.67082900
2.55249994	5.67082900
2.55259994	5.67082900
2.55269994	5.67082900
2.55279994	5.67082900
2.55289994	5.67082900
2.55299994	5.67082900
2.55309994	5.67082900
2.55319994	5.67082900
2.55329994	5.67082900
2.55339994	5.67082900
2.55349994	5.67082900
2.55359994	5.67082900
2.55369994	5.67082900
2.55379994	5.67082900
2.55389994	5.67082900
2.55399994	5.67082900
2.55409994	5.67082900
2.55419994	5.67082900
2.55429994	5.67082900
2.55439994	5.67082900
2.55449994	5.67082900
2.55459994	5.67082900
2.55469994	5.67082900
2.55479994	5.67082900
2.55489994	5.67082900
2.55499994	5.67082900
2.55509994	5.67082900
2.55519994	5.67082900
2.55529994	5.67082900
2.55539994	5.67082900
2.55549994	5.67082900
2.55559994	5.67082900
2.55569994	5.67082900
2.55579994	5.67082900
2.55589994	5.67082900
2.55599994	5.67082900
2.55609994	5.67082900
2.55619994	5.67082900
2.55629994	5.67082900
2.55639994	5.67082900
2.55649994	5.67082900
2.55659994	5.67082900
2.55669994	5.67082900
2.55679994	5.67082900
2.55689994	5.67082900
2.55699994	5.67082900
2.55709994	5.67082900
2.55719994	5.67082900
2.55729994	5.67082900
2.55739994	5.67082900
2.55749994	5.67082900
2.55759994	5.67082900
2.55769994	5.67082900
2.55779994	5.67082900
2.55789994	5.67082900
2.55799994	5.67082900
2.55809994	5.67082900
2.55819994	5.67082900
2.55829994	5.67082900
2.55839994	5.67082900
2.55849994	5.67082900
2.55859994	5.67082900
2.55869994	5.67082900
2.55879994	5.67082900
2.55889994	5.67082900
2.55899994	5.67082900
2.55909994	5.67082900
2.55919994	5.67082900
2.55929994	5.67082900
2.55939994	5.67082900
2.55949994	5.67082900
2.55959994	5.67082900
2.55969994	5.67082900
2.55979994	5.67082900
2.55989994	5.67082900
2.55999994	5.67082900
2.56009994	5.67082900
2.56019994	5.67082900
2.56029994	5.67082900
2.56039994	5.76371800
2.56049994	5.67082900
2.56059994	5.67082900
2.56069994	5.67082900
2.56079994	5.76371800
2.56089994	5.67082900
2.56099994	5.67082900
2.56109994	5.67082900
2.56119994	5.67082900
2.56129994	5.67082900
2.56139994	5.67082900
2.56149994	5.67082900
2.56159994	5.67082900
2.56169994	5.67082900
2.56179994	5.67082900
2.56189994	5.76371800
2.56199994	5.67082900
2.56209994	5.67082900
2.56219994	5.76371800
2.56229994	5.67082900
2.56239994	5.76371800
2.56249994	5.76371800
2.56259994	5.76371800
2.56269994	5.67082900
2.56279994	5.67082900
2.56289994	5.67082900
2.56299994	5.67082900
2.56309994	5.67082900
2.56319994	5.67082900
2.56329994	5.76371800
2.56339994	5.76371800
2.56349994	5.67082900
2.56359994	5.67082900
2.56369994	5.67082900
2.56379994	5.67082900
2.56389994	5.67082900
2.56399994	5.67082900
2.56409994	5.76371800
2.56419994	5.67082900
2.56429994	5.76371800
2.56439994	5.76371800
2.56449994	5.76371800
2.56459994	5.67082900
2.56469994	5.76371800
2.56479994	5.67082900
2.56489994	5.76371800
2.56499994	5.76371800
2.56509994	5.76371800
2.56519994	5.76371800
2.56529994	5.76371800
2.56539994	5.76371800
2.56549994	5.76371800
2.56559994	5.76371800
2.56569994	5.76371800
2.56579994	5.76371800
2.56589994	5.76371800
2.56599994	5.67082900
2.56609994	5.76371800
2.56619994	5.76371800
2.56629994	5.76371800
2.56639994	5.76371800
2.56649994	5.76371800
2.56659994	5.76371800
2.56669994	5.76371800
2.56679994	5.76371800
2.56689994	5.76371800
2.56699994	5.76371800
2.56709994	5.76371800
2.56719994	5.76371800
2.56729994	5.76371800
2.56739994	5.76371800
2.56749994	5.76371800
2.56759994	5.76371800
2.56769994	5.76371800
2.56779994	5.76371800
2.56789994	5.76371800
2.56799994	5.76371800
2.56809994	5.76371800
2.56819994	5.76371800
2.56829994	5.76371800
2.56839994	5.76371800
2.56849994	5.76371800
2.56859994	5.76371800
2.56869994	5.76371800
2.56879994	5.76371800
2.56889994	5.76371800
2.56899994	5.76371800
2.56909994	5.76371800
2.56919994	5.76371800
2.56929994	5.76371800
2.56939994	5.76371800
2.56949994	5.76371800
2.56959994	5.76371800
2.56969994	5.76371800
2.56979994	5.76371800
2.56989994	5.76371800
2.56999994	5.76371800
2.57009994	5.76371800
2.57019994	5.76371800
2.57029994	5.76371800
2.57039994	5.76371800
2.57049994	5.76371800
2.57059994	5.76371800
2.57069994	5.76371800
2.57079994	5.67082900
2.57089994	5.76371800
2.57099994	5.76371800
2.57109994	5.76371800
2.57119994	5.67082900
2.57129994	5.76371800
2.57139994	5.76371800
2.57149994	5.76371800
2.57159994	5.76371800
2.57169994	5.76371800
2.57179994	5.76371800
2.57189994	5.76371800
2.57199994	5.76371800
2.57209994	5.76371800
2.57219994	5.76371800
2.57229994	5.76371800
2.57239994	5.76371800
2.57249994	5.76371800
2.57259994	5.76371800
2.57269994	5.76371800
2.57279994	5.76371800
2.57289994	5.76371800
2.57299994	5.76371800
2.57309993	5.76371800
2.57319993	5.76371800
2.57329993	5.76371800
2.57339993	5.76371800
2.57349993	5.76371800
2.57359993	5.67082900
2.57369993	5.76371800
2.57379993	5.76371800
2.57389993	5.76371800
2.57399993	5.76371800
2.57409993	5.76371800
2.57419993	5.76371800
2.57429993	5.76371800
2.57439993	5.76371800
2.57449993	5.76371800
2.57459993	5.76371800
2.57469993	5.76371800
2.57479993	5.76371800
2.57489993	5.76371800
2.57499993	5.76371800
2.57509993	5.76371800
2.57519993	5.76371800
2.57529993	5.76371800
2.57539993	5.76371800
2.57549993	5.76371800
2.57559993	5.76371800
2.57569993	5.76371800
2.57579993	5.76371800
2.57589993	5.76371800
2.57599993	5.76371800
2.57609993	5.76371800
2.57619993	5.76371800
2.57629993	5.76371800
2.57639993	5.76371800
2.57649993	5.76371800
2.57659993	5.76371800
2.57669993	5.76371800
2.57679993	5.76371800
2.57689993	5.76371800
2.57699993	5.76371800
2.57709993	5.76371800
2.57719993	5.76371800
2.57729993	5.76371800
2.57739993	5.76371800
2.57749993	5.76371800
2.57759993	5.76371800
2.57769993	5.76371800
2.57779993	5.76371800
2.57789993	5.76371800
2.57799993	5.76371800
2.57809993	5.76371800
2.57819993	5.76371800
2.57829993	5.76371800
2.57839993	5.76371800
2.57849993	5.76371800
2.57859993	5.76371800
2.57869993	5.76371800
2.57879993	5.76371800
2.57889993	5.76371800
2.57899993	5.76371800
2.57909993	5.76371800
2.57919993	5.76371800
2.57929993	5.76371800
2.57939993	5.76371800
2.57949993	5.76371800
2.57959993	5.76371800
2.57969993	5.76371800
2.57979993	5.76371800
2.57989993	5.76371800
2.57999993	5.76371800
2.58009993	5.76371800
2.58019993	5.76371800
2.58029993	5.76371800
2.58039993	5.76371800
2.58049993	5.76371800
2.58059993	5.76371800
2.58069993	5.76371800
2.58079993	5.76371800
2.58089993	5.76371800
2.58099993	5.76371800
2.58109993	5.76371800
2.58119993	5.76371800
2.58129993	5.76371800
2.58139993	5.76371800
2.58149993	5.67082900
2.58159993	5.76371800
2.58169993	5.76371800
2.58179993	5.76371800
2.58189993	5.76371800
2.58199993	5.76371800
2.58209993	5.76371800
2.58219993	5.76371800
2.58229993	5.76371800
2.58239993	5.76371800
2.58249993	5.76371800
2.58259993	5.76371800
2.58269993	5.76371800
2.58279993	5.76371800
2.58289993	5.76371800
2.58299993	5.76371800
2.58309993	5.76371800
2.58319993	5.76371800
2.58329993	5.76371800
2.58339993	5.76371800
2.58349993	5.76371800
2.58359993	5.76371800
2.58369993	5.76371800
2.58379993	5.76371800
2.58389993	5.76371800
2.58399993	5.85691500
2.58409993	5.76371800
2.58419993	5.76371800
2.58429993	5.76371800
2.58439993	5.76371800
2.58449993	5.85691500
2.58459993	5.76371800
2.58469993	5.76371800
2.58479993	5.85691500
2.58489993	5.85691500
2.58499993	5.85691500
2.58509993	5.85691500
2.58519993	5.85691500
2.58529993	5.85691500
2.58539993	5.85691500
2.58549993	5.85691500
2.58559993	5.85691500
2.58569993	5.85691500
2.58579993	5.76371800
2.58589993	5.85691500
2.58599993	5.85691500
2.58609993	5.85691500
2.58619993	5.85691500
2.58629993	5.85691500
2.58639993	5.85691500
2.58649993	5.85691500
2.58659993	5.85691500
2.58669993	5.85691500
2.58679993	5.85691500
2.58689993	5.85691500
2.58699993	5.85691500
2.58709993	5.85691500
2.58719993	5.85691500
2.58729993	5.85691500
2.58739993	5.85691500
2.58749993	5.85691500
2.58759993	5.85691500
2.58769993	5.85691500
2.58779993	5.85691500
2.58789993	5.85691500
2.58799993	5.85691500
2.58809993	5.85691500
2.58819993	5.85691500
2.58829993	5.85691500
2.58839993	5.85691500
2.58849993	5.85691500
2.58859993	5.85691500
2.58869993	5.85691500
2.58879993	5.85691500
2.58889993	5.85691500
2.58899993	5.85691500
2.58909993	5.85691500
2.58919993	5.85691500
2.58929993	5.85691500
2.58939993	5.85691500
2.58949993	5.85691500
2.58959993	5.85691500
2.58969993	5.85691500
2.58979993	5.85691500
2.58989993	5.85691500
2.58999993	5.85691500
2.59009993	5.85691500
2.59019993	5.85691500
2.59029993	5.85691500
2.59039993	5.85691500
2.59049993	5.85691500
2.59059993	5.85691500
2.59069993	5.85691500
2.59079993	5.85691500
2.59089993	5.85691500
2.59099993	5.85691500
2.59109993	5.85691500
2.59119993	5.85691500
2.59129993	5.85691500
2.59139993	5.85691500
2.59149993	5.85691500
2.59159993	5.85691500
2.59169993	5.85691500
2.59179993	5.85691500
2.59189993	5.85691500
2.59199993	5.85691500
2.59209993	5.85691500
2.59219993	5.85691500
2.59229993	5.85691500
2.59239993	5.85691500
2.59249993	5.85691500
2.59259993	5.85691500
2.59269993	5.85691500
2.59279993	5.85691500
2.59289993	5.85691500
2.59299993	5.85691500
2.59309993	5.85691500
2.59319993	5.85691500
2.59329993	5.85691500
2.59339993	5.85691500
2.59349993	5.85691500
2.59359993	5.85691500
2.59369993	5.85691500
2.59379993	5.85691500
2.59389993	5.85691500
2.59399993	5.85691500
2.59409993	5.85691500
2.59419993	5.85691500
2.59429993	5.85691500
2.59439993	5.85691500
2.59449993	5.85691500
2.59459993	5.85691500
2.59469993	5.85691500
2.59479993	5.85691500
2.59489993	5.85691500
2.59499993	5.85691500
2.59509993	5.85691500
2.59519993	5.85691500
2.59529993	5.85691500
2.59539993	5.85691500
2.59549993	5.94980300
2.59559993	5.85691500
2.59569993	5.85691500
2.59579993	5.85691500
2.59589993	5.85691500
2.59599993	5.85691500
2.59609993	5.85691500
2.59619993	5.85691500
2.59629993	5.94980300
2.59639993	5.85691500
2.59649993	5.85691500
2.59659993	5.85691500
2.59669993	5.85691500
2.59679993	5.85691500
2.59689993	5.85691500
2.59699993	5.85691500
2.59709993	5.85691500
2.59719993	5.85691500
2.59729993	5.85691500
2.59739993	5.85691500
2.59749993	5.85691500
2.59759993	5.94980300
2.59769993	5.85691500
2.59779993	5.85691500
2.59789993	5.85691500
2.59799993	5.94980300
2.59809993	5.85691500
2.59819993	5.85691500
2.59829993	5.85691500
2.59839993	5.94980300
2.59849993	5.85691500
2.59859993	5.85691500
2.59869993	5.85691500
2.59879993	5.94980300
2.59889993	5.85691500
2.59899993	5.85691500
2.59909993	5.85691500
2.59919993	5.85691500
2.59929993	5.85691500
2.59939993	5.85691500
2.59949993	5.85691500
2.59959993	5.85691500
2.59969993	5.85691500
2.59979993	5.94980300
2.59989993	5.85691500
2.59999993	5.85691500
2.60009993	5.94980300
2.60019993	5.94980300
2.60029993	5.85691500
2.60039993	5.85691500
2.60049993	5.85691500
2.60059993	5.85691500
2.60069993	5.85691500
2.60079993	5.85691500
2.60089993	5.85691500
2.60099993	5.85691500
2.60109993	5.85691500
2.60119993	5.85691500
2.60129993	5.85691500
2.60139993	5.85691500
2.60149993	5.85691500
2.60159993	5.85691500
2.60169993	5.85691500
2.60179993	5.85691500
2.60189993	5.85691500
2.60199993	5.85691500
2.60209993	5.85691500
2.60219993	5.85691500
2.60229993	5.85691500
2.60239993	5.85691500
2.60249993	5.85691500
2.60259993	5.85691500
2.60269993	5.85691500
2.60279993	5.85691500
2.60289993	5.85691500
2.60299993	5.85691500
2.60309993	5.85691500
2.60319993	5.85691500
2.60329993	5.85691500
2.60339993	5.94980300
2.60349993	5.85691500
2.60359993	5.94980300
2.60369993	5.85691500
2.60379993	5.94980300
2.60389993	5.94980300
2.60399993	5.85691500
2.60409993	5.94980300
2.60419993	5.94980300
2.60429993	5.94980300
2.60439993	5.94980300
2.60449993	5.85691500
2.60459993	5.94980300
2.60469993	5.94980300
2.60479993	5.85691500
2.60489993	5.94980300
2.60499993	5.94980300
2.60509993	5.94980300
2.60519993	5.94980300
2.60529993	5.94980300
2.60539993	5.94980300
2.60549993	5.94980300
2.60559993	5.94980300
2.60569993	5.94980300
2.60579993	5.94980300
2.60589993	5.94980300
2.60599993	5.94980300
2.60609993	5.94980300
2.60619993	5.94980300
2.60629993	5.94980300
2.60639993	5.94980300
2.60649993	5.94980300
2.60659993	5.94980300
2.60669993	5.94980300
2.60679993	5.94980300
2.60689993	5.94980300
2.60699993	5.94980300
2.60709993	5.94980300
2.60719993	5.94980300
2.60729993	5.94980300
2.60739993	5.94980300
2.60749993	5.94980300
2.60759993	5.94980300
2.60769993	6.04269200
2.60779993	5.94980300
2.60789993	5.94980300
2.60799993	6.04269200
2.60809993	5.94980300
2.60819993	5.94980300
2.60829993	5.94980300
2.60839993	5.94980300
2.60849993	5.94980300
2.60859993	5.94980300
2.60869993	5.94980300
2.60879993	5.94980300
2.60889993	5.94980300
2.60899993	5.94980300
2.60909993	6.04269200
2.60919993	6.04269200
2.60929993	6.04269200
2.60939993	6.04269200
2.60949993	6.04269200
2.60959993	6.04269200
2.60969993	6.04269200
2.60979993	6.04269200
2.60989993	6.04269200
2.60999993	6.04269200
2.61009993	6.04269200
2.61019993	6.04269200
2.61029993	6.04269200
2.61039993	6.04269200
2.61049993	5.94980300
2.61059993	6.04269200
2.61069993	6.04269200
2.61079993	6.04269200
2.61089993	6.04269200
2.61099993	6.04269200
2.61109993	6.04269200
2.61119993	6.04269200
2.61129993	6.04269200
2.61139993	6.04269200
2.61149993	6.04269200
2.61159993	6.04269200
2.61169993	6.04269200
2.61179993	6.04269200
2.61189993	6.04269200
2.61199993	6.04269200
2.61209993	6.04269200
2.61219993	6.04269200
2.61229993	6.04269200
2.61239993	6.04269200
2.61249993	6.04269200
2.61259993	6.04269200
2.61269993	6.04269200
2.61279993	6.04269200
2.61289993	6.04269200
2.61299993	6.04269200
2.61309993	6.04269200
2.61319993	6.04269200
2.61329993	6.04269200
2.61339993	6.04269200
2.61349993	6.04269200
2.61359993	6.04269200
2.61369993	6.04269200
2.61379993	6.04269200
2.61389993	6.04269200
2.61399993	6.04269200
2.61409993	6.04269200
2.61419993	6.04269200
2.61429993	6.04269200
2.61439993	6.04269200
2.61449993	6.04269200
2.61459993	6.04269200
2.61469993	6.04269200
2.61479993	6.04269200
2.61489993	6.04269200
2.61499993	6.04269200
2.61509993	6.04269200
2.61519993	6.04269200
2.61529993	6.04269200
2.61539993	6.04269200
2.61549993	6.04269200
2.61559993	6.04269200
2.61569993	6.04269200
2.61579993	6.04269200
2.61589993	6.04269200
2.61599993	6.04269200
2.61609993	6.04269200
2.61619993	6.04269200
2.61629993	6.04269200
2.61639993	6.04269200
2.61649993	6.04269200
2.61659993	6.04269200
2.61669993	6.04269200
2.61679993	6.04269200
2.61689993	6.04269200
2.61699993	6.04269200
2.61709993	6.04269200
2.61719993	6.04269200
2.61729993	6.04269200
2.61739993	6.04269200
2.61749993	6.04269200
2.61759993	6.04269200
2.61769993	6.04269200
2.61779993	6.04269200
2.61789993	6.04269200
2.61799993	6.04269200
2.61809993	6.04269200
2.61819993	6.04269200
2.61829993	6.04269200
2.61839993	6.04269200
2.61849993	6.04269200
2.61859993	5.94980300
2.61869993	6.04269200
2.61879993	6.04269200
2.61889993	6.04269200
2.61899993	6.04269200
2.61909993	6.04269200
2.61919993	6.04269200
2.61929993	6.04269200
2.61939993	6.04269200
2.61949993	6.04269200
2.61959993	6.04269200
2.61969993	6.04269200
2.61979993	6.04269200
2.61989993	5.94980300
2.61999993	6.04269200
2.62009993	6.04269200
2.62019993	6.04269200
2.62029993	6.04269200
2.62039993	6.04269200
2.62049993	5.94980300
2.62059993	5.94980300
2.62069993	6.04269200
2.62079993	6.04269200
2.62089993	6.04269200
2.62099993	6.04269200
2.62109993	6.04269200
2.62119993	6.04269200
2.62129993	6.04269200
2.62139993	6.04269200
2.62149993	6.04269200
2.62159993	6.04269200
2.62169993	6.04269200
2.62179993	6.04269200
2.62189993	6.04269200
2.62199993	6.04269200
2.62209993	6.04269200
2.62219993	6.04269200
2.62229993	6.04269200
2.62239993	6.04269200
2.62249993	5.94980300
2.62259993	6.04269200
2.62269993	6.04269200
2.62279993	5.94980300
2.62289993	6.04269200
2.62299993	6.04269200
2.62309993	6.04269200
2.62319993	6.04269200
2.62329993	6.04269200
2.62339993	6.04269200
2.62349993	6.04269200
2.62359993	6.04269200
2.62369993	6.04269200
2.62379993	6.04269200
2.62389993	6.04269200
2.62399993	6.13588800
2.62409993	6.04269200
2.62419993	6.04269200
2.62429993	6.04269200
2.62439993	6.04269200
2.62449993	6.04269200
2.62459993	6.04269200
2.62469993	6.04269200
2.62479993	6.04269200
2.62489993	6.04269200
2.62499993	6.04269200
2.62509993	6.04269200
2.62519993	6.13588800
2.62529993	6.04269200
2.62539993	6.13588800
2.62549993	6.04269200
2.62559993	6.04269200
2.62569993	6.04269200
2.62579993	6.04269200
2.62589993	6.04269200
2.62599993	6.13588800
2.62609993	6.13588800
2.62619993	6.13588800
2.62629993	6.13588800
2.62639993	6.04269200
2.62649993	6.13588800
2.62659993	6.13588800
2.62669993	6.04269200
2.62679993	6.13588800
2.62689993	6.13588800
2.62699993	6.13588800
2.62709993	6.13588800
2.62719993	6.04269200
2.62729993	6.13588800
2.62739993	6.13588800
2.62749993	6.13588800
2.62759993	6.13588800
2.62769993	6.13588800
2.62779993	6.13588800
2.62789993	6.13588800
2.62799993	6.13588800
2.62809993	6.13588800
2.62819993	6.13588800
2.62829993	6.13588800
2.62839993	6.13588800
2.62849993	6.13588800
2.62859993	6.13588800
2.62869993	6.13588800
2.62879993	6.13588800
2.62889993	6.13588800
2.62899993	6.13588800
2.62909993	6.13588800
2.62919993	6.13588800
2.62929993	6.13588800
2.62939993	6.13588800
2.62949993	6.13588800
2.62959993	6.13588800
2.62969993	6.13588800
2.62979993	6.13588800
2.62989993	6.13588800
2.62999993	6.13588800
2.63009993	6.13588800
2.63019993	6.13588800
2.63029993	6.13588800
2.63039993	6.13588800
2.63049993	6.13588800
2.63059993	6.13588800
2.63069993	6.13588800
2.63079993	6.13588800
2.63089993	6.13588800
2.63099993	6.13588800
2.63109993	6.13588800
2.63119993	6.13588800
2.63129993	6.13588800
2.63139993	6.13588800
2.63149993	6.13588800
2.63159993	6.13588800
2.63169993	6.13588800
2.63179993	6.13588800
2.63189993	6.13588800
2.63199993	6.13588800
2.63209993	6.13588800
2.63219993	6.13588800
2.63229993	6.22877700
2.63239993	6.13588800
2.63249993	6.22877700
2.63259993	6.13588800
2.63269993	6.22877700
2.63279993	6.13588800
2.63289993	6.13588800
2.63299993	6.13588800
2.63309993	6.13588800
2.63319993	6.22877700
2.63329993	6.22877700
2.63339993	6.22877700
2.63349993	6.22877700
2.63359993	6.22877700
2.63369993	6.22877700
2.63379993	6.22877700
2.63389993	6.22877700
2.63399993	6.22877700
2.63409993	6.22877700
2.63419993	6.22877700
2.63429993	6.22877700
2.63439993	6.13588800
2.63449993	6.22877700
2.63459993	6.22877700
2.63469993	6.22877700
2.63479993	6.22877700
2.63489993	6.22877700
2.63499993	6.22877700
2.63509993	6.22877700
2.63519993	6.22877700
2.63529993	6.22877700
2.63539993	6.22877700
2.63549993	6.22877700
2.63559993	6.22877700
2.63569993	6.22877700
2.63579993	6.22877700
2.63589993	6.22877700
2.63599993	6.22877700
2.63609993	6.22877700
2.63619993	6.22877700
2.63629993	6.22877700
2.63639993	6.22877700
2.63649993	6.22877700
2.63659993	6.22877700
2.63669993	6.22877700
2.63679993	6.22877700
2.63689993	6.22877700
2.63699993	6.22877700
2.63709993	6.22877700
2.63719993	6.22877700
2.63729993	6.22877700
2.63739993	6.22877700
2.63749993	6.22877700
2.63759993	6.22877700
2.63769993	6.22877700
2.63779993	6.22877700
2.63789993	6.22877700
2.63799993	6.22877700
2.63809993	6.22877700
2.63819993	6.22877700
2.63829993	6.22877700
2.63839993	6.22877700
2.63849993	6.22877700
2.63859993	6.22877700
2.63869993	6.22877700
2.63879993	6.22877700
2.63889993	6.22877700
2.63899993	6.22877700
2.63909993	6.22877700
2.63919993	6.22877700
2.63929993	6.22877700
2.63939993	6.22877700
2.63949993	6.22877700
2.63959993	6.22877700
2.63969993	6.22877700
2.63979993	6.22877700
2.63989993	6.22877700
2.63999993	6.22877700
2.64009993	6.22877700
2.64019993	6.22877700
2.64029993	6.22877700
2.64039993	6.22877700
2.64049993	6.22877700
2.64059993	6.22877700
2.64069993	6.22877700
2.64079993	6.22877700
2.64089993	6.22877700
2.64099993	6.22877700
2.64109993	6.22877700
2.64119993	6.22877700
2.64129993	6.13588800
2.64139993	6.22877700
2.64149993	6.22877700
2.64159993	6.13588800
2.64169993	6.13588800
2.64179993	6.22877700
2.64189993	6.13588800
2.64199993	6.22877700
2.64209993	6.22877700
2.64219993	6.22877700
2.64229993	6.13588800
2.64239993	6.13588800
2.64249993	6.22877700
2.64259993	6.13588800
2.64269993	6.13588800
2.64279993	6.13588800
2.64289993	6.13588800
2.64299993	6.13588800
2.64309993	6.22877700
2.64319993	6.13588800
2.64329993	6.22877700
2.64339993	6.13588800
2.64349993	6.13588800
2.64359993	6.22877700
2.64369993	6.22877700
2.64379993	6.22877700
2.64389993	6.13588800
2.64399993	6.22877700
2.64409993	6.13588800
2.64419993	6.13588800
2.64429993	6.13588800
2.64439993	6.22877700
2.64449993	6.22877700
2.64459993	6.22877700
2.64469993	6.13588800
2.64479993	6.22877700
2.64489993	6.22877700
2.64499993	6.22877700
2.64509993	6.22877700
2.64519993	6.22877700
2.64529993	6.22877700
2.64539993	6.22877700
2.64549993	6.22877700
2.64559993	6.22877700
2.64569993	6.22877700
2.64579993	6.22877700
2.64589993	6.22877700
2.64599993	6.22877700
2.64609993	6.22877700
2.64619993	6.22877700
2.64629993	6.22877700
2.64639993	6.22877700
2.64649993	6.22877700
2.64659993	6.22877700
2.64669993	6.22877700
2.64679993	6.22877700
2.64689993	6.22877700
2.64699993	6.22877700
2.64709993	6.22877700
2.64719993	6.22877700
2.64729993	6.22877700
2.64739993	6.22877700
2.64749993	6.22877700
2.64759993	6.22877700
2.64769993	6.22877700
2.64779993	6.22877700
2.64789993	6.22877700
2.64799993	6.22877700
2.64809993	6.22877700
2.64819993	6.22877700
2.64829993	6.22877700
2.64839993	6.22877700
2.64849993	6.22877700
2.64859993	6.22877700
2.64869993	6.32166600
2.64879993	6.32166600
2.64889993	6.22877700
2.64899993	6.22877700
2.64909993	6.22877700
2.64919993	6.22877700
2.64929993	6.22877700
2.64939993	6.32166600
2.64949993	6.22877700
2.64959993	6.32166600
2.64969993	6.32166600
2.64979993	6.32166600
2.64989993	6.32166600
2.64999993	6.32166600
2.65009993	6.32166600
2.65019993	6.32166600
2.65029993	6.32166600
2.65039993	6.32166600
2.65049993	6.32166600
2.65059993	6.32166600
2.65069993	6.32166600
2.65079993	6.32166600
2.65089993	6.32166600
2.65099993	6.32166600
2.65109993	6.32166600
2.65119993	6.32166600
2.65129993	6.32166600
2.65139993	6.32166600
2.65149993	6.32166600
2.65159993	6.32166600
2.65169993	6.32166600
2.65179993	6.32166600
2.65189993	6.32166600
2.65199993	6.32166600
2.65209993	6.32166600
2.65219993	6.32166600
2.65229993	6.32166600
2.65239993	6.32166600
2.65249993	6.32166600
2.65259993	6.32166600
2.65269993	6.32166600
2.65279993	6.32166600
2.65289993	6.32166600
2.65299993	6.32166600
2.65309993	6.32166600
2.65319993	6.32166600
2.65329993	6.32166600
2.65339993	6.32166600
2.65349993	6.32166600
2.65359993	6.32166600
2.65369993	6.32166600
2.65379993	6.32166600
2.65389993	6.32166600
2.65399993	6.32166600
2.65409993	6.32166600
2.65419993	6.32166600
2.65429993	6.32166600
2.65439993	6.32166600
2.65449993	6.32166600
2.65459993	6.32166600
2.65469993	6.32166600
2.65479993	6.32166600
2.65489993	6.32166600
2.65499993	6.32166600
2.65509993	6.32166600
2.65519993	6.32166600
2.65529993	6.32166600
2.65539993	6.32166600
2.65549993	6.32166600
2.65559993	6.32166600
2.65569993	6.32166600
2.65579993	6.32166600
2.65589993	6.32166600
2.65599993	6.32166600
2.65609993	6.32166600
2.65619993	6.32166600
2.65629993	6.41455500
2.65639993	6.32166600
2.65649993	6.41455500
2.65659993	6.41455500
2.65669993	6.41455500
2.65679993	6.41455500
2.65689993	6.41455500
2.65699993	6.41455500
2.65709993	6.41455500
2.65719993	6.41455500
2.65729993	6.32166600
2.65739993	6.41455500
2.65749993	6.41455500
2.65759993	6.41455500
2.65769993	6.32166600
2.65779993	6.41455500
2.65789993	6.41455500
2.65799993	6.41455500
2.65809993	6.41455500
2.65819993	6.41455500
2.65829993	6.41455500
2.65839993	6.41455500
2.65849993	6.41455500
2.65859993	6.41455500
2.65869993	6.41455500
2.65879993	6.41455500
2.65889993	6.41455500
2.65899993	6.41455500
2.65909993	6.41455500
2.65919993	6.41455500
2.65929993	6.41455500
2.65939993	6.41455500
2.65949993	6.41455500
2.65959993	6.41455500
2.65969993	6.41455500
2.65979993	6.41455500
2.65989993	6.41455500
2.65999993	6.41455500
2.66009993	6.41455500
2.66019993	6.41455500
2.66029993	6.41455500
2.66039993	6.41455500
2.66049993	6.41455500
2.66059993	6.41455500
2.66069993	6.41455500
2.66079993	6.41455500
2.66089993	6.41455500
2.66099993	6.41455500
2.66109993	6.41455500
2.66119993	6.41455500
2.66129993	6.41455500
2.66139993	6.41455500
2.66149993	6.41455500
2.66159993	6.41455500
2.66169993	6.41455500
2.66179993	6.41455500
2.66189993	6.41455500
2.66199993	6.41455500
2.66209993	6.41455500
2.66219993	6.41455500
2.66229993	6.41455500
2.66239993	6.41455500
2.66249993	6.41455500
2.66259993	6.41455500
2.66269993	6.41455500
2.66279993	6.41455500
2.66289993	6.41455500
2.66299993	6.41455500
2.66309993	6.41455500
2.66319993	6.41455500
2.66329993	6.41455500
2.66339993	6.41455500
2.66349993	6.41455500
2.66359993	6.41455500
2.66369993	6.41455500
2.66379993	6.41455500
2.66389993	6.41455500
2.66399993	6.41455500
2.66409993	6.41455500
2.66419993	6.41455500
2.66429993	6.41455500
2.66439993	6.41455500
2.66449993	6.41455500
2.66459993	6.41455500
2.66469993	6.41455500
2.66479993	6.41455500
2.66489993	6.41455500
2.66499993	6.41455500
2.66509993	6.41455500
2.66519993	6.41455500
2.66529993	6.41455500
2.66539993	6.41455500
2.66549993	6.41455500
2.66559993	6.41455500
2.66569993	6.41455500
2.66579993	6.41455500
2.66589993	6.41455500
2.66599993	6.41455500
2.66609993	6.41455500
2.66619993	6.41455500
2.66629993	6.41455500
2.66639993	6.41455500
2.66649993	6.41455500
2.66659993	6.41455500
2.66669993	6.41455500
2.66679993	6.41455500
2.66689993	6.41455500
2.66699993	6.41455500
2.66709993	6.41455500
2.66719993	6.41455500
2.66729993	6.41455500
2.66739993	6.41455500
2.66749993	6.41455500
2.66759993	6.41455500
2.66769993	6.41455500
2.66779993	6.41455500
2.66789993	6.41455500
2.66799993	6.41455500
2.66809993	6.41455500
2.66819993	6.41455500
2.66829993	6.41455500
2.66839993	6.41455500
2.66849993	6.41455500
2.66859993	6.41455500
2.66869993	6.41455500
2.66879993	6.50775100
2.66889993	6.50775100
2.66899993	6.41455500
2.66909993	6.50775100
2.66919993	6.50775100
2.66929993	6.50775100
2.66939993	6.41455500
2.66949993	6.50775100
2.66959993	6.50775100
2.66969993	6.41455500
2.66979993	6.50775100
2.66989993	6.50775100
2.66999993	6.50775100
2.67009993	6.50775100
2.67019993	6.50775100
2.67029993	6.41455500
2.67039993	6.50775100
2.67049993	6.50775100
2.67059993	6.50775100
2.67069993	6.50775100
2.67079993	6.50775100
2.67089993	6.50775100
2.67099993	6.50775100
2.67109993	6.50775100
2.67119993	6.50775100
2.67129993	6.50775100
2.67139993	6.50775100
2.67149993	6.50775100
2.67159993	6.50775100
2.67169993	6.50775100
2.67179993	6.50775100
2.67189993	6.50775100
2.67199993	6.50775100
2.67209993	6.50775100
2.67219993	6.50775100
2.67229993	6.50775100
2.67239993	6.50775100
2.67249993	6.50775100
2.67259993	6.50775100
2.67269993	6.50775100
2.67279993	6.50775100
2.67289993	6.50775100
2.67299993	6.50775100
2.67309993	6.50775100
2.67319993	6.50775100
2.67329993	6.50775100
2.67339993	6.50775100
2.67349993	6.50775100
2.67359993	6.50775100
2.67369993	6.50775100
2.67379993	6.50775100
2.67389993	6.50775100
2.67399993	6.50775100
2.67409993	6.50775100
2.67419993	6.50775100
2.67429993	6.50775100
2.67439993	6.50775100
2.67449993	6.50775100
2.67459993	6.50775100
2.67469993	6.50775100
2.67479993	6.50775100
2.67489993	6.50775100
2.67499993	6.50775100
2.67509993	6.50775100
2.67519993	6.50775100
2.67529993	6.50775100
2.67539993	6.50775100
2.67549993	6.50775100
2.67559993	6.50775100
2.67569993	6.50775100
2.67579993	6.50775100
2.67589993	6.50775100
2.67599993	6.50775100
2.67609993	6.60064000
2.67619993	6.60064000
2.67629993	6.50775100
2.67639993	6.60064000
2.67649993	6.50775100
2.67659993	6.50775100
2.67669993	6.60064000
2.67679993	6.50775100
2.67689993	6.50775100
2.67699993	6.50775100
2.67709993	6.60064000
2.67719993	6.50775100
2.67729993	6.50775100
2.67739993	6.50775100
2.67749993	6.50775100
2.67759993	6.50775100
2.67769993	6.50775100
2.67779993	6.50775100
2.67789993	6.50775100
2.67799993	6.50775100
2.67809993	6.60064000
2.67819993	6.50775100
2.67829993	6.50775100
2.67839993	6.60064000
2.67849993	6.50775100
2.67859993	6.50775100
2.67869993	6.60064000
2.67879993	6.50775100
2.67889993	6.50775100
2.67899993	6.60064000
2.67909993	6.50775100
2.67919993	6.60064000
2.67929993	6.50775100
2.67939993	6.50775100
2.67949993	6.50775100
2.67959993	6.50775100
2.67969993	6.50775100
2.67979993	6.60064000
2.67989993	6.50775100
2.67999993	6.50775100
2.68009993	6.50775100
2.68019993	6.50775100
2.68029993	6.50775100
2.68039993	6.50775100
2.68049993	6.50775100
2.68059993	6.60064000
2.68069993	6.50775100
2.68079993	6.50775100
2.68089993	6.50775100
2.68099993	6.50775100
2.68109993	6.50775100
2.68119993	6.50775100
2.68129993	6.50775100
2.68139993	6.50775100
2.68149993	6.50775100
2.68159993	6.50775100
2.68169993	6.50775100
2.68179993	6.60064000
2.68189993	6.60064000
2.68199993	6.50775100
2.68209993	6.50775100
2.68219993	6.60064000
2.68229993	6.50775100
2.68239993	6.50775100
2.68249993	6.60064000
2.68259993	6.50775100
2.68269993	6.60064000
2.68279993	6.50775100
2.68289993	6.60064000
2.68299993	6.60064000
2.68309993	6.50775100
2.68319993	6.60064000
2.68329993	6.50775100
2.68339993	6.60064000
2.68349993	6.60064000
2.68359993	6.60064000
2.68369993	6.60064000
2.68379993	6.60064000
2.68389993	6.60064000
2.68399993	6.60064000
2.68409993	6.60064000
2.68419993	6.60064000
2.68429993	6.60064000
2.68439993	6.60064000
2.68449993	6.60064000
2.68459993	6.60064000
2.68469993	6.60064000
2.68479993	6.60064000
2.68489993	6.60064000
2.68499993	6.60064000
2.68509993	6.60064000
2.68519993	6.69352900
2.68529993	6.60064000
2.68539993	6.60064000
2.68549993	6.60064000
2.68559993	6.60064000
2.68569993	6.60064000
2.68579993	6.60064000
2.68589993	6.69352900
2.68599993	6.69352900
2.68609993	6.60064000
2.68619993	6.69352900
2.68629993	6.69352900
2.68639993	6.69352900
2.68649993	6.69352900
2.68659993	6.60064000
2.68669993	6.60064000
2.68679993	6.69352900
2.68689993	6.69352900
2.68699993	6.69352900
2.68709993	6.60064000
2.68719993	6.69352900
2.68729993	6.69352900
2.68739993	6.69352900
2.68749993	6.69352900
2.68759993	6.69352900
2.68769993	6.69352900
2.68779993	6.69352900
2.68789993	6.69352900
2.68799993	6.69352900
2.68809993	6.69352900
2.68819993	6.69352900
2.68829993	6.69352900
2.68839993	6.69352900
2.68849993	6.69352900
2.68859993	6.69352900
2.68869993	6.69352900
2.68879993	6.69352900
2.68889993	6.69352900
2.68899993	6.69352900
2.68909993	6.69352900
2.68919993	6.69352900
2.68929993	6.69352900
2.68939993	6.69352900
2.68949993	6.69352900
2.68959993	6.69352900
2.68969993	6.69352900
2.68979993	6.69352900
2.68989993	6.69352900
2.68999993	6.69352900
2.69009993	6.69352900
2.69019993	6.69352900
2.69029993	6.69352900
2.69039993	6.69352900
2.69049993	6.69352900
2.69059993	6.69352900
2.69069993	6.69352900
2.69079993	6.69352900
2.69089993	6.69352900
2.69099993	6.69352900
2.69109993	6.69352900
2.69119993	6.69352900
2.69129993	6.69352900
2.69139993	6.69352900
2.69149993	6.69352900
2.69159993	6.69352900
2.69169993	6.69352900
2.69179993	6.69352900
2.69189993	6.69352900
2.69199993	6.69352900
2.69209993	6.69352900
2.69219993	6.69352900
2.69229993	6.69352900
2.69239993	6.69352900
2.69249993	6.69352900
2.69259993	6.69352900
2.69269993	6.69352900
2.69279993	6.69352900
2.69289993	6.69352900
2.69299993	6.69352900
2.69309993	6.69352900
2.69319993	6.69352900
2.69329993	6.69352900
2.69339993	6.69352900
2.69349993	6.69352900
2.69359993	6.69352900
2.69369993	6.69352900
2.69379993	6.69352900
2.69389993	6.69352900
2.69399993	6.69352900
2.69409993	6.69352900
2.69419993	6.69352900
2.69429993	6.69352900
2.69439993	6.69352900
2.69449993	6.69352900
2.69459993	6.69352900
2.69469993	6.69352900
2.69479993	6.69352900
2.69489993	6.78641700
2.69499993	6.69352900
2.69509993	6.69352900
2.69519993	6.69352900
2.69529993	6.78641700
2.69539993	6.69352900
2.69549993	6.78641700
2.69559993	6.78641700
2.69569993	6.78641700
2.69579993	6.78641700
2.69589993	6.78641700
2.69599993	6.69352900
2.69609993	6.78641700
2.69619993	6.78641700
2.69629993	6.78641700
2.69639993	6.69352900
2.69649993	6.78641700
2.69659993	6.78641700
2.69669993	6.78641700
2.69679993	6.78641700
2.69689993	6.78641700
2.69699993	6.78641700
2.69709993	6.78641700
2.69719993	6.78641700
2.69729993	6.78641700
2.69739993	6.78641700
2.69749993	6.78641700
2.69759993	6.78641700
2.69769993	6.78641700
2.69779993	6.78641700
2.69789993	6.78641700
2.69799993	6.78641700
2.69809993	6.78641700
2.69819993	6.78641700
2.69829993	6.78641700
2.69839993	6.78641700
2.69849993	6.78641700
2.69859993	6.78641700
2.69869993	6.78641700
2.69879993	6.78641700
2.69889993	6.78641700
2.69899993	6.78641700
2.69909993	6.78641700
2.69919993	6.78641700
2.69929993	6.78641700
2.69939993	6.78641700
2.69949993	6.78641700
2.69959993	6.78641700
2.69969993	6.78641700
2.69979993	6.78641700
2.69989993	6.78641700
2.69999993	6.78641700
2.70009993	6.78641700
2.70019993	6.78641700
2.70029993	6.69352900
2.70039993	6.78641700
2.70049993	6.78641700
2.70059993	6.78641700
2.70069993	6.78641700
2.70079993	6.78641700
2.70089993	6.78641700
2.70099993	6.69352900
2.70109993	6.78641700
2.70119993	6.69352900
2.70129993	6.78641700
2.70139993	6.78641700
2.70149993	6.69352900
2.70159993	6.78641700
2.70169993	6.69352900
2.70179993	6.69352900
2.70189993	6.78641700
2.70199993	6.69352900
2.70209993	6.69352900
2.70219993	6.78641700
2.70229993	6.78641700
2.70239993	6.69352900
2.70249993	6.78641700
2.70259993	6.69352900
2.70269993	6.69352900
2.70279993	6.69352900
2.70289993	6.69352900
2.70299993	6.69352900
2.70309993	6.69352900
2.70319993	6.69352900
2.70329993	6.69352900
2.70339993	6.69352900
2.70349993	6.69352900
2.70359993	6.69352900
2.70369993	6.69352900
2.70379993	6.69352900
2.70389993	6.69352900
2.70399993	6.69352900
2.70409993	6.69352900
2.70419993	6.69352900
2.70429993	6.69352900
2.70439993	6.69352900
2.70449993	6.78641700
2.70459993	6.69352900
2.70469993	6.69352900
2.70479993	6.78641700
2.70489993	6.78641700
2.70499993	6.78641700
2.70509993	6.78641700
2.70519993	6.78641700
2.70529993	6.78641700
2.70539993	6.78641700
2.70549993	6.78641700
2.70559993	6.78641700
2.70569993	6.78641700
2.70579993	6.78641700
2.70589993	6.78641700
2.70599993	6.78641700
2.70609993	6.78641700
2.70619993	6.78641700
2.70629993	6.78641700
2.70639993	6.78641700
2.70649993	6.78641700
2.70659993	6.78641700
2.70669993	6.78641700
2.70679993	6.78641700
2.70689993	6.78641700
2.70699993	6.78641700
2.70709993	6.78641700
2.70719993	6.78641700
2.70729993	6.78641700
2.70739993	6.87961400
2.70749993	6.87961400
2.70759993	6.87961400
2.70769993	6.87961400
2.70779993	6.87961400
2.70789993	6.87961400
2.70799993	6.87961400
2.70809993	6.87961400
2.70819993	6.87961400
2.70829993	6.87961400
2.70839993	6.87961400
2.70849993	6.87961400
2.70859993	6.87961400
2.70869993	6.87961400
2.70879993	6.87961400
2.70889993	6.87961400
2.70899993	6.87961400
2.70909993	6.87961400
2.70919993	6.87961400
2.70929993	6.87961400
2.70939993	6.87961400
2.70949993	6.87961400
2.70959993	6.87961400
2.70969993	6.87961400
2.70979993	6.87961400
2.70989993	6.87961400
2.70999993	6.87961400
2.71009993	6.87961400
2.71019993	6.97250200
2.71029993	6.87961400
2.71039993	6.87961400
2.71049993	6.87961400
2.71059993	6.87961400
2.71069993	6.97250200
2.71079993	6.97250200
2.71089993	6.97250200
2.71099993	6.87961400
2.71109993	6.87961400
2.71119993	6.87961400
2.71129993	6.97250200
2.71139993	6.87961400
2.71149993	6.87961400
2.71159993	6.97250200
2.71169993	6.97250200
2.71179993	6.97250200
2.71189993	6.97250200
2.71199993	6.97250200
2.71209993	6.97250200
2.71219993	6.97250200
2.71229993	6.97250200
2.71239993	6.97250200
2.71249993	6.87961400
2.71259993	6.87961400
2.71269993	6.87961400
2.71279993	6.97250200
2.71289993	6.87961400
2.71299993	6.97250200
2.71309993	6.97250200
2.71319993	6.87961400
2.71329993	6.97250200
2.71339993	6.97250200
2.71349993	6.87961400
2.71359993	6.97250200
2.71369993	6.97250200
2.71379993	6.97250200
2.71389993	6.87961400
2.71399993	6.87961400
2.71409993	6.87961400
2.71419993	6.97250200
2.71429993	6.97250200
2.71439993	6.97250200
2.71449993	6.97250200
2.71459993	6.97250200
2.71469993	6.97250200
2.71479993	6.97250200
2.71489993	6.97250200
2.71499993	6.87961400
2.71509993	6.97250200
2.71519993	6.97250200
2.71529993	6.87961400
2.71539993	6.97250200
2.71549993	6.97250200
2.71559993	6.97250200
2.71569993	6.97250200
2.71579993	6.97250200
2.71589993	6.97250200
2.71599993	6.97250200
2.71609993	6.97250200
2.71619993	6.87961400
2.71629993	6.97250200
2.71639993	6.97250200
2.71649993	6.97250200
2.71659993	6.97250200
2.71669993	6.97250200
2.71679993	6.97250200
2.71689993	6.97250200
2.71699993	6.97250200
2.71709993	6.97250200
2.71719993	6.97250200
2.71729993	6.97250200
2.71739993	6.97250200
2.71749993	6.97250200
2.71759993	6.97250200
2.71769993	6.97250200
2.71779993	6.97250200
2.71789993	6.97250200
2.71799993	6.97250200
2.71809993	6.97250200
2.71819993	6.97250200
2.71829993	6.97250200
2.71839993	6.97250200
2.71849993	6.97250200
2.71859993	6.97250200
2.71869993	6.97250200
2.71879993	6.97250200
2.71889993	6.97250200
2.71899993	6.97250200
2.71909993	6.97250200
2.71919993	6.97250200
2.71929993	6.97250200
2.71939993	6.97250200
2.71949993	6.97250200
2.71959993	6.97250200
2.71969993	6.97250200
2.71979993	6.97250200
2.71989993	6.97250200
2.71999993	6.97250200
2.72009993	6.97250200
2.72019993	6.97250200
2.72029993	6.97250200
2.72039993	6.87961400
2.72049993	6.97250200
2.72059993	6.97250200
2.72069993	6.97250200
2.72079993	6.87961400
2.72089993	6.97250200
2.72099993	6.97250200
2.72109993	6.97250200
2.72119993	6.97250200
2.72129993	6.97250200
2.72139993	6.97250200
2.72149993	6.97250200
2.72159993	6.97250200
2.72169993	6.97250200
2.72179993	6.97250200
2.72189993	6.87961400
2.72199993	6.97250200
2.72209993	6.87961400
2.72219993	6.97250200
2.72229993	6.87961400
2.72239993	6.87961400
2.72249993	6.87961400
2.72259993	6.87961400
2.72269993	6.87961400
2.72279993	6.97250200
2.72289993	6.87961400
2.72299993	6.87961400
2.72309993	6.87961400
2.72319993	6.97250200
2.72329993	6.87961400
2.72339993	6.97250200
2.72349993	6.97250200
2.72359993	6.97250200
2.72369993	6.97250200
2.72379993	6.97250200
2.72389993	6.87961400
2.72399993	6.97250200
2.72409993	6.97250200
2.72419993	6.97250200
2.72429993	6.97250200
2.72439993	6.97250200
2.72449993	6.97250200
2.72459993	6.97250200
2.72469993	6.97250200
2.72479993	6.97250200
2.72489993	6.97250200
2.72499993	6.97250200
2.72509993	6.97250200
2.72519993	6.97250200
2.72529993	6.97250200
2.72539993	6.97250200
2.72549993	6.97250200
2.72559993	6.97250200
2.72569993	6.97250200
2.72579993	6.97250200
2.72589993	6.97250200
2.72599993	6.97250200
2.72609993	6.97250200
2.72619993	6.97250200
2.72629993	6.97250200
2.72639993	6.97250200
2.72649993	6.97250200
2.72659993	6.97250200
2.72669993	6.97250200
2.72679993	6.97250200
2.72689993	6.97250200
2.72699993	6.97250200
2.72709993	6.97250200
2.72719993	7.06539100
2.72729993	7.06539100
2.72739993	7.06539100
2.72749993	7.06539100
2.72759993	6.97250200
2.72769993	7.06539100
2.72779993	6.97250200
2.72789993	6.97250200
2.72799993	6.97250200
2.72809993	7.06539100
2.72819993	7.06539100
2.72829993	7.06539100
2.72839993	6.97250200
2.72849993	7.06539100
2.72859993	7.06539100
2.72869993	6.97250200
2.72879993	7.06539100
2.72889993	7.06539100
2.72899993	7.06539100
2.72909993	7.06539100
2.72919993	7.06539100
2.72929993	6.97250200
2.72939993	7.06539100
2.72949993	7.06539100
2.72959993	7.06539100
2.72969993	7.06539100
2.72979993	7.06539100
2.72989993	7.06539100
2.72999993	7.06539100
2.73009993	7.06539100
2.73019993	7.06539100
2.73029993	7.06539100
2.73039993	7.06539100
2.73049993	7.06539100
2.73059993	7.06539100
2.73069993	7.06539100
2.73079993	7.06539100
2.73089993	7.06539100
2.73099993	7.06539100
2.73109993	7.06539100
2.73119993	7.06539100
2.73129993	7.06539100
2.73139993	7.06539100
2.73149993	7.06539100
2.73159993	7.06539100
2.73169993	7.06539100
2.73179993	7.06539100
2.73189993	7.06539100
2.73199993	7.06539100
2.73209993	7.06539100
2.73219993	7.06539100
2.73229993	7.06539100
2.73239993	7.06539100
2.73249993	7.15828000
2.73259993	7.15828000
2.73269993	7.15828000
2.73279993	7.06539100
2.73289993	7.06539100
2.73299993	7.15828000
2.73309993	7.15828000
2.73319993	7.15828000
2.73329993	7.15828000
2.73339993	7.15828000
2.73349993	7.06539100
2.73359993	7.15828000
2.73369993	7.15828000
2.73379993	7.15828000
2.73389993	7.15828000
2.73399993	7.15828000
2.73409993	7.15828000
2.73419993	7.15828000
2.73429993	7.15828000
2.73439993	7.15828000
2.73449993	7.15828000
2.73459993	7.15828000
2.73469993	7.15828000
2.73479993	7.15828000
2.73489993	7.15828000
2.73499993	7.15828000
2.73509993	7.15828000
2.73519993	7.15828000
2.73529993	7.15828000
2.73539993	7.15828000
2.73549993	7.15828000
2.73559993	7.15828000
2.73569993	7.15828000
2.73579993	7.15828000
2.73589993	7.15828000
2.73599993	7.15828000
2.73609993	7.15828000
2.73619993	7.15828000
2.73629993	7.25147600
2.73639993	7.15828000
2.73649993	7.15828000
2.73659993	7.15828000
2.73669993	7.15828000
2.73679993	7.15828000
2.73689993	7.15828000
2.73699993	7.15828000
2.73709993	7.15828000
2.73719993	7.15828000
2.73729993	7.15828000
2.73739993	7.15828000
2.73749993	7.15828000
2.73759993	7.15828000
2.73769993	7.15828000
2.73779993	7.15828000
2.73789993	7.15828000
2.73799993	7.15828000
2.73809993	7.15828000
2.73819993	7.15828000
2.73829993	7.15828000
2.73839993	7.15828000
2.73849993	7.15828000
2.73859993	7.15828000
2.73869993	7.15828000
2.73879993	7.15828000
2.73889993	7.15828000
2.73899993	7.15828000
2.73909993	7.15828000
2.73919993	7.15828000
2.73929993	7.15828000
2.73939993	7.15828000
2.73949993	7.15828000
2.73959993	7.15828000
2.73969993	7.15828000
2.73979993	7.15828000
2.73989993	7.15828000
2.73999993	7.15828000
2.74009993	7.15828000
2.74019993	7.15828000
2.74029993	7.15828000
2.74039993	7.15828000
2.74049993	7.15828000
2.74059993	7.15828000
2.74069993	7.15828000
2.74079993	7.15828000
2.74089993	7.15828000
2.74099993	7.06539100
2.74109993	7.15828000
2.74119993	7.15828000
2.74129993	7.15828000
2.74139993	7.15828000
2.74149993	7.15828000
2.74159993	7.15828000
2.74169993	7.15828000
2.74179993	7.15828000
2.74189993	7.15828000
2.74199993	7.15828000
2.74209993	7.15828000
2.74219993	7.15828000
2.74229993	7.15828000
2.74239993	7.15828000
2.74249993	7.15828000
2.74259993	7.15828000
2.74269993	7.15828000
2.74279993	7.15828000
2.74289993	7.15828000
2.74299993	7.15828000
2.74309993	7.15828000
2.74319993	7.15828000
2.74329993	7.15828000
2.74339993	7.15828000
2.74349993	7.15828000
2.74359993	7.15828000
2.74369993	7.15828000
2.74379993	7.06539100
2.74389993	7.15828000
2.74399993	7.15828000
2.74409993	7.15828000
2.74419993	7.15828000
2.74429993	7.15828000
2.74439993	7.15828000
2.74449993	7.15828000
2.74459993	7.15828000
2.74469993	7.15828000
2.74479993	7.15828000
2.74489993	7.15828000
2.74499993	7.15828000
2.74509993	7.15828000
2.74519993	7.15828000
2.74529993	7.15828000
2.74539993	7.15828000
2.74549993	7.15828000
2.74559993	7.15828000
2.74569993	7.15828000
2.74579993	7.15828000
2.74589993	7.15828000
2.74599993	7.15828000
2.74609993	7.15828000
2.74619993	7.15828000
2.74629993	7.15828000
2.74639993	7.15828000
2.74649993	7.15828000
2.74659993	7.15828000
2.74669993	7.15828000
2.74679993	7.15828000
2.74689993	7.15828000
2.74699993	7.15828000
2.74709993	7.15828000
2.74719993	7.15828000
2.74729993	7.15828000
2.74739993	7.25147600
2.74749993	7.25147600
2.74759993	7.15828000
2.74769993	7.15828000
2.74779993	7.15828000
2.74789993	7.15828000
2.74799993	7.15828000
2.74809993	7.15828000
2.74819993	7.15828000
2.74829993	7.15828000
2.74839993	7.25147600
2.74849993	7.15828000
2.74859993	7.25147600
2.74869993	7.25147600
2.74879993	7.25147600
2.74889993	7.25147600
2.74899993	7.25147600
2.74909993	7.15828000
2.74919993	7.15828000
2.74929993	7.25147600
2.74939993	7.15828000
2.74949993	7.25147600
2.74959993	7.25147600
2.74969993	7.25147600
2.74979993	7.25147600
2.74989993	7.25147600
2.74999993	7.25147600
2.75009993	7.25147600
2.75019993	7.25147600
2.75029993	7.25147600
2.75039993	7.25147600
2.75049993	7.25147600
2.75059993	7.15828000
2.75069993	7.25147600
2.75079993	7.25147600
2.75089993	7.25147600
2.75099993	7.25147600
2.75109993	7.25147600
2.75119993	7.25147600
2.75129993	7.25147600
2.75139993	7.25147600
2.75149993	7.25147600
2.75159993	7.25147600
2.75169993	7.25147600
2.75179993	7.25147600
2.75189993	7.25147600
2.75199993	7.25147600
2.75209993	7.15828000
2.75219993	7.25147600
2.75229993	7.25147600
2.75239993	7.25147600
2.75249993	7.25147600
2.75259993	7.25147600
2.75269993	7.25147600
2.75279993	7.25147600
2.75289993	7.25147600
2.75299993	7.25147600
2.75309993	7.25147600
2.75319993	7.25147600
2.75329993	7.25147600
2.75339993	7.25147600
2.75349993	7.25147600
2.75359993	7.25147600
2.75369993	7.25147600
2.75379993	7.25147600
2.75389993	7.25147600
2.75399993	7.25147600
2.75409993	7.25147600
2.75419993	7.25147600
2.75429993	7.25147600
2.75439993	7.25147600
2.75449993	7.25147600
2.75459993	7.25147600
2.75469993	7.25147600
2.75479993	7.34436500
2.75489993	7.25147600
2.75499993	7.34436500
2.75509993	7.34436500
2.75519993	7.34436500
2.75529993	7.34436500
2.75539993	7.34436500
2.75549993	7.34436500
2.75559993	7.34436500
2.75569993	7.34436500
2.75579993	7.34436500
2.75589993	7.34436500
2.75599993	7.34436500
2.75609993	7.34436500
2.75619993	7.34436500
2.75629993	7.34436500
2.75639993	7.34436500
2.75649993	7.34436500
2.75659993	7.34436500
2.75669993	7.34436500
2.75679993	7.34436500
2.75689993	7.34436500
2.75699993	7.34436500
2.75709993	7.34436500
2.75719993	7.43725400
2.75729993	7.34436500
2.75739993	7.43725400
2.75749993	7.43725400
2.75759993	7.43725400
2.75769993	7.43725400
2.75779993	7.34436500
2.75789993	7.34436500
2.75799993	7.34436500
2.75809993	7.34436500
2.75819993	7.34436500
2.75829993	7.43725400
2.75839993	7.43725400
2.75849993	7.34436500
2.75859993	7.34436500
2.75869993	7.43725400
2.75879993	7.43725400
2.75889993	7.34436500
2.75899993	7.34436500
2.75909993	7.43725400
2.75919993	7.43725400
2.75929993	7.34436500
2.75939993	7.34436500
2.75949993	7.34436500
2.75959993	7.34436500
2.75969993	7.34436500
2.75979993	7.43725400
2.75989993	7.34436500
2.75999993	7.34436500
2.76009993	7.34436500
2.76019993	7.34436500
2.76029993	7.34436500
2.76039993	7.34436500
2.76049993	7.34436500
2.76059993	7.34436500
2.76069993	7.34436500
2.76079993	7.34436500
2.76089993	7.34436500
2.76099993	7.34436500
2.76109993	7.34436500
2.76119993	7.34436500
2.76129993	7.34436500
2.76139993	7.34436500
2.76149993	7.34436500
2.76159993	7.34436500
2.76169993	7.34436500
2.76179993	7.34436500
2.76189993	7.34436500
2.76199993	7.34436500
2.76209993	7.34436500
2.76219993	7.34436500
2.76229993	7.34436500
2.76239993	7.34436500
2.76249993	7.34436500
2.76259993	7.34436500
2.76269993	7.34436500
2.76279993	7.34436500
2.76289993	7.34436500
2.76299993	7.34436500
2.76309993	7.34436500
2.76319993	7.34436500
2.76329993	7.34436500
2.76339993	7.34436500
2.76349993	7.34436500
2.76359993	7.34436500
2.76369993	7.34436500
2.76379993	7.34436500
2.76389993	7.34436500
2.76399993	7.34436500
2.76409993	7.34436500
2.76419993	7.34436500
2.76429993	7.34436500
2.76439993	7.34436500
2.76449993	7.34436500
2.76459993	7.34436500
2.76469993	7.34436500
2.76479993	7.34436500
2.76489993	7.34436500
2.76499993	7.34436500
2.76509993	7.34436500
2.76519993	7.34436500
2.76529993	7.34436500
2.76539993	7.34436500
2.76549993	7.34436500
2.76559993	7.34436500
2.76569993	7.34436500
2.76579993	7.34436500
2.76589993	7.34436500
2.76599993	7.34436500
2.76609993	7.34436500
2.76619993	7.34436500
2.76629993	7.34436500
2.76639993	7.34436500
2.76649993	7.34436500
2.76659993	7.34436500
2.76669993	7.34436500
2.76679993	7.34436500
2.76689993	7.34436500
2.76699993	7.34436500
2.76709993	7.34436500
2.76719993	7.43725400
2.76729993	7.34436500
2.76739993	7.43725400
2.76749993	7.34436500
2.76759993	7.43725400
2.76769993	7.43725400
2.76779993	7.43725400
2.76789993	7.43725400
2.76799993	7.43725400
2.76809993	7.43725400
2.76819993	7.43725400
2.76829993	7.43725400
2.76839993	7.43725400
2.76849993	7.43725400
2.76859993	7.43725400
2.76869993	7.43725400
2.76879993	7.43725400
2.76889993	7.43725400
2.76899993	7.34436500
2.76909993	7.43725400
2.76919993	7.43725400
2.76929993	7.43725400
2.76939993	7.43725400
2.76949993	7.43725400
2.76959993	7.43725400
2.76969993	7.43725400
2.76979993	7.43725400
2.76989993	7.43725400
2.76999993	7.43725400
2.77009993	7.43725400
2.77019993	7.43725400
2.77029993	7.43725400
2.77039993	7.43725400
2.77049993	7.43725400
2.77059993	7.43725400
2.77069993	7.43725400
2.77079993	7.43725400
2.77089993	7.43725400
2.77099993	7.43725400
2.77109993	7.43725400
2.77119993	7.43725400
2.77129993	7.43725400
2.77139993	7.43725400
2.77149993	7.43725400
2.77159993	7.43725400
2.77169993	7.43725400
2.77179993	7.43725400
2.77189993	7.43725400
2.77199993	7.43725400
2.77209993	7.43725400
2.77219993	7.43725400
2.77229993	7.43725400
2.77239993	7.43725400
2.77249993	7.43725400
2.77259993	7.43725400
2.77269993	7.43725400
2.77279993	7.43725400
2.77289993	7.43725400
2.77299993	7.43725400
2.77309993	7.43725400
2.77319993	7.43725400
2.77329993	7.43725400
2.77339993	7.43725400
2.77349993	7.43725400
2.77359993	7.43725400
2.77369993	7.43725400
2.77379993	7.43725400
2.77389993	7.43725400
2.77399993	7.43725400
2.77409993	7.43725400
2.77419993	7.43725400
2.77429993	7.43725400
2.77439993	7.43725400
2.77449993	7.43725400
2.77459993	7.43725400
2.77469993	7.43725400
2.77479993	7.53014300
2.77489993	7.53014300
2.77499993	7.43725400
2.77509993	7.43725400
2.77519993	7.53014300
2.77529993	7.43725400
2.77539993	7.43725400
2.77549993	7.43725400
2.77559993	7.43725400
2.77569993	7.53014300
2.77579993	7.53014300
2.77589993	7.53014300
2.77599993	7.53014300
2.77609993	7.53014300
2.77619993	7.53014300
2.77629993	7.53014300
2.77639993	7.53014300
2.77649993	7.53014300
2.77659993	7.53014300
2.77669993	7.53014300
2.77679993	7.53014300
2.77689993	7.53014300
2.77699993	7.62333900
2.77709993	7.53014300
2.77719993	7.62333900
2.77729993	7.53014300
2.77739993	7.53014300
2.77749993	7.53014300
2.77759993	7.53014300
2.77769993	7.53014300
2.77779993	7.53014300
2.77789993	7.53014300
2.77799993	7.53014300
2.77809993	7.53014300
2.77819993	7.53014300
2.77829993	7.53014300
2.77839993	7.53014300
2.77849993	7.53014300
2.77859993	7.53014300
2.77869993	7.53014300
2.77879993	7.53014300
2.77889993	7.53014300
2.77899993	7.53014300
2.77909993	7.53014300
2.77919993	7.53014300
2.77929993	7.53014300
2.77939993	7.53014300
2.77949993	7.53014300
2.77959993	7.53014300
2.77969993	7.53014300
2.77979993	7.53014300
2.77989993	7.53014300
2.77999993	7.62333900
2.78009993	7.53014300
2.78019993	7.53014300
2.78029993	7.62333900
2.78039993	7.53014300
2.78049993	7.53014300
2.78059993	7.53014300
2.78069993	7.53014300
2.78079993	7.53014300
2.78089993	7.53014300
2.78099993	7.53014300
2.78109993	7.53014300
2.78119993	7.53014300
2.78129993	7.53014300
2.78139993	7.53014300
2.78149993	7.53014300
2.78159993	7.53014300
2.78169993	7.53014300
2.78179993	7.53014300
2.78189993	7.53014300
2.78199993	7.53014300
2.78209993	7.53014300
2.78219993	7.53014300
2.78229993	7.53014300
2.78239993	7.53014300
2.78249993	7.53014300
2.78259993	7.53014300
2.78269993	7.53014300
2.78279993	7.53014300
2.78289993	7.53014300
2.78299993	7.53014300
2.78309993	7.53014300
2.78319993	7.53014300
2.78329993	7.53014300
2.78339993	7.53014300
2.78349993	7.53014300
2.78359993	7.53014300
2.78369993	7.53014300
2.78379993	7.53014300
2.78389993	7.53014300
2.78399993	7.53014300
2.78409993	7.53014300
2.78419993	7.53014300
2.78429993	7.53014300
2.78439993	7.53014300
2.78449993	7.53014300
2.78459993	7.53014300
2.78469993	7.53014300
2.78479993	7.53014300
2.78489993	7.53014300
2.78499993	7.53014300
2.78509993	7.53014300
2.78519993	7.62333900
2.78529993	7.53014300
2.78539993	7.53014300
2.78549993	7.53014300
2.78559993	7.53014300
2.78569993	7.53014300
2.78579993	7.53014300
2.78589993	7.53014300
2.78599993	7.53014300
2.78609993	7.53014300
2.78619993	7.62333900
2.78629993	7.53014300
2.78639993	7.53014300
2.78649993	7.53014300
2.78659993	7.62333900
2.78669993	7.53014300
2.78679993	7.53014300
2.78689993	7.62333900
2.78699993	7.62333900
2.78709993	7.62333900
2.78719993	7.62333900
2.78729993	7.62333900
2.78739993	7.53014300
2.78749993	7.62333900
2.78759993	7.62333900
2.78769993	7.62333900
2.78779993	7.62333900
2.78789993	7.53014300
2.78799993	7.62333900
2.78809993	7.62333900
2.78819993	7.62333900
2.78829993	7.53014300
2.78839993	7.62333900
2.78849993	7.53014300
2.78859993	7.62333900
2.78869993	7.62333900
2.78879993	7.62333900
2.78889993	7.62333900
2.78899993	7.62333900
2.78909993	7.62333900
2.78919993	7.62333900
2.78929993	7.62333900
2.78939993	7.62333900
2.78949993	7.62333900
2.78959993	7.53014300
2.78969993	7.62333900
2.78979993	7.62333900
2.78989993	7.62333900
2.78999993	7.62333900
2.79009993	7.62333900
2.79019993	7.62333900
2.79029993	7.62333900
2.79039993	7.62333900
2.79049993	7.62333900
2.79059993	7.62333900
2.79069993	7.62333900
2.79079993	7.62333900
2.79089993	7.53014300
2.79099993	7.62333900
2.79109993	7.62333900
2.79119993	7.62333900
2.79129993	7.53014300
2.79139993	7.62333900
2.79149993	7.53014300
2.79159993	7.62333900
2.79169993	7.62333900
2.79179993	7.53014300
2.79189993	7.62333900
2.79199993	7.62333900
2.79209993	7.53014300
2.79219993	7.62333900
2.79229993	7.62333900
2.79239993	7.53014300
2.79249993	7.53014300
2.79259993	7.62333900
2.79269993	7.53014300
2.79279993	7.53014300
2.79289993	7.62333900
2.79299993	7.62333900
2.79309993	7.62333900
2.79319993	7.62333900
2.79329993	7.62333900
2.79339993	7.62333900
2.79349993	7.62333900
2.79359993	7.62333900
2.79369993	7.62333900
2.79379993	7.62333900
2.79389993	7.62333900
2.79399993	7.62333900
2.79409993	7.62333900
2.79419993	7.62333900
2.79429993	7.62333900
2.79439993	7.62333900
2.79449993	7.62333900
2.79459993	7.62333900
2.79469993	7.62333900
2.79479993	7.62333900
2.79489993	7.62333900
2.79499993	7.62333900
2.79509993	7.62333900
2.79519993	7.62333900
2.79529993	7.62333900
2.79539993	7.62333900
2.79549993	7.62333900
2.79559993	7.62333900
2.79569993	7.62333900
2.79579993	7.62333900
2.79589993	7.62333900
2.79599993	7.62333900
2.79609993	7.62333900
2.79619993	7.62333900
2.79629993	7.62333900
2.79639993	7.62333900
2.79649993	7.62333900
2.79659993	7.62333900
2.79669993	7.62333900
2.79679993	7.71622800
2.79689993	7.62333900
2.79699993	7.71622800
2.79709993	7.62333900
2.79719993	7.71622800
2.79729993	7.71622800
2.79739993	7.71622800
2.79749993	7.71622800
2.79759993	7.71622800
2.79769993	7.71622800
2.79779993	7.71622800
2.79789993	7.71622800
2.79799993	7.71622800
2.79809993	7.71622800
2.79819993	7.71622800
2.79829993	7.71622800
2.79839993	7.71622800
2.79849993	7.71622800
2.79859993	7.71622800
2.79869993	7.71622800
2.79879993	7.71622800
2.79889993	7.71622800
2.79899993	7.71622800
2.79909993	7.71622800
2.79919993	7.71622800
2.79929993	7.71622800
2.79939993	7.71622800
2.79949993	7.71622800
2.79959993	7.71622800
2.79969993	7.71622800
2.79979993	7.71622800
2.79989993	7.71622800
2.79999993	7.71622800
2.80009993	7.71622800
2.80019993	7.71622800
2.80029993	7.71622800
2.80039993	7.71622800
2.80049993	7.71622800
2.80059993	7.71622800
2.80069993	7.71622800
2.80079993	7.71622800
2.80089993	7.71622800
2.80099993	7.71622800
2.80109993	7.71622800
2.80119993	7.71622800
2.80129993	7.71622800
2.80139993	7.71622800
2.80149993	7.71622800
2.80159993	7.71622800
2.80169993	7.71622800
2.80179993	7.71622800
2.80189993	7.71622800
2.80199993	7.71622800
2.80209993	7.71622800
2.80219993	7.71622800
2.80229993	7.71622800
2.80239993	7.71622800
2.80249993	7.71622800
2.80259993	7.71622800
2.80269993	7.71622800
2.80279993	7.71622800
2.80289993	7.71622800
2.80299993	7.71622800
2.80309993	7.71622800
2.80319993	7.71622800
2.80329993	7.71622800
2.80339993	7.71622800
2.80349993	7.71622800
2.80359993	7.71622800
2.80369993	7.71622800
2.80379993	7.71622800
2.80389993	7.71622800
2.80399993	7.71622800
2.80409993	7.71622800
2.80419993	7.71622800
2.80429993	7.71622800
2.80439993	7.71622800
2.80449993	7.71622800
2.80459993	7.71622800
2.80469993	7.71622800
2.80479993	7.71622800
2.80489993	7.71622800
2.80499993	7.71622800
2.80509993	7.71622800
2.80519993	7.71622800
2.80529993	7.71622800
2.80539993	7.71622800
2.80549993	7.71622800
2.80559993	7.71622800
2.80569993	7.71622800
2.80579993	7.71622800
2.80589993	7.71622800
2.80599993	7.71622800
2.80609993	7.71622800
2.80619993	7.71622800
2.80629993	7.71622800
2.80639993	7.71622800
2.80649993	7.71622800
2.80659993	7.71622800
2.80669993	7.71622800
2.80679993	7.80911700
2.80689993	7.71622800
2.80699993	7.71622800
2.80709993	7.71622800
2.80719993	7.80911700
2.80729993	7.80911700
2.80739993	7.80911700
2.80749993	7.71622800
2.80759993	7.80911700
2.80769993	7.80911700
2.80779993	7.80911700
2.80789993	7.71622800
2.80799993	7.80911700
2.80809993	7.80911700
2.80819993	7.71622800
2.80829993	7.80911700
2.80839993	7.80911700
2.80849993	7.80911700
2.80859993	7.80911700
2.80869993	7.80911700
2.80879993	7.80911700
2.80889993	7.80911700
2.80899993	7.80911700
2.80909993	7.80911700
2.80919993	7.80911700
2.80929993	7.80911700
2.80939993	7.80911700
2.80949993	7.80911700
2.80959993	7.80911700
2.80969993	7.80911700
2.80979993	7.80911700
2.80989993	7.80911700
2.80999993	7.80911700
2.81009993	7.80911700
2.81019993	7.80911700
2.81029993	7.80911700
2.81039993	7.80911700
2.81049993	7.80911700
2.81059993	7.80911700
2.81069993	7.80911700
2.81079993	7.80911700
2.81089993	7.80911700
2.81099993	7.80911700
2.81109993	7.80911700
2.81119993	7.80911700
2.81129993	7.80911700
2.81139993	7.80911700
2.81149993	7.80911700
2.81159993	7.80911700
2.81169993	7.80911700
2.81179993	7.80911700
2.81189993	7.80911700
2.81199993	7.80911700
2.81209993	7.80911700
2.81219993	7.80911700
2.81229993	7.80911700
2.81239993	7.80911700
2.81249993	7.80911700
2.81259993	7.80911700
2.81269993	7.80911700
2.81279993	7.80911700
2.81289993	7.80911700
2.81299993	7.80911700
2.81309993	7.80911700
2.81319993	7.80911700
2.81329993	7.71622800
2.81339993	7.80911700
2.81349993	7.80911700
2.81359993	7.80911700
2.81369993	7.80911700
2.81379993	7.80911700
2.81389993	7.80911700
2.81399993	7.80911700
2.81409993	7.80911700
2.81419993	7.80911700
2.81429993	7.80911700
2.81439993	7.80911700
2.81449993	7.80911700
2.81459993	7.80911700
2.81469993	7.80911700
2.81479993	7.80911700
2.81489993	7.80911700
2.81499993	7.80911700
2.81509993	7.80911700
2.81519993	7.80911700
2.81529993	7.80911700
2.81539993	7.80911700
2.81549993	7.80911700
2.81559993	7.80911700
2.81569993	7.80911700
2.81579993	7.90200500
2.81589993	7.80911700
2.81599993	7.80911700
2.81609993	7.80911700
2.81619993	7.80911700
2.81629993	7.80911700
2.81639993	7.80911700
2.81649993	7.80911700
2.81659993	7.90200500
2.81669993	7.80911700
2.81679993	7.90200500
2.81689993	7.80911700
2.81699993	7.80911700
2.81709993	7.90200500
2.81719993	7.90200500
2.81729993	7.90200500
2.81739993	7.90200500
2.81749993	7.90200500
2.81759993	7.80911700
2.81769993	7.90200500
2.81779993	7.90200500
2.81789993	7.80911700
2.81799993	7.90200500
2.81809993	7.90200500
2.81819993	7.90200500
2.81829993	7.90200500
2.81839993	7.90200500
2.81849993	7.90200500
2.81859993	7.90200500
2.81869993	7.90200500
2.81879993	7.90200500
2.81889993	7.90200500
2.81899993	7.90200500
2.81909993	7.90200500
2.81919993	7.90200500
2.81929993	7.90200500
2.81939993	7.90200500
2.81949993	7.90200500
2.81959993	7.90200500
2.81969993	7.90200500
2.81979993	7.90200500
2.81989993	7.90200500
2.81999993	7.90200500
2.82009993	7.90200500
2.82019993	7.90200500
2.82029993	7.90200500
2.82039993	7.90200500
2.82049993	7.90200500
2.82059993	7.90200500
2.82069993	7.80911700
2.82079993	7.90200500
2.82089993	7.90200500
2.82099993	7.90200500
2.82109993	7.80911700
2.82119993	7.90200500
2.82129993	7.80911700
2.82139993	7.90200500
2.82149993	7.90200500
2.82159993	7.80911700
2.82169993	7.90200500
2.82179993	7.80911700
2.82189993	7.80911700
2.82199993	7.80911700
2.82209993	7.80911700
2.82219993	7.80911700
2.82229993	7.80911700
2.82239993	7.80911700
2.82249993	7.80911700
2.82259993	7.80911700
2.82269993	7.80911700
2.82279993	7.80911700
2.82289993	7.80911700
2.82299993	7.80911700
2.82309993	7.80911700
2.82319993	7.80911700
2.82329993	7.80911700
2.82339993	7.80911700
2.82349993	7.80911700
2.82359993	7.80911700
2.82369993	7.80911700
2.82379993	7.80911700
2.82389993	7.80911700
2.82399993	7.80911700
2.82409993	7.80911700
2.82419993	7.80911700
2.82429993	7.80911700
2.82439993	7.80911700
2.82449993	7.80911700
2.82459993	7.80911700
2.82469993	7.80911700
2.82479993	7.80911700
2.82489993	7.80911700
2.82499993	7.80911700
2.82509993	7.80911700
2.82519993	7.80911700
2.82529993	7.80911700
2.82539993	7.80911700
2.82549993	7.80911700
2.82559993	7.80911700
2.82569993	7.80911700
2.82579993	7.80911700
2.82589993	7.80911700
2.82599993	7.80911700
2.82609993	7.80911700
2.82619993	7.80911700
2.82629993	7.80911700
2.82639993	7.80911700
2.82649993	7.80911700
2.82659993	7.80911700
2.82669993	7.80911700
2.82679993	7.80911700
2.82689993	7.80911700
2.82699993	7.90200500
2.82709993	7.80911700
2.82719993	7.80911700
2.82729993	7.90200500
2.82739993	7.90200500
2.82749993	7.90200500
2.82759993	7.90200500
2.82769993	7.90200500
2.82779993	7.90200500
2.82789993	7.90200500
2.82799993	7.90200500
2.82809993	7.90200500
2.82819993	7.90200500
2.82829993	7.90200500
2.82839993	7.90200500
2.82849993	7.90200500
2.82859993	7.90200500
2.82869993	7.90200500
2.82879993	7.90200500
2.82889993	7.90200500
2.82899993	7.90200500
2.82909993	7.90200500
2.82919993	7.90200500
2.82929993	7.90200500
2.82939993	7.90200500
2.82949993	7.90200500
2.82959993	7.90200500
2.82969993	7.90200500
2.82979993	7.90200500
2.82989993	7.90200500
2.82999993	7.99520200
2.83009993	7.90200500
2.83019993	7.99520200
2.83029993	7.90200500
2.83039993	7.99520200
2.83049993	7.99520200
2.83059993	7.90200500
2.83069993	7.99520200
2.83079993	7.90200500
2.83089993	7.99520200
2.83099993	7.99520200
2.83109993	7.99520200
2.83119993	7.90200500
2.83129993	7.99520200
2.83139993	7.99520200
2.83149993	7.90200500
2.83159993	7.99520200
2.83169993	7.99520200
2.83179993	7.90200500
2.83189993	7.90200500
2.83199993	7.99520200
2.83209993	7.99520200
2.83219993	7.99520200
2.83229993	7.90200500
2.83239993	7.99520200
2.83249993	7.90200500
2.83259993	7.90200500
2.83269993	7.90200500
2.83279993	7.99520200
2.83289993	7.90200500
2.83299993	7.90200500
2.83309993	7.90200500
2.83319993	7.99520200
2.83329993	7.90200500
2.83339993	7.99520200
2.83349993	7.99520200
2.83359993	7.99520200
2.83369993	7.99520200
2.83379993	7.90200500
2.83389993	7.99520200
2.83399993	7.99520200
2.83409993	7.99520200
2.83419993	7.99520200
2.83429993	7.99520200
2.83439993	7.99520200
2.83449993	7.99520200
2.83459993	7.99520200
2.83469993	7.99520200
2.83479993	7.99520200
2.83489993	7.99520200
2.83499993	7.99520200
2.83509993	7.99520200
2.83519993	7.99520200
2.83529993	7.99520200
2.83539993	7.99520200
2.83549993	7.99520200
2.83559993	7.99520200
2.83569993	7.99520200
2.83579993	7.99520200
2.83589993	7.99520200
2.83599993	7.99520200
2.83609993	7.99520200
2.83619993	7.99520200
2.83629993	7.99520200
2.83639993	7.99520200
2.83649993	7.99520200
2.83659993	7.99520200
2.83669993	7.99520200
2.83679993	7.99520200
2.83689993	7.99520200
2.83699993	7.99520200
2.83709993	7.99520200
2.83719993	7.99520200
2.83729993	7.99520200
2.83739993	7.99520200
2.83749993	7.99520200
2.83759993	7.99520200
2.83769993	7.99520200
2.83779993	7.99520200
2.83789993	7.99520200
2.83799993	7.99520200
2.83809993	7.99520200
2.83819993	7.99520200
2.83829993	7.99520200
2.83839993	7.99520200
2.83849993	7.99520200
2.83859993	7.99520200
2.83869993	7.99520200
2.83879993	7.99520200
2.83889993	7.99520200
2.83899993	7.99520200
2.83909993	7.99520200
2.83919993	7.99520200
2.83929993	7.99520200
2.83939993	7.99520200
2.83949993	7.99520200
2.83959993	7.99520200
2.83969993	7.99520200
2.83979993	7.99520200
2.83989993	7.99520200
2.83999993	7.99520200
2.84009993	7.99520200
2.84019993	7.99520200
2.84029993	7.99520200
2.84039993	7.99520200
2.84049993	7.99520200
2.84059993	7.99520200
2.84069993	7.99520200
2.84079993	7.99520200
2.84089993	7.99520200
2.84099993	7.99520200
2.84109993	7.99520200
2.84119993	7.99520200
2.84129993	7.99520200
2.84139993	7.99520200
2.84149993	7.99520200
2.84159993	7.99520200
2.84169993	7.99520200
2.84179993	7.99520200
2.84189993	7.99520200
2.84199993	7.99520200
2.84209993	7.99520200
2.84219993	7.99520200
2.84229993	7.99520200
2.84239993	7.99520200
2.84249993	7.99520200
2.84259993	7.99520200
2.84269993	7.99520200
2.84279993	7.99520200
2.84289993	7.99520200
2.84299993	7.99520200
2.84309993	7.99520200
2.84319993	7.99520200
2.84329993	7.99520200
2.84339993	7.99520200
2.84349993	7.99520200
2.84359993	7.99520200
2.84369993	7.99520200
2.84379993	7.99520200
2.84389993	7.99520200
2.84399993	7.99520200
2.84409993	7.99520200
2.84419993	7.99520200
2.84429993	7.99520200
2.84439993	7.99520200
2.84449993	7.99520200
2.84459993	7.99520200
2.84469993	7.99520200
2.84479993	7.99520200
2.84489993	7.99520200
2.84499993	7.99520200
2.84509993	7.99520200
2.84519993	7.99520200
2.84529993	7.99520200
2.84539993	7.99520200
2.84549993	7.99520200
2.84559993	7.99520200
2.84569993	7.99520200
2.84579993	7.99520200
2.84589993	7.99520200
2.84599993	7.99520200
2.84609993	7.99520200
2.84619993	7.99520200
2.84629993	7.99520200
2.84639993	7.99520200
2.84649993	7.99520200
2.84659993	7.99520200
2.84669993	7.99520200
2.84679993	7.99520200
2.84689993	7.99520200
2.84699993	7.99520200
2.84709993	7.99520200
2.84719993	7.99520200
2.84729993	7.99520200
2.84739993	7.99520200
2.84749993	7.99520200
2.84759993	7.99520200
2.84769993	7.99520200
2.84779993	7.99520200
2.84789993	7.99520200
2.84799993	7.99520200
2.84809993	7.99520200
2.84819993	7.99520200
2.84829993	7.99520200
2.84839993	7.99520200
2.84849993	7.99520200
2.84859993	7.99520200
2.84869993	7.99520200
2.84879993	7.99520200
2.84889993	7.99520200
2.84899993	7.99520200
2.84909993	7.99520200
2.84919993	7.99520200
2.84929993	7.99520200
2.84939993	7.99520200
2.84949993	7.99520200
2.84959993	7.99520200
2.84969993	8.08809100
2.84979993	8.08809100
2.84989993	7.99520200
2.84999993	7.99520200
2.85009993	7.99520200
2.85019993	7.99520200
2.85029993	8.08809100
2.85039993	7.99520200
2.85049993	7.99520200
2.85059993	7.99520200
2.85069993	7.99520200
2.85079993	7.99520200
2.85089993	7.99520200
2.85099993	8.08809100
2.85109993	7.99520200
2.85119993	7.99520200
2.85129993	7.99520200
2.85139993	7.99520200
2.85149993	8.08809100
2.85159993	7.99520200
2.85169993	7.99520200
2.85179993	8.08809100
2.85189993	7.99520200
2.85199993	7.99520200
2.85209993	7.99520200
2.85219993	7.99520200
2.85229993	8.08809100
2.85239993	7.99520200
2.85249993	7.99520200
2.85259993	7.99520200
2.85269993	7.99520200
2.85279993	7.99520200
2.85289993	7.99520200
2.85299993	7.99520200
2.85309993	8.08809100
2.85319993	8.08809100
2.85329993	8.08809100
2.85339993	8.08809100
2.85349993	8.08809100
2.85359993	8.08809100
2.85369993	8.08809100
2.85379993	8.08809100
2.85389993	8.08809100
2.85399993	8.08809100
2.85409993	8.08809100
2.85419993	8.08809100
2.85429993	8.08809100
2.85439993	8.08809100
2.85449993	8.08809100
2.85459993	8.08809100
2.85469993	8.08809100
2.85479993	8.08809100
2.85489993	8.08809100
2.85499993	8.08809100
2.85509993	8.08809100
2.85519993	8.08809100
2.85529993	8.08809100
2.85539993	8.08809100
2.85549993	8.08809100
2.85559993	8.08809100
2.85569993	8.08809100
2.85579993	8.08809100
2.85589993	8.08809100
2.85599993	8.08809100
2.85609993	8.08809100
2.85619993	8.08809100
2.85629993	8.08809100
2.85639993	8.08809100
2.85649993	8.08809100
2.85659993	8.08809100
2.85669993	8.08809100
2.85679993	8.08809100
2.85689993	8.08809100
2.85699993	8.08809100
2.85709993	8.08809100
2.85719993	8.08809100
2.85729993	8.08809100
2.85739993	8.08809100
2.85749993	8.08809100
2.85759993	8.08809100
2.85769993	8.08809100
2.85779993	8.08809100
2.85789993	8.08809100
2.85799993	8.08809100
2.85809993	8.18098000
2.85819993	8.08809100
2.85829993	8.08809100
2.85839993	8.08809100
2.85849993	8.08809100
2.85859993	8.08809100
2.85869993	8.08809100
2.85879993	8.18098000
2.85889993	8.18098000
2.85899993	8.08809100
2.85909993	8.08809100
2.85919993	8.08809100
2.85929993	8.08809100
2.85939993	8.18098000
2.85949993	8.08809100
2.85959993	8.08809100
2.85969993	8.08809100
2.85979993	8.08809100
2.85989993	8.08809100
2.85999993	8.18098000
2.86009993	8.08809100
2.86019993	8.08809100
2.86029993	8.08809100
2.86039993	8.08809100
2.86049993	8.08809100
2.86059993	8.08809100
2.86069993	8.08809100
2.86079993	8.08809100
2.86089993	8.08809100
2.86099993	8.08809100
2.86109993	8.08809100
2.86119993	8.08809100
2.86129993	8.08809100
2.86139993	8.08809100
2.86149993	8.08809100
2.86159993	8.08809100
2.86169993	8.08809100
2.86179993	8.08809100
2.86189993	8.08809100
2.86199993	8.08809100
2.86209993	8.08809100
2.86219993	8.08809100
2.86229993	8.08809100
2.86239993	8.08809100
2.86249993	8.08809100
2.86259993	8.08809100
2.86269993	8.08809100
2.86279993	8.08809100
2.86289993	8.08809100
2.86299993	8.08809100
2.86309993	8.08809100
2.86319993	8.08809100
2.86329993	8.08809100
2.86339993	8.08809100
2.86349993	8.08809100
2.86359993	8.08809100
2.86369993	8.08809100
2.86379993	8.08809100
2.86389993	8.08809100
2.86399993	8.08809100
2.86409993	8.08809100
2.86419993	8.08809100
2.86429993	8.08809100
2.86439993	8.08809100
2.86449993	8.08809100
2.86459993	8.08809100
2.86469993	8.18098000
2.86479993	8.08809100
2.86489993	8.08809100
2.86499993	8.08809100
2.86509993	8.18098000
2.86519993	8.18098000
2.86529993	8.08809100
2.86539993	8.18098000
2.86549993	8.08809100
2.86559993	8.18098000
2.86569993	8.18098000
2.86579993	8.18098000
2.86589993	8.18098000
2.86599993	8.08809100
2.86609993	8.08809100
2.86619993	8.18098000
2.86629993	8.08809100
2.86639993	8.08809100
2.86649993	8.08809100
2.86659993	8.18098000
2.86669993	8.18098000
2.86679993	8.18098000
2.86689993	8.18098000
2.86699993	8.18098000
2.86709993	8.18098000
2.86719993	8.18098000
2.86729993	8.18098000
2.86739993	8.18098000
2.86749993	8.18098000
2.86759993	8.18098000
2.86769993	8.18098000
2.86779993	8.18098000
2.86789993	8.18098000
2.86799993	8.18098000
2.86809993	8.18098000
2.86819993	8.18098000
2.86829993	8.18098000
2.86839993	8.18098000
2.86849993	8.18098000
2.86859993	8.18098000
2.86869993	8.18098000
2.86879993	8.18098000
2.86889993	8.18098000
2.86899993	8.18098000
2.86909993	8.18098000
2.86919993	8.18098000
2.86929993	8.18098000
2.86939993	8.18098000
2.86949993	8.18098000
2.86959993	8.18098000
2.86969993	8.18098000
2.86979993	8.18098000
2.86989993	8.18098000
2.86999993	8.18098000
2.87009993	8.18098000
2.87019993	8.18098000
2.87029993	8.18098000
2.87039993	8.18098000
2.87049993	8.18098000
2.87059993	8.18098000
2.87069993	8.18098000
2.87079993	8.18098000
2.87089993	8.18098000
2.87099993	8.18098000
2.87109993	8.18098000
2.87119993	8.18098000
2.87129993	8.18098000
2.87139993	8.08809100
2.87149993	8.18098000
2.87159993	8.18098000
2.87169993	8.18098000
2.87179993	8.08809100
2.87189993	8.18098000
2.87199993	8.18098000
2.87209993	8.18098000
2.87219993	8.18098000
2.87229993	8.08809100
2.87239993	8.08809100
2.87249993	8.18098000
2.87259993	8.08809100
2.87269993	8.18098000
2.87279993	8.08809100
2.87289993	8.18098000
2.87299993	8.18098000
2.87309993	8.18098000
2.87319993	8.18098000
2.87329993	8.18098000
2.87339993	8.18098000
2.87349993	8.18098000
2.87359993	8.18098000
2.87369993	8.18098000
2.87379993	8.18098000
2.87389993	8.18098000
2.87399993	8.18098000
2.87409993	8.18098000
2.87419993	8.18098000
2.87429993	8.18098000
2.87439993	8.18098000
2.87449993	8.18098000
2.87459993	8.18098000
2.87469993	8.18098000
2.87479993	8.18098000
2.87489993	8.18098000
2.87499993	8.18098000
2.87509993	8.18098000
2.87519993	8.18098000
2.87529993	8.18098000
2.87539993	8.18098000
2.87549993	8.18098000
2.87559993	8.18098000
2.87569993	8.18098000
2.87579993	8.18098000
2.87589993	8.18098000
2.87599993	8.18098000
2.87609993	8.18098000
2.87619993	8.18098000
2.87629993	8.18098000
2.87639993	8.18098000
2.87649993	8.18098000
2.87659993	8.18098000
2.87669993	8.18098000
2.87679993	8.27386800
2.87689993	8.18098000
2.87699993	8.18098000
2.87709993	8.27386800
2.87719993	8.18098000
2.87729993	8.18098000
2.87739993	8.27386800
2.87749993	8.27386800
2.87759993	8.27386800
2.87769993	8.27386800
2.87779993	8.27386800
2.87789993	8.27386800
2.87799993	8.27386800
2.87809993	8.27386800
2.87819993	8.27386800
2.87829993	8.27386800
2.87839993	8.27386800
2.87849993	8.27386800
2.87859993	8.27386800
2.87869993	8.27386800
2.87879993	8.27386800
2.87889993	8.27386800
2.87899993	8.27386800
2.87909993	8.27386800
2.87919993	8.27386800
2.87929993	8.27386800
2.87939993	8.27386800
2.87949993	8.27386800
2.87959993	8.27386800
2.87969993	8.27386800
2.87979993	8.27386800
2.87989993	8.27386800
2.87999993	8.27386800
2.88009993	8.27386800
2.88019993	8.27386800
2.88029993	8.18098000
2.88039993	8.27386800
2.88049993	8.27386800
2.88059993	8.27386800
2.88069993	8.27386800
2.88079993	8.27386800
2.88089993	8.27386800
2.88099993	8.27386800
2.88109993	8.27386800
2.88119993	8.27386800
2.88129993	8.27386800
2.88139993	8.27386800
2.88149993	8.27386800
2.88159993	8.27386800
2.88169993	8.27386800
2.88179993	8.18098000
2.88189993	8.18098000
2.88199993	8.27386800
2.88209993	8.27386800
2.88219993	8.27386800
2.88229993	8.27386800
2.88239993	8.27386800
2.88249993	8.27386800
2.88259993	8.27386800
2.88269993	8.18098000
2.88279993	8.27386800
2.88289993	8.27386800
2.88299993	8.27386800
2.88309993	8.27386800
2.88319993	8.27386800
2.88329993	8.27386800
2.88339993	8.27386800
2.88349993	8.18098000
2.88359993	8.27386800
2.88369993	8.27386800
2.88379993	8.27386800
2.88389993	8.27386800
2.88399993	8.18098000
2.88409993	8.27386800
2.88419993	8.27386800
2.88429993	8.27386800
2.88439993	8.18098000
2.88449993	8.27386800
2.88459993	8.27386800
2.88469993	8.27386800
2.88479993	8.27386800
2.88489993	8.27386800
2.88499993	8.27386800
2.88509993	8.27386800
2.88519993	8.27386800
2.88529993	8.27386800
2.88539993	8.27386800
2.88549993	8.27386800
2.88559993	8.27386800
2.88569993	8.27386800
2.88579993	8.27386800
2.88589993	8.27386800
2.88599993	8.27386800
2.88609993	8.27386800
2.88619993	8.27386800
2.88629993	8.27386800
2.88639993	8.27386800
2.88649993	8.27386800
2.88659993	8.27386800
2.88669993	8.27386800
2.88679993	8.27386800
2.88689993	8.27386800
2.88699993	8.27386800
2.88709993	8.27386800
2.88719993	8.27386800
2.88729993	8.27386800
2.88739993	8.27386800
2.88749993	8.27386800
2.88759993	8.27386800
2.88769993	8.27386800
2.88779993	8.27386800
2.88789993	8.27386800
2.88799993	8.27386800
2.88809993	8.27386800
2.88819993	8.27386800
2.88829993	8.27386800
2.88839993	8.27386800
2.88849993	8.27386800
2.88859993	8.27386800
2.88869993	8.27386800
2.88879993	8.27386800
2.88889993	8.27386800
2.88899993	8.27386800
2.88909993	8.27386800
2.88919993	8.27386800
2.88929993	8.27386800
2.88939993	8.27386800
2.88949993	8.27386800
2.88959993	8.27386800
2.88969993	8.27386800
2.88979993	8.27386800
2.88989993	8.27386800
2.88999993	8.27386800
2.89009993	8.27386800
2.89019993	8.27386800
2.89029993	8.27386800
2.89039993	8.27386800
2.89049993	8.27386800
2.89059993	8.27386800
2.89069993	8.27386800
2.89079993	8.27386800
2.89089993	8.27386800
2.89099993	8.27386800
2.89109993	8.27386800
2.89119993	8.27386800
2.89129993	8.27386800
2.89139993	8.27386800
2.89149993	8.27386800
2.89159993	8.27386800
2.89169993	8.27386800
2.89179993	8.27386800
2.89189993	8.27386800
2.89199993	8.27386800
2.89209993	8.27386800
2.89219993	8.27386800
2.89229993	8.27386800
2.89239993	8.27386800
2.89249993	8.27386800
2.89259993	8.27386800
2.89269993	8.18098000
2.89279993	8.18098000
2.89289993	8.27386800
2.89299993	8.27386800
2.89309993	8.27386800
2.89319993	8.27386800
2.89329993	8.27386800
2.89339993	8.27386800
2.89349993	8.27386800
2.89359993	8.27386800
2.89369993	8.27386800
2.89379993	8.27386800
2.89389993	8.27386800
2.89399993	8.27386800
2.89409993	8.27386800
2.89419993	8.27386800
2.89429993	8.27386800
2.89439993	8.27386800
2.89449993	8.27386800
2.89459993	8.27386800
2.89469993	8.27386800
2.89479993	8.27386800
2.89489993	8.27386800
2.89499993	8.27386800
2.89509993	8.27386800
2.89519993	8.27386800
2.89529993	8.27386800
2.89539993	8.27386800
2.89549993	8.27386800
2.89559993	8.27386800
2.89569993	8.27386800
2.89579993	8.27386800
2.89589993	8.27386800
2.89599993	8.27386800
2.89609993	8.27386800
2.89619993	8.27386800
2.89629993	8.27386800
2.89639993	8.27386800
2.89649993	8.27386800
2.89659993	8.27386800
2.89669993	8.27386800
2.89679993	8.27386800
2.89689993	8.27386800
2.89699993	8.27386800
2.89709993	8.36706400
2.89719993	8.27386800
2.89729993	8.27386800
2.89739993	8.27386800
2.89749993	8.27386800
2.89759993	8.27386800
2.89769993	8.27386800
2.89779993	8.27386800
2.89789993	8.27386800
2.89799993	8.27386800
2.89809993	8.36706400
2.89819993	8.27386800
2.89829993	8.27386800
2.89839993	8.36706400
2.89849993	8.27386800
2.89859993	8.27386800
2.89869993	8.27386800
2.89879993	8.27386800
2.89889993	8.27386800
2.89899993	8.27386800
2.89909993	8.27386800
2.89919993	8.27386800
2.89929993	8.27386800
2.89939993	8.27386800
2.89949993	8.36706400
2.89959993	8.27386800
2.89969993	8.27386800
2.89979993	8.36706400
2.89989993	8.27386800
2.89999993	8.27386800
2.90009993	8.27386800
2.90019993	8.27386800
2.90029993	8.36706400
2.90039993	8.27386800
2.90049993	8.27386800
2.90059993	8.27386800
2.90069993	8.36706400
2.90079993	8.27386800
2.90089993	8.27386800
2.90099993	8.36706400
2.90109993	8.27386800
2.90119993	8.27386800
2.90129993	8.36706400
2.90139993	8.36706400
2.90149993	8.36706400
2.90159993	8.27386800
2.90169993	8.27386800
2.90179993	8.27386800
2.90189993	8.27386800
2.90199993	8.27386800
2.90209993	8.27386800
2.90219993	8.27386800
2.90229993	8.27386800
2.90239993	8.27386800
2.90249993	8.36706400
2.90259993	8.36706400
2.90269993	8.27386800
2.90279993	8.27386800
2.90289993	8.36706400
2.90299993	8.27386800
2.90309993	8.27386800
2.90319993	8.36706400
2.90329993	8.36706400
2.90339993	8.36706400
2.90349993	8.36706400
2.90359993	8.36706400
2.90369993	8.27386800
2.90379993	8.27386800
2.90389993	8.36706400
2.90399993	8.27386800
2.90409993	8.36706400
2.90419993	8.36706400
2.90429993	8.36706400
2.90439993	8.36706400
2.90449993	8.36706400
2.90459993	8.36706400
2.90469993	8.36706400
2.90479993	8.36706400
2.90489993	8.36706400
2.90499993	8.36706400
2.90509993	8.36706400
2.90519993	8.36706400
2.90529993	8.36706400
2.90539993	8.36706400
2.90549993	8.36706400
2.90559993	8.36706400
2.90569993	8.36706400
2.90579993	8.36706400
2.90589993	8.36706400
2.90599993	8.36706400
2.90609993	8.36706400
2.90619993	8.36706400
2.90629993	8.36706400
2.90639993	8.36706400
2.90649993	8.36706400
2.90659993	8.36706400
2.90669993	8.36706400
2.90679993	8.36706400
2.90689993	8.36706400
2.90699993	8.36706400
2.90709993	8.36706400
2.90719993	8.36706400
2.90729993	8.36706400
2.90739993	8.36706400
2.90749993	8.36706400
2.90759993	8.36706400
2.90769993	8.36706400
2.90779993	8.36706400
2.90789993	8.36706400
2.90799993	8.36706400
2.90809993	8.36706400
2.90819993	8.36706400
2.90829993	8.36706400
2.90839993	8.36706400
2.90849993	8.36706400
2.90859993	8.36706400
2.90869993	8.36706400
2.90879993	8.36706400
2.90889993	8.36706400
2.90899993	8.36706400
2.90909993	8.36706400
2.90919993	8.36706400
2.90929993	8.36706400
2.90939993	8.36706400
2.90949993	8.36706400
2.90959993	8.36706400
2.90969993	8.36706400
2.90979993	8.36706400
2.90989993	8.36706400
2.90999993	8.36706400
2.91009993	8.36706400
2.91019993	8.36706400
2.91029993	8.36706400
2.91039993	8.36706400
2.91049993	8.36706400
2.91059993	8.36706400
2.91069993	8.36706400
2.91079993	8.36706400
2.91089993	8.36706400
2.91099993	8.36706400
2.91109993	8.36706400
2.91119993	8.36706400
2.91129993	8.36706400
2.91139993	8.36706400
2.91149993	8.36706400
2.91159993	8.36706400
2.91169993	8.36706400
2.91179993	8.36706400
2.91189993	8.36706400
2.91199993	8.36706400
2.91209993	8.36706400
2.91219993	8.36706400
2.91229993	8.36706400
2.91239993	8.36706400
2.91249993	8.36706400
2.91259993	8.36706400
2.91269993	8.36706400
2.91279993	8.36706400
2.91289993	8.36706400
2.91299993	8.36706400
2.91309993	8.36706400
2.91319993	8.36706400
2.91329993	8.36706400
2.91339993	8.36706400
2.91349993	8.36706400
2.91359993	8.36706400
2.91369993	8.36706400
2.91379993	8.36706400
2.91389993	8.36706400
2.91399993	8.36706400
2.91409993	8.36706400
2.91419993	8.36706400
2.91429993	8.36706400
2.91439993	8.36706400
2.91449993	8.36706400
2.91459993	8.36706400
2.91469993	8.36706400
2.91479993	8.36706400
2.91489993	8.36706400
2.91499993	8.36706400
2.91509993	8.27386800
2.91519993	8.36706400
2.91529993	8.36706400
2.91539993	8.36706400
2.91549993	8.36706400
2.91559993	8.36706400
2.91569993	8.36706400
2.91579993	8.36706400
2.91589993	8.36706400
2.91599993	8.36706400
2.91609993	8.36706400
2.91619993	8.36706400
2.91629993	8.36706400
2.91639993	8.36706400
2.91649993	8.36706400
2.91659993	8.36706400
2.91669993	8.36706400
2.91679993	8.36706400
2.91689993	8.36706400
2.91699993	8.36706400
2.91709993	8.36706400
2.91719993	8.36706400
2.91729993	8.36706400
2.91739993	8.36706400
2.91749993	8.36706400
2.91759993	8.36706400
2.91769993	8.36706400
2.91779993	8.45995300
2.91789993	8.36706400
2.91799993	8.36706400
2.91809993	8.36706400
2.91819993	8.36706400
2.91829993	8.36706400
2.91839993	8.36706400
2.91849993	8.36706400
2.91859993	8.36706400
2.91869993	8.36706400
2.91879993	8.36706400
2.91889993	8.36706400
2.91899993	8.36706400
2.91909993	8.36706400
2.91919993	8.36706400
2.91929993	8.36706400
2.91939993	8.36706400
2.91949993	8.36706400
2.91959993	8.36706400
2.91969993	8.36706400
2.91979993	8.36706400
2.91989993	8.36706400
2.91999993	8.36706400
2.92009993	8.36706400
2.92019993	8.36706400
2.92029993	8.36706400
2.92039993	8.36706400
2.92049993	8.36706400
2.92059993	8.36706400
2.92069993	8.36706400
2.92079993	8.36706400
2.92089993	8.36706400
2.92099993	8.36706400
2.92109993	8.36706400
2.92119993	8.36706400
2.92129993	8.36706400
2.92139993	8.36706400
2.92149993	8.36706400
2.92159993	8.36706400
2.92169993	8.36706400
2.92179993	8.36706400
2.92189993	8.36706400
2.92199993	8.36706400
2.92209993	8.36706400
2.92219993	8.36706400
2.92229993	8.36706400
2.92239993	8.36706400
2.92249993	8.36706400
2.92259993	8.36706400
2.92269993	8.36706400
2.92279993	8.36706400
2.92289993	8.36706400
2.92299993	8.36706400
2.92309993	8.36706400
2.92319993	8.36706400
2.92329993	8.36706400
2.92339993	8.36706400
2.92349993	8.36706400
2.92359993	8.36706400
2.92369993	8.36706400
2.92379993	8.36706400
2.92389993	8.36706400
2.92399993	8.36706400
2.92409993	8.36706400
2.92419993	8.36706400
2.92429993	8.36706400
2.92439993	8.36706400
2.92449993	8.36706400
2.92459993	8.36706400
2.92469993	8.36706400
2.92479993	8.36706400
2.92489993	8.36706400
2.92499993	8.36706400
2.92509993	8.36706400
2.92519993	8.36706400
2.92529993	8.36706400
2.92539993	8.36706400
2.92549993	8.36706400
2.92559993	8.36706400
2.92569993	8.36706400
2.92579993	8.36706400
2.92589993	8.36706400
2.92599993	8.36706400
2.92609993	8.36706400
2.92619993	8.36706400
2.92629993	8.36706400
2.92639993	8.36706400
2.92649993	8.36706400
2.92659993	8.36706400
2.92669993	8.36706400
2.92679993	8.45995300
2.92689993	8.45995300
2.92699993	8.36706400
2.92709993	8.36706400
2.92719993	8.36706400
2.92729993	8.36706400
2.92739993	8.36706400
2.92749993	8.45995300
2.92759993	8.36706400
2.92769993	8.36706400
2.92779993	8.45995300
2.92789993	8.45995300
2.92799993	8.45995300
2.92809993	8.45995300
2.92819993	8.45995300
2.92829993	8.36706400
2.92839993	8.36706400
2.92849993	8.45995300
2.92859993	8.36706400
2.92869993	8.36706400
2.92879993	8.36706400
2.92889993	8.45995300
2.92899993	8.45995300
2.92909993	8.36706400
2.92919993	8.36706400
2.92929993	8.45995300
2.92939993	8.36706400
2.92949993	8.45995300
2.92959993	8.36706400
2.92969993	8.45995300
2.92979993	8.45995300
2.92989993	8.45995300
2.92999993	8.45995300
2.93009993	8.45995300
2.93019993	8.45995300
2.93029993	8.45995300
2.93039993	8.36706400
2.93049993	8.45995300
2.93059993	8.45995300
2.93069993	8.45995300
2.93079993	8.36706400
2.93089993	8.45995300
2.93099993	8.45995300
2.93109993	8.36706400
2.93119993	8.45995300
2.93129993	8.45995300
2.93139993	8.45995300
2.93149993	8.36706400
2.93159993	8.45995300
2.93169993	8.36706400
2.93179993	8.36706400
2.93189993	8.36706400
2.93199993	8.36706400
2.93209993	8.45995300
2.93219993	8.45995300
2.93229993	8.45995300
2.93239993	8.36706400
2.93249993	8.45995300
2.93259993	8.45995300
2.93269993	8.45995300
2.93279993	8.45995300
2.93289993	8.45995300
2.93299993	8.36706400
2.93309993	8.45995300
2.93319993	8.45995300
2.93329993	8.36706400
2.93339993	8.45995300
2.93349993	8.45995300
2.93359993	8.45995300
2.93369993	8.45995300
2.93379993	8.45995300
2.93389993	8.45995300
2.93399993	8.45995300
2.93409993	8.45995300
2.93419993	8.45995300
2.93429993	8.45995300
2.93439993	8.45995300
2.93449993	8.45995300
2.93459993	8.45995300
2.93469993	8.45995300
2.93479993	8.45995300
2.93489993	8.45995300
2.93499993	8.45995300
2.93509993	8.45995300
2.93519993	8.45995300
2.93529993	8.45995300
2.93539993	8.45995300
2.93549993	8.45995300
2.93559993	8.45995300
2.93569993	8.45995300
2.93579993	8.45995300
2.93589993	8.45995300
2.93599993	8.45995300
2.93609993	8.45995300
2.93619993	8.45995300
2.93629993	8.45995300
2.93639993	8.45995300
2.93649993	8.45995300
2.93659993	8.45995300
2.93669993	8.45995300
2.93679993	8.45995300
2.93689993	8.45995300
2.93699993	8.45995300
2.93709993	8.45995300
2.93719993	8.45995300
2.93729993	8.45995300
2.93739993	8.45995300
2.93749993	8.45995300
2.93759993	8.45995300
2.93769993	8.45995300
2.93779993	8.45995300
2.93789993	8.45995300
2.93799993	8.45995300
2.93809993	8.45995300
2.93819993	8.45995300
2.93829993	8.45995300
2.93839993	8.45995300
2.93849993	8.45995300
2.93859993	8.45995300
2.93869993	8.45995300
2.93879993	8.45995300
2.93889993	8.45995300
2.93899993	8.45995300
2.93909993	8.45995300
2.93919993	8.45995300
2.93929993	8.45995300
2.93939993	8.45995300
2.93949993	8.45995300
2.93959993	8.45995300
2.93969993	8.45995300
2.93979993	8.45995300
2.93989993	8.45995300
2.93999993	8.45995300
2.94009993	8.45995300
2.94019993	8.45995300
2.94029993	8.45995300
2.94039993	8.45995300
2.94049993	8.45995300
2.94059993	8.45995300
2.94069993	8.45995300
2.94079993	8.45995300
2.94089993	8.45995300
2.94099993	8.45995300
2.94109993	8.45995300
2.94119993	8.45995300
2.94129993	8.45995300
2.94139993	8.45995300
2.94149993	8.45995300
2.94159993	8.45995300
2.94169993	8.45995300
2.94179993	8.45995300
2.94189993	8.45995300
2.94199993	8.45995300
2.94209993	8.45995300
2.94219993	8.45995300
2.94229993	8.45995300
2.94239993	8.45995300
2.94249993	8.45995300
2.94259993	8.45995300
2.94269993	8.45995300
2.94279993	8.45995300
2.94289993	8.45995300
2.94299993	8.45995300
2.94309993	8.45995300
2.94319993	8.45995300
2.94329993	8.45995300
2.94339993	8.45995300
2.94349993	8.45995300
2.94359993	8.45995300
2.94369993	8.45995300
2.94379993	8.45995300
2.94389993	8.45995300
2.94399993	8.45995300
2.94409993	8.45995300
2.94419993	8.45995300
2.94429993	8.45995300
2.94439993	8.45995300
2.94449993	8.45995300
2.94459993	8.45995300
2.94469993	8.45995300
2.94479993	8.45995300
2.94489993	8.45995300
2.94499993	8.45995300
2.94509993	8.45995300
2.94519993	8.45995300
2.94529993	8.45995300
2.94539993	8.45995300
2.94549993	8.45995300
2.94559993	8.45995300
2.94569993	8.45995300
2.94579993	8.45995300
2.94589993	8.45995300
2.94599993	8.45995300
2.94609993	8.45995300
2.94619993	8.45995300
2.94629993	8.45995300
2.94639993	8.45995300
2.94649993	8.45995300
2.94659993	8.45995300
2.94669993	8.45995300
2.94679993	8.45995300
2.94689993	8.45995300
2.94699993	8.45995300
2.94709993	8.45995300
2.94719993	8.45995300
2.94729993	8.45995300
2.94739993	8.45995300
2.94749993	8.45995300
2.94759993	8.45995300
2.94769993	8.45995300
2.94779993	8.45995300
2.94789993	8.45995300
2.94799993	8.45995300
2.94809993	8.45995300
2.94819993	8.45995300
2.94829993	8.45995300
2.94839993	8.45995300
2.94849993	8.45995300
2.94859993	8.45995300
2.94869993	8.45995300
2.94879993	8.45995300
2.94889993	8.45995300
2.94899993	8.45995300
2.94909993	8.45995300
2.94919993	8.45995300
2.94929993	8.45995300
2.94939993	8.45995300
2.94949993	8.45995300
2.94959993	8.45995300
2.94969993	8.45995300
2.94979993	8.45995300
2.94989993	8.45995300
2.94999993	8.45995300
2.95009993	8.45995300
2.95019993	8.45995300
2.95029993	8.45995300
2.95039993	8.45995300
2.95049993	8.45995300
2.95059993	8.45995300
2.95069993	8.45995300
2.95079993	8.45995300
2.95089993	8.45995300
2.95099993	8.45995300
2.95109993	8.45995300
2.95119993	8.45995300
2.95129993	8.45995300
2.95139993	8.45995300
2.95149993	8.45995300
2.95159993	8.45995300
2.95169993	8.45995300
2.95179993	8.45995300
2.95189993	8.45995300
2.95199993	8.45995300
2.95209993	8.45995300
2.95219993	8.45995300
2.95229993	8.45995300
2.95239993	8.45995300
2.95249993	8.45995300
2.95259993	8.45995300
2.95269993	8.45995300
2.95279993	8.45995300
2.95289993	8.45995300
2.95299993	8.45995300
2.95309993	8.45995300
2.95319993	8.45995300
2.95329993	8.45995300
2.95339993	8.45995300
2.95349993	8.45995300
2.95359993	8.45995300
2.95369993	8.45995300
2.95379993	8.45995300
2.95389993	8.45995300
2.95399993	8.45995300
2.95409993	8.45995300
2.95419993	8.45995300
2.95429993	8.45995300
2.95439993	8.45995300
2.95449993	8.45995300
2.95459993	8.45995300
2.95469993	8.45995300
2.95479993	8.45995300
2.95489993	8.45995300
2.95499993	8.45995300
2.95509993	8.45995300
2.95519993	8.45995300
2.95529993	8.45995300
2.95539993	8.45995300
2.95549993	8.45995300
2.95559993	8.45995300
2.95569993	8.45995300
2.95579993	8.45995300
2.95589993	8.45995300
2.95599993	8.45995300
2.95609993	8.45995300
2.95619993	8.45995300
2.95629993	8.45995300
2.95639993	8.45995300
2.95649993	8.45995300
2.95659993	8.45995300
2.95669993	8.45995300
2.95679993	8.45995300
2.95689993	8.45995300
2.95699993	8.45995300
2.95709993	8.45995300
2.95719993	8.45995300
2.95729993	8.45995300
2.95739993	8.45995300
2.95749993	8.45995300
2.95759993	8.45995300
2.95769993	8.45995300
2.95779993	8.45995300
2.95789993	8.45995300
2.95799993	8.45995300
2.95809993	8.45995300
2.95819993	8.45995300
2.95829993	8.45995300
2.95839993	8.45995300
2.95849993	8.45995300
2.95859993	8.45995300
2.95869993	8.45995300
2.95879993	8.45995300
2.95889993	8.45995300
2.95899993	8.45995300
2.95909993	8.45995300
2.95919993	8.45995300
2.95929993	8.45995300
2.95939993	8.45995300
2.95949993	8.45995300
2.95959993	8.45995300
2.95969993	8.45995300
2.95979993	8.45995300
2.95989993	8.45995300
2.95999993	8.45995300
2.96009993	8.45995300
2.96019993	8.45995300
2.96029993	8.45995300
2.96039993	8.45995300
2.96049993	8.45995300
2.96059993	8.45995300
2.96069993	8.45995300
2.96079993	8.45995300
2.96089993	8.45995300
2.96099993	8.45995300
2.96109993	8.45995300
2.96119993	8.45995300
2.96129993	8.45995300
2.96139993	8.45995300
2.96149993	8.45995300
2.96159993	8.45995300
2.96169993	8.45995300
2.96179993	8.45995300
2.96189993	8.45995300
2.96199993	8.45995300
2.96209993	8.45995300
2.96219993	8.45995300
2.96229993	8.45995300
2.96239993	8.45995300
2.96249993	8.45995300
2.96259993	8.45995300
2.96269993	8.45995300
2.96279993	8.45995300
2.96289993	8.45995300
2.96299993	8.45995300
2.96309993	8.45995300
2.96319993	8.45995300
2.96329993	8.45995300
2.96339993	8.45995300
2.96349993	8.45995300
2.96359993	8.45995300
2.96369993	8.45995300
2.96379993	8.45995300
2.96389993	8.45995300
2.96399993	8.45995300
2.96409993	8.45995300
2.96419993	8.45995300
2.96429993	8.45995300
2.96439993	8.45995300
2.96449993	8.45995300
2.96459993	8.45995300
2.96469993	8.45995300
2.96479993	8.45995300
2.96489993	8.45995300
2.96499993	8.45995300
2.96509993	8.45995300
2.96519993	8.45995300
2.96529993	8.45995300
2.96539993	8.45995300
2.96549993	8.45995300
2.96559993	8.45995300
2.96569993	8.45995300
2.96579993	8.45995300
2.96589993	8.45995300
2.96599993	8.45995300
2.96609993	8.45995300
2.96619993	8.45995300
2.96629993	8.45995300
2.96639993	8.45995300
2.96649993	8.55284200
2.96659993	8.45995300
2.96669993	8.45995300
2.96679993	8.45995300
2.96689993	8.45995300
2.96699993	8.45995300
2.96709993	8.45995300
2.96719993	8.45995300
2.96729993	8.45995300
2.96739993	8.45995300
2.96749993	8.45995300
2.96759993	8.45995300
2.96769993	8.45995300
2.96779993	8.45995300
2.96789993	8.45995300
2.96799993	8.45995300
2.96809993	8.45995300
2.96819993	8.45995300
2.96829993	8.45995300
2.96839993	8.45995300
2.96849993	8.45995300
2.96859993	8.55284200
2.96869993	8.45995300
2.96879993	8.45995300
2.96889992	8.45995300
2.96899992	8.45995300
2.96909992	8.55284200
2.96919992	8.45995300
2.96929992	8.45995300
2.96939992	8.55284200
2.96949992	8.45995300
2.96959992	8.45995300
2.96969992	8.45995300
2.96979992	8.45995300
2.96989992	8.45995300
2.96999992	8.45995300
2.97009992	8.45995300
2.97019992	8.45995300
2.97029992	8.45995300
2.97039992	8.45995300
2.97049992	8.45995300
2.97059992	8.45995300
2.97069992	8.45995300
2.97079992	8.45995300
2.97089992	8.45995300
2.97099992	8.45995300
2.97109992	8.45995300
2.97119992	8.45995300
2.97129992	8.45995300
2.97139992	8.45995300
2.97149992	8.45995300
2.97159992	8.45995300
2.97169992	8.45995300
2.97179992	8.45995300
2.97189992	8.45995300
2.97199992	8.45995300
2.97209992	8.45995300
2.97219992	8.45995300
2.97229992	8.45995300
2.97239992	8.45995300
2.97249992	8.45995300
2.97259992	8.45995300
2.97269992	8.45995300
2.97279992	8.45995300
2.97289992	8.45995300
2.97299992	8.55284200
2.97309992	8.45995300
2.97319992	8.45995300
2.97329992	8.45995300
2.97339992	8.45995300
2.97349992	8.45995300
2.97359992	8.45995300
2.97369992	8.45995300
2.97379992	8.45995300
2.97389992	8.45995300
2.97399992	8.45995300
2.97409992	8.45995300
2.97419992	8.45995300
2.97429992	8.45995300
2.97439992	8.45995300
2.97449992	8.45995300
2.97459992	8.45995300
2.97469992	8.45995300
2.97479992	8.45995300
2.97489992	8.45995300
2.97499992	8.45995300
2.97509992	8.45995300
2.97519992	8.45995300
2.97529992	8.45995300
2.97539992	8.45995300
2.97549992	8.45995300
2.97559992	8.55284200
2.97569992	8.45995300
2.97579992	8.45995300
2.97589992	8.45995300
2.97599992	8.45995300
2.97609992	8.45995300
2.97619992	8.45995300
2.97629992	8.55284200
2.97639992	8.45995300
2.97649992	8.45995300
2.97659992	8.45995300
2.97669992	8.45995300
2.97679992	8.45995300
2.97689992	8.45995300
2.97699992	8.45995300
2.97709992	8.45995300
2.97719992	8.45995300
2.97729992	8.45995300
2.97739992	8.45995300
2.97749992	8.55284200
2.97759992	8.45995300
2.97769992	8.45995300
2.97779992	8.45995300
2.97789992	8.45995300
2.97799992	8.45995300
2.97809992	8.45995300
2.97819992	8.45995300
2.97829992	8.45995300
2.97839992	8.45995300
2.97849992	8.45995300
2.97859992	8.45995300
2.97869992	8.45995300
2.97879992	8.45995300
2.97889992	8.45995300
2.97899992	8.45995300
2.97909992	8.45995300
2.97919992	8.45995300
2.97929992	8.45995300
2.97939992	8.45995300
2.97949992	8.45995300
2.97959992	8.45995300
2.97969992	8.45995300
2.97979992	8.45995300
2.97989992	8.45995300
2.97999992	8.45995300
2.98009992	8.45995300
2.98019992	8.45995300
2.98029992	8.55284200
2.98039992	8.45995300
2.98049992	8.55284200
2.98059992	8.45995300
2.98069992	8.45995300
2.98079992	8.45995300
2.98089992	8.55284200
2.98099992	8.45995300
2.98109992	8.45995300
2.98119992	8.45995300
2.98129992	8.45995300
2.98139992	8.45995300
2.98149992	8.45995300
2.98159992	8.45995300
2.98169992	8.45995300
2.98179992	8.45995300
2.98189992	8.45995300
2.98199992	8.45995300
2.98209992	8.45995300
2.98219992	8.45995300
2.98229992	8.45995300
2.98239992	8.45995300
2.98249992	8.55284200
2.98259992	8.45995300
2.98269992	8.45995300
2.98279992	8.45995300
2.98289992	8.45995300
2.98299992	8.55284200
2.98309992	8.45995300
2.98319992	8.55284200
2.98329992	8.45995300
2.98339992	8.45995300
2.98349992	8.45995300
2.98359992	8.45995300
2.98369992	8.45995300
2.98379992	8.55284200
2.98389992	8.45995300
2.98399992	8.45995300
2.98409992	8.45995300
2.98419992	8.45995300
2.98429992	8.45995300
2.98439992	8.45995300
2.98449992	8.45995300
2.98459992	8.45995300
2.98469992	8.45995300
2.98479992	8.45995300
2.98489992	8.45995300
2.98499992	8.45995300
2.98509992	8.45995300
2.98519992	8.45995300
2.98529992	8.55284200
2.98539992	8.55284200
2.98549992	8.55284200
2.98559992	8.45995300
2.98569992	8.45995300
2.98579992	8.45995300
2.98589992	8.45995300
2.98599992	8.45995300
2.98609992	8.45995300
2.98619992	8.55284200
2.98629992	8.55284200
2.98639992	8.45995300
2.98649992	8.45995300
2.98659992	8.45995300
2.98669992	8.45995300
2.98679992	8.45995300
2.98689992	8.45995300
2.98699992	8.55284200
2.98709992	8.45995300
2.98719992	8.45995300
2.98729992	8.45995300
2.98739992	8.45995300
2.98749992	8.55284200
2.98759992	8.45995300
2.98769992	8.45995300
2.98779992	8.45995300
2.98789992	8.45995300
2.98799992	8.45995300
2.98809992	8.45995300
2.98819992	8.45995300
2.98829992	8.45995300
2.98839992	8.55284200
2.98849992	8.45995300
2.98859992	8.45995300
2.98869992	8.45995300
2.98879992	8.55284200
2.98889992	8.45995300
2.98899992	8.45995300
2.98909992	8.45995300
2.98919992	8.55284200
2.98929992	8.45995300
2.98939992	8.45995300
2.98949992	8.45995300
2.98959992	8.45995300
2.98969992	8.45995300
2.98979992	8.55284200
2.98989992	8.45995300
2.98999992	8.45995300
2.99009992	8.45995300
2.99019992	8.45995300
2.99029992	8.55284200
2.99039992	8.45995300
2.99049992	8.45995300
2.99059992	8.45995300
2.99069992	8.55284200
2.99079992	8.45995300
2.99089992	8.45995300
2.99099992	8.45995300
2.99109992	8.45995300
2.99119992	8.55284200
2.99129992	8.45995300
2.99139992	8.45995300
2.99149992	8.55284200
2.99159992	8.55284200
2.99169992	8.45995300
2.99179992	8.45995300
2.99189992	8.55284200
2.99199992	8.45995300
2.99209992	8.45995300
2.99219992	8.45995300
2.99229992	8.45995300
2.99239992	8.55284200
2.99249992	8.45995300
2.99259992	8.45995300
2.99269992	8.45995300
2.99279992	8.45995300
2.99289992	8.45995300
2.99299992	8.45995300
2.99309992	8.45995300
2.99319992	8.45995300
2.99329992	8.45995300
2.99339992	8.45995300
2.99349992	8.45995300
2.99359992	8.45995300
2.99369992	8.45995300
2.99379992	8.45995300
2.99389992	8.45995300
2.99399992	8.45995300
2.99409992	8.45995300
2.99419992	8.45995300
2.99429992	8.45995300
2.99439992	8.45995300
2.99449992	8.45995300
2.99459992	8.45995300
2.99469992	8.45995300
2.99479992	8.45995300
2.99489992	8.45995300
2.99499992	8.45995300
2.99509992	8.55284200
2.99519992	8.45995300
2.99529992	8.45995300
2.99539992	8.45995300
2.99549992	8.45995300
2.99559992	8.45995300
2.99569992	8.45995300
2.99579992	8.45995300
2.99589992	8.45995300
2.99599992	8.55284200
2.99609992	8.45995300
2.99619992	8.55284200
2.99629992	8.45995300
2.99639992	8.45995300
2.99649992	8.45995300
2.99659992	8.45995300
2.99669992	8.45995300
2.99679992	8.45995300
2.99689992	8.45995300
2.99699992	8.45995300
2.99709992	8.55284200
2.99719992	8.45995300
2.99729992	8.45995300
2.99739992	8.45995300
2.99749992	8.45995300
2.99759992	8.45995300
2.99769992	8.45995300
2.99779992	8.45995300
2.99789992	8.45995300
2.99799992	8.45995300
2.99809992	8.45995300
2.99819992	8.45995300
2.99829992	8.45995300
2.99839992	8.45995300
2.99849992	8.45995300
2.99859992	8.45995300
2.99869992	8.45995300
2.99879992	8.45995300
2.99889992	8.45995300
2.99899992	8.45995300
2.99909992	8.45995300
2.99919992	8.45995300
2.99929992	8.45995300
2.99939992	8.55284200
2.99949992	8.55284200
2.99959992	8.45995300
2.99969992	8.45995300
2.99979992	8.45995300
2.99989992	8.55284200
2.99999992	8.45995300
3.00009992	8.45995300
3.00019992	8.45995300
3.00029992	8.55284200
3.00039992	8.45995300
3.00049992	8.45995300
3.00059992	8.45995300
3.00069992	8.45995300
3.00079992	8.45995300
3.00089992	8.45995300
3.00099992	8.45995300
3.00109992	8.45995300
3.00119992	8.45995300
3.00129992	8.45995300
3.00139992	8.45995300
3.00149992	8.45995300
3.00159992	8.55284200
3.00169992	8.55284200
3.00179992	8.45995300
3.00189992	8.55284200
3.00199992	8.55284200
3.00209992	8.45995300
3.00219992	8.45995300
3.00229992	8.45995300
3.00239992	8.45995300
3.00249992	8.45995300
3.00259992	8.45995300
3.00269992	8.45995300
3.00279992	8.45995300
3.00289992	8.45995300
3.00299992	8.55284200
3.00309992	8.45995300
3.00319992	8.45995300
3.00329992	8.45995300
3.00339992	8.45995300
3.00349992	8.45995300
3.00359992	8.45995300
3.00369992	8.45995300
3.00379992	8.55284200
3.00389992	8.45995300
3.00399992	8.45995300
3.00409992	8.45995300
3.00419992	8.45995300
3.00429992	8.45995300
3.00439992	8.45995300
3.00449992	8.45995300
3.00459992	8.45995300
3.00469992	8.55284200
3.00479992	8.45995300
3.00489992	8.45995300
3.00499992	8.45995300
3.00509992	8.55284200
3.00519992	8.55284200
3.00529992	8.45995300
3.00539992	8.55284200
3.00549992	8.45995300
3.00559992	8.45995300
3.00569992	8.55284200
3.00579992	8.55284200
3.00589992	8.45995300
3.00599992	8.45995300
3.00609992	8.55284200
3.00619992	8.45995300
3.00629992	8.55284200
3.00639992	8.45995300
3.00649992	8.45995300
3.00659992	8.55284200
3.00669992	8.45995300
3.00679992	8.45995300
3.00689992	8.45995300
3.00699992	8.45995300
3.00709992	8.45995300
3.00719992	8.45995300
3.00729992	8.45995300
3.00739992	8.45995300
3.00749992	8.55284200
3.00759992	8.45995300
3.00769992	8.45995300
3.00779992	8.45995300
3.00789992	8.55284200
3.00799992	8.55284200
3.00809992	8.45995300
3.00819992	8.45995300
3.00829992	8.45995300
3.00839992	8.45995300
3.00849992	8.45995300
3.00859992	8.55284200
3.00869992	8.45995300
3.00879992	8.45995300
3.00889992	8.45995300
3.00899992	8.45995300
3.00909992	8.45995300
3.00919992	8.45995300
3.00929992	8.45995300
3.00939992	8.55284200
3.00949992	8.45995300
3.00959992	8.45995300
3.00969992	8.45995300
3.00979992	8.45995300
3.00989992	8.45995300
3.00999992	8.45995300
3.01009992	8.45995300
3.01019992	8.45995300
3.01029992	8.45995300
3.01039992	8.45995300
3.01049992	8.45995300
3.01059992	8.45995300
3.01069992	8.45995300
3.01079992	8.45995300
3.01089992	8.45995300
3.01099992	8.45995300
3.01109992	8.45995300
3.01119992	8.45995300
3.01129992	8.45995300
3.01139992	8.45995300
3.01149992	8.55284200
3.01159992	8.55284200
3.01169992	8.45995300
3.01179992	8.45995300
3.01189992	8.45995300
3.01199992	8.45995300
3.01209992	8.45995300
3.01219992	8.45995300
3.01229992	8.45995300
3.01239992	8.45995300
3.01249992	8.45995300
3.01259992	8.45995300
3.01269992	8.45995300
3.01279992	8.55284200
3.01289992	8.45995300
3.01299992	8.55284200
3.01309992	8.45995300
3.01319992	8.45995300
3.01329992	8.45995300
3.01339992	8.45995300
3.01349992	8.45995300
3.01359992	8.55284200
3.01369992	8.45995300
3.01379992	8.45995300
3.01389992	8.45995300
3.01399992	8.45995300
3.01409992	8.45995300
3.01419992	8.45995300
3.01429992	8.45995300
3.01439992	8.45995300
3.01449992	8.45995300
3.01459992	8.55284200
3.01469992	8.55284200
3.01479992	8.45995300
3.01489992	8.45995300
3.01499992	8.45995300
3.01509992	8.55284200
3.01519992	8.45995300
3.01529992	8.45995300
3.01539992	8.45995300
3.01549992	8.45995300
3.01559992	8.45995300
3.01569992	8.45995300
3.01579992	8.45995300
3.01589992	8.45995300
3.01599992	8.45995300
3.01609992	8.45995300
3.01619992	8.45995300
3.01629992	8.55284200
3.01639992	8.45995300
3.01649992	8.55284200
3.01659992	8.45995300
3.01669992	8.45995300
3.01679992	8.45995300
3.01689992	8.45995300
3.01699992	8.55284200
3.01709992	8.45995300
3.01719992	8.45995300
3.01729992	8.55284200
3.01739992	8.45995300
3.01749992	8.45995300
3.01759992	8.45995300
3.01769992	8.45995300
3.01779992	8.45995300
3.01789992	8.45995300
3.01799992	8.45995300
3.01809992	8.45995300
3.01819992	8.45995300
3.01829992	8.55284200
3.01839992	8.55284200
3.01849992	8.45995300
3.01859992	8.55284200
3.01869992	8.45995300
3.01879992	8.55284200
3.01889992	8.55284200
3.01899992	8.45995300
3.01909992	8.45995300
3.01919992	8.45995300
3.01929992	8.45995300
3.01939992	8.45995300
3.01949992	8.55284200
3.01959992	8.45995300
3.01969992	8.45995300
3.01979992	8.45995300
3.01989992	8.45995300
3.01999992	8.45995300
3.02009992	8.45995300
3.02019992	8.45995300
3.02029992	8.45995300
3.02039992	8.45995300
3.02049992	8.45995300
3.02059992	8.45995300
3.02069992	8.55284200
3.02079992	8.45995300
3.02089992	8.45995300
3.02099992	8.45995300
3.02109992	8.45995300
3.02119992	8.45995300
3.02129992	8.45995300
3.02139992	8.45995300
3.02149992	8.55284200
3.02159992	8.45995300
3.02169992	8.45995300
3.02179992	8.45995300
3.02189992	8.45995300
3.02199992	8.45995300
3.02209992	8.45995300
3.02219992	8.55284200
3.02229992	8.45995300
3.02239992	8.45995300
3.02249992	8.45995300
3.02259992	8.45995300
3.02269992	8.45995300
3.02279992	8.45995300
3.02289992	8.45995300
3.02299992	8.45995300
3.02309992	8.45995300
3.02319992	8.45995300
3.02329992	8.45995300
3.02339992	8.45995300
3.02349992	8.45995300
3.02359992	8.55284200
3.02369992	8.45995300
3.02379992	8.45995300
3.02389992	8.45995300
3.02399992	8.45995300
3.02409992	8.45995300
3.02419992	8.55284200
3.02429992	8.45995300
3.02439992	8.45995300
3.02449992	8.45995300
3.02459992	8.45995300
3.02469992	8.45995300
3.02479992	8.55284200
3.02489992	8.45995300
3.02499992	8.45995300
3.02509992	8.55284200
3.02519992	8.45995300
3.02529992	8.45995300
3.02539992	8.45995300
3.02549992	8.45995300
3.02559992	8.45995300
3.02569992	8.55284200
3.02579992	8.55284200
3.02589992	8.45995300
3.02599992	8.45995300
3.02609992	8.45995300
3.02619992	8.45995300
3.02629992	8.45995300
3.02639992	8.45995300
3.02649992	8.45995300
3.02659992	8.45995300
3.02669992	8.45995300
3.02679992	8.45995300
3.02689992	8.45995300
3.02699992	8.45995300
3.02709992	8.55284200
3.02719992	8.45995300
3.02729992	8.45995300
3.02739992	8.45995300
3.02749992	8.45995300
3.02759992	8.45995300
3.02769992	8.45995300
3.02779992	8.45995300
3.02789992	8.45995300
3.02799992	8.45995300
3.02809992	8.45995300
3.02819992	8.45995300
3.02829992	8.45995300
3.02839992	8.45995300
3.02849992	8.45995300
3.02859992	8.45995300
3.02869992	8.45995300
3.02879992	8.45995300
3.02889992	8.45995300
3.02899992	8.45995300
3.02909992	8.45995300
3.02919992	8.45995300
3.02929992	8.45995300
3.02939992	8.45995300
3.02949992	8.45995300
3.02959992	8.45995300
3.02969992	8.45995300
3.02979992	8.45995300
3.02989992	8.45995300
3.02999992	8.45995300
3.03009992	8.45995300
3.03019992	8.45995300
3.03029992	8.45995300
3.03039992	8.45995300
3.03049992	8.45995300
3.03059992	8.45995300
3.03069992	8.45995300
3.03079992	8.45995300
3.03089992	8.45995300
3.03099992	8.45995300
3.03109992	8.55284200
3.03119992	8.45995300
3.03129992	8.45995300
3.03139992	8.45995300
3.03149992	8.45995300
3.03159992	8.45995300
3.03169992	8.45995300
3.03179992	8.45995300
3.03189992	8.45995300
3.03199992	8.45995300
3.03209992	8.45995300
3.03219992	8.45995300
3.03229992	8.45995300
3.03239992	8.45995300
3.03249992	8.45995300
3.03259992	8.45995300
3.03269992	8.45995300
3.03279992	8.45995300
3.03289992	8.45995300
3.03299992	8.45995300
3.03309992	8.45995300
3.03319992	8.45995300
3.03329992	8.45995300
3.03339992	8.45995300
3.03349992	8.45995300
3.03359992	8.45995300
3.03369992	8.45995300
3.03379992	8.45995300
3.03389992	8.45995300
3.03399992	8.45995300
3.03409992	8.45995300
3.03419992	8.45995300
3.03429992	8.45995300
3.03439992	8.45995300
3.03449992	8.45995300
3.03459992	8.45995300
3.03469992	8.45995300
3.03479992	8.45995300
3.03489992	8.45995300
3.03499992	8.45995300
3.03509992	8.45995300
3.03519992	8.45995300
3.03529992	8.45995300
3.03539992	8.45995300
3.03549992	8.45995300
3.03559992	8.45995300
3.03569992	8.45995300
3.03579992	8.45995300
3.03589992	8.45995300
3.03599992	8.45995300
3.03609992	8.45995300
3.03619992	8.45995300
3.03629992	8.45995300
3.03639992	8.45995300
3.03649992	8.45995300
3.03659992	8.45995300
3.03669992	8.45995300
3.03679992	8.45995300
3.03689992	8.45995300
3.03699992	8.45995300
3.03709992	8.45995300
3.03719992	8.45995300
3.03729992	8.45995300
3.03739992	8.55284200
3.03749992	8.45995300
3.03759992	8.45995300
3.03769992	8.45995300
3.03779992	8.45995300
3.03789992	8.45995300
3.03799992	8.45995300
3.03809992	8.45995300
3.03819992	8.45995300
3.03829992	8.45995300
3.03839992	8.45995300
3.03849992	8.45995300
3.03859992	8.45995300
3.03869992	8.45995300
3.03879992	8.45995300
3.03889992	8.45995300
3.03899992	8.45995300
3.03909992	8.45995300
3.03919992	8.45995300
3.03929992	8.45995300
3.03939992	8.45995300
3.03949992	8.45995300
3.03959992	8.55284200
3.03969992	8.45995300
3.03979992	8.45995300
3.03989992	8.45995300
3.03999992	8.45995300
3.04009992	8.45995300
3.04019992	8.45995300
3.04029992	8.45995300
3.04039992	8.45995300
3.04049992	8.45995300
3.04059992	8.45995300
3.04069992	8.45995300
3.04079992	8.45995300
3.04089992	8.45995300
3.04099992	8.45995300
3.04109992	8.45995300
3.04119992	8.45995300
3.04129992	8.45995300
3.04139992	8.45995300
3.04149992	8.45995300
3.04159992	8.45995300
3.04169992	8.45995300
3.04179992	8.45995300
3.04189992	8.45995300
3.04199992	8.45995300
3.04209992	8.45995300
3.04219992	8.45995300
3.04229992	8.45995300
3.04239992	8.45995300
3.04249992	8.45995300
3.04259992	8.45995300
3.04269992	8.45995300
3.04279992	8.45995300
3.04289992	8.45995300
3.04299992	8.45995300
3.04309992	8.45995300
3.04319992	8.45995300
3.04329992	8.45995300
3.04339992	8.45995300
3.04349992	8.45995300
3.04359992	8.45995300
3.04369992	8.45995300
3.04379992	8.45995300
3.04389992	8.45995300
3.04399992	8.45995300
3.04409992	8.45995300
3.04419992	8.45995300
3.04429992	8.45995300
3.04439992	8.45995300
3.04449992	8.45995300
3.04459992	8.45995300
3.04469992	8.45995300
3.04479992	8.45995300
3.04489992	8.45995300
3.04499992	8.45995300
3.04509992	8.45995300
3.04519992	8.45995300
3.04529992	8.45995300
3.04539992	8.45995300
3.04549992	8.45995300
3.04559992	8.45995300
3.04569992	8.45995300
3.04579992	8.45995300
3.04589992	8.45995300
3.04599992	8.45995300
3.04609992	8.45995300
3.04619992	8.45995300
3.04629992	8.45995300
3.04639992	8.45995300
3.04649992	8.45995300
3.04659992	8.45995300
3.04669992	8.45995300
3.04679992	8.45995300
3.04689992	8.45995300
3.04699992	8.55284200
3.04709992	8.45995300
3.04719992	8.45995300
3.04729992	8.45995300
3.04739992	8.45995300
3.04749992	8.45995300
3.04759992	8.45995300
3.04769992	8.45995300
3.04779992	8.45995300
3.04789992	8.45995300
3.04799992	8.45995300
3.04809992	8.45995300
3.04819992	8.45995300
3.04829992	8.45995300
3.04839992	8.45995300
3.04849992	8.45995300
3.04859992	8.45995300
3.04869992	8.45995300
3.04879992	8.45995300
3.04889992	8.45995300
3.04899992	8.45995300
3.04909992	8.45995300
3.04919992	8.45995300
3.04929992	8.45995300
3.04939992	8.45995300
3.04949992	8.45995300
3.04959992	8.45995300
3.04969992	8.45995300
3.04979992	8.45995300
3.04989992	8.45995300
3.04999992	8.45995300
3.05009992	8.45995300
3.05019992	8.45995300
3.05029992	8.45995300
3.05039992	8.45995300
3.05049992	8.45995300
3.05059992	8.45995300
3.05069992	8.45995300
3.05079992	8.45995300
3.05089992	8.45995300
3.05099992	8.45995300
3.05109992	8.45995300
3.05119992	8.45995300
3.05129992	8.45995300
3.05139992	8.45995300
3.05149992	8.45995300
3.05159992	8.45995300
3.05169992	8.45995300
3.05179992	8.45995300
3.05189992	8.45995300
3.05199992	8.45995300
3.05209992	8.45995300
3.05219992	8.45995300
3.05229992	8.45995300
3.05239992	8.45995300
3.05249992	8.45995300
3.05259992	8.45995300
3.05269992	8.45995300
3.05279992	8.45995300
3.05289992	8.45995300
3.05299992	8.45995300
3.05309992	8.45995300
3.05319992	8.45995300
3.05329992	8.45995300
3.05339992	8.45995300
3.05349992	8.45995300
3.05359992	8.45995300
3.05369992	8.45995300
3.05379992	8.45995300
3.05389992	8.45995300
3.05399992	8.45995300
3.05409992	8.45995300
3.05419992	8.45995300
3.05429992	8.45995300
3.05439992	8.45995300
3.05449992	8.45995300
3.05459992	8.45995300
3.05469992	8.45995300
3.05479992	8.45995300
3.05489992	8.45995300
3.05499992	8.45995300
3.05509992	8.45995300
3.05519992	8.45995300
3.05529992	8.45995300
3.05539992	8.45995300
3.05549992	8.45995300
3.05559992	8.45995300
3.05569992	8.45995300
3.05579992	8.45995300
3.05589992	8.45995300
3.05599992	8.45995300
3.05609992	8.45995300
3.05619992	8.45995300
3.05629992	8.45995300
3.05639992	8.45995300
3.05649992	8.45995300
3.05659992	8.45995300
3.05669992	8.45995300
3.05679992	8.45995300
3.05689992	8.45995300
3.05699992	8.45995300
3.05709992	8.45995300
3.05719992	8.45995300
3.05729992	8.45995300
3.05739992	8.45995300
3.05749992	8.45995300
3.05759992	8.45995300
3.05769992	8.45995300
3.05779992	8.45995300
3.05789992	8.45995300
3.05799992	8.45995300
3.05809992	8.45995300
3.05819992	8.45995300
3.05829992	8.45995300
3.05839992	8.45995300
3.05849992	8.45995300
3.05859992	8.45995300
3.05869992	8.45995300
3.05879992	8.45995300
3.05889992	8.45995300
3.05899992	8.45995300
3.05909992	8.45995300
3.05919992	8.45995300
3.05929992	8.45995300
3.05939992	8.45995300
3.05949992	8.45995300
3.05959992	8.45995300
3.05969992	8.45995300
3.05979992	8.45995300
3.05989992	8.45995300
3.05999992	8.45995300
3.06009992	8.45995300
3.06019992	8.45995300
3.06029992	8.45995300
3.06039992	8.45995300
3.06049992	8.45995300
3.06059992	8.45995300
3.06069992	8.45995300
3.06079992	8.45995300
3.06089992	8.45995300
3.06099992	8.45995300
3.06109992	8.45995300
3.06119992	8.45995300
3.06129992	8.45995300
3.06139992	8.45995300
3.06149992	8.45995300
3.06159992	8.45995300
3.06169992	8.45995300
3.06179992	8.45995300
3.06189992	8.45995300
3.06199992	8.45995300
3.06209992	8.45995300
3.06219992	8.45995300
3.06229992	8.45995300
3.06239992	8.45995300
3.06249992	8.45995300
3.06259992	8.45995300
3.06269992	8.45995300
3.06279992	8.45995300
3.06289992	8.45995300
3.06299992	8.45995300
3.06309992	8.45995300
3.06319992	8.45995300
3.06329992	8.45995300
3.06339992	8.45995300
3.06349992	8.45995300
3.06359992	8.45995300
3.06369992	8.45995300
3.06379992	8.45995300
3.06389992	8.45995300
3.06399992	8.45995300
3.06409992	8.45995300
3.06419992	8.45995300
3.06429992	8.45995300
3.06439992	8.45995300
3.06449992	8.45995300
3.06459992	8.45995300
3.06469992	8.45995300
3.06479992	8.45995300
3.06489992	8.45995300
3.06499992	8.45995300
3.06509992	8.45995300
3.06519992	8.45995300
3.06529992	8.45995300
3.06539992	8.45995300
3.06549992	8.45995300
3.06559992	8.45995300
3.06569992	8.45995300
3.06579992	8.36706400
3.06589992	8.45995300
3.06599992	8.45995300
3.06609992	8.45995300
3.06619992	8.45995300
3.06629992	8.45995300
3.06639992	8.45995300
3.06649992	8.45995300
3.06659992	8.45995300
3.06669992	8.45995300
3.06679992	8.45995300
3.06689992	8.45995300
3.06699992	8.45995300
3.06709992	8.45995300
3.06719992	8.45995300
3.06729992	8.36706400
3.06739992	8.45995300
3.06749992	8.45995300
3.06759992	8.45995300
3.06769992	8.45995300
3.06779992	8.45995300
3.06789992	8.45995300
3.06799992	8.45995300
3.06809992	8.45995300
3.06819992	8.45995300
3.06829992	8.45995300
3.06839992	8.45995300
3.06849992	8.45995300
3.06859992	8.45995300
3.06869992	8.45995300
3.06879992	8.45995300
3.06889992	8.45995300
3.06899992	8.45995300
3.06909992	8.45995300
3.06919992	8.45995300
3.06929992	8.45995300
3.06939992	8.45995300
3.06949992	8.45995300
3.06959992	8.45995300
3.06969992	8.45995300
3.06979992	8.45995300
3.06989992	8.45995300
3.06999992	8.45995300
3.07009992	8.45995300
3.07019992	8.45995300
3.07029992	8.45995300
3.07039992	8.45995300
3.07049992	8.36706400
3.07059992	8.45995300
3.07069992	8.45995300
3.07079992	8.45995300
3.07089992	8.45995300
3.07099992	8.45995300
3.07109992	8.45995300
3.07119992	8.45995300
3.07129992	8.45995300
3.07139992	8.45995300
3.07149992	8.45995300
3.07159992	8.45995300
3.07169992	8.45995300
3.07179992	8.45995300
3.07189992	8.45995300
3.07199992	8.45995300
3.07209992	8.45995300
3.07219992	8.45995300
3.07229992	8.36706400
3.07239992	8.45995300
3.07249992	8.45995300
3.07259992	8.45995300
3.07269992	8.45995300
3.07279992	8.45995300
3.07289992	8.45995300
3.07299992	8.45995300
3.07309992	8.45995300
3.07319992	8.45995300
3.07329992	8.45995300
3.07339992	8.45995300
3.07349992	8.45995300
3.07359992	8.45995300
3.07369992	8.45995300
3.07379992	8.36706400
3.07389992	8.45995300
3.07399992	8.45995300
3.07409992	8.45995300
3.07419992	8.45995300
3.07429992	8.45995300
3.07439992	8.45995300
3.07449992	8.45995300
3.07459992	8.36706400
3.07469992	8.45995300
3.07479992	8.45995300
3.07489992	8.45995300
3.07499992	8.45995300
3.07509992	8.45995300
3.07519992	8.45995300
3.07529992	8.45995300
3.07539992	8.36706400
3.07549992	8.45995300
3.07559992	8.45995300
3.07569992	8.45995300
3.07579992	8.45995300
3.07589992	8.36706400
3.07599992	8.45995300
3.07609992	8.45995300
3.07619992	8.45995300
3.07629992	8.45995300
3.07639992	8.36706400
3.07649992	8.45995300
3.07659992	8.45995300
3.07669992	8.45995300
3.07679992	8.45995300
3.07689992	8.36706400
3.07699992	8.36706400
3.07709992	8.36706400
3.07719992	8.36706400
3.07729992	8.45995300
3.07739992	8.36706400
3.07749992	8.45995300
3.07759992	8.36706400
3.07769992	8.45995300
3.07779992	8.36706400
3.07789992	8.45995300
3.07799992	8.45995300
3.07809992	8.36706400
3.07819992	8.36706400
3.07829992	8.36706400
3.07839992	8.36706400
3.07849992	8.45995300
3.07859992	8.36706400
3.07869992	8.45995300
3.07879992	8.36706400
3.07889992	8.36706400
3.07899992	8.36706400
3.07909992	8.36706400
3.07919992	8.36706400
3.07929992	8.36706400
3.07939992	8.45995300
3.07949992	8.36706400
3.07959992	8.36706400
3.07969992	8.36706400
3.07979992	8.36706400
3.07989992	8.36706400
3.07999992	8.36706400
3.08009992	8.36706400
3.08019992	8.36706400
3.08029992	8.36706400
3.08039992	8.36706400
3.08049992	8.36706400
3.08059992	8.36706400
3.08069992	8.36706400
3.08079992	8.36706400
3.08089992	8.36706400
3.08099992	8.36706400
3.08109992	8.45995300
3.08119992	8.36706400
3.08129992	8.36706400
3.08139992	8.36706400
3.08149992	8.36706400
3.08159992	8.36706400
3.08169992	8.36706400
3.08179992	8.36706400
3.08189992	8.36706400
3.08199992	8.36706400
3.08209992	8.36706400
3.08219992	8.36706400
3.08229992	8.45995300
3.08239992	8.36706400
3.08249992	8.36706400
3.08259992	8.36706400
3.08269992	8.36706400
3.08279992	8.36706400
3.08289992	8.36706400
3.08299992	8.36706400
3.08309992	8.36706400
3.08319992	8.36706400
3.08329992	8.36706400
3.08339992	8.36706400
3.08349992	8.36706400
3.08359992	8.36706400
3.08369992	8.36706400
3.08379992	8.36706400
3.08389992	8.36706400
3.08399992	8.36706400
3.08409992	8.36706400
3.08419992	8.36706400
3.08429992	8.36706400
3.08439992	8.36706400
3.08449992	8.36706400
3.08459992	8.36706400
3.08469992	8.36706400
3.08479992	8.36706400
3.08489992	8.36706400
3.08499992	8.36706400
3.08509992	8.36706400
3.08519992	8.36706400
3.08529992	8.36706400
3.08539992	8.36706400
3.08549992	8.36706400
3.08559992	8.36706400
3.08569992	8.36706400
3.08579992	8.36706400
3.08589992	8.36706400
3.08599992	8.36706400
3.08609992	8.36706400
3.08619992	8.36706400
3.08629992	8.36706400
3.08639992	8.36706400
3.08649992	8.36706400
3.08659992	8.36706400
3.08669992	8.36706400
3.08679992	8.36706400
3.08689992	8.36706400
3.08699992	8.36706400
3.08709992	8.36706400
3.08719992	8.36706400
3.08729992	8.36706400
3.08739992	8.36706400
3.08749992	8.36706400
3.08759992	8.36706400
3.08769992	8.36706400
3.08779992	8.36706400
3.08789992	8.36706400
3.08799992	8.36706400
3.08809992	8.36706400
3.08819992	8.36706400
3.08829992	8.36706400
3.08839992	8.36706400
3.08849992	8.36706400
3.08859992	8.36706400
3.08869992	8.36706400
3.08879992	8.36706400
3.08889992	8.36706400
3.08899992	8.36706400
3.08909992	8.36706400
3.08919992	8.36706400
3.08929992	8.36706400
3.08939992	8.36706400
3.08949992	8.36706400
3.08959992	8.36706400
3.08969992	8.36706400
3.08979992	8.36706400
3.08989992	8.36706400
3.08999992	8.36706400
3.09009992	8.36706400
3.09019992	8.36706400
3.09029992	8.36706400
3.09039992	8.36706400
3.09049992	8.36706400
3.09059992	8.36706400
3.09069992	8.36706400
3.09079992	8.36706400
3.09089992	8.36706400
3.09099992	8.36706400
3.09109992	8.36706400
3.09119992	8.36706400
3.09129992	8.36706400
3.09139992	8.36706400
3.09149992	8.36706400
3.09159992	8.36706400
3.09169992	8.36706400
3.09179992	8.36706400
3.09189992	8.36706400
3.09199992	8.36706400
3.09209992	8.36706400
3.09219992	8.36706400
3.09229992	8.36706400
3.09239992	8.36706400
3.09249992	8.36706400
3.09259992	8.36706400
3.09269992	8.36706400
3.09279992	8.36706400
3.09289992	8.36706400
3.09299992	8.36706400
3.09309992	8.36706400
3.09319992	8.36706400
3.09329992	8.36706400
3.09339992	8.36706400
3.09349992	8.36706400
3.09359992	8.36706400
3.09369992	8.36706400
3.09379992	8.36706400
3.09389992	8.36706400
3.09399992	8.36706400
3.09409992	8.36706400
3.09419992	8.36706400
3.09429992	8.36706400
3.09439992	8.36706400
3.09449992	8.36706400
3.09459992	8.36706400
3.09469992	8.36706400
3.09479992	8.36706400
3.09489992	8.36706400
3.09499992	8.36706400
3.09509992	8.36706400
3.09519992	8.36706400
3.09529992	8.36706400
3.09539992	8.36706400
3.09549992	8.36706400
3.09559992	8.36706400
3.09569992	8.36706400
3.09579992	8.36706400
3.09589992	8.36706400
3.09599992	8.36706400
3.09609992	8.36706400
3.09619992	8.36706400
3.09629992	8.36706400
3.09639992	8.36706400
3.09649992	8.36706400
3.09659992	8.36706400
3.09669992	8.36706400
3.09679992	8.36706400
3.09689992	8.36706400
3.09699992	8.36706400
3.09709992	8.36706400
3.09719992	8.36706400
3.09729992	8.36706400
3.09739992	8.36706400
3.09749992	8.36706400
3.09759992	8.36706400
3.09769992	8.36706400
3.09779992	8.36706400
3.09789992	8.36706400
3.09799992	8.36706400
3.09809992	8.36706400
3.09819992	8.36706400
3.09829992	8.36706400
3.09839992	8.36706400
3.09849992	8.36706400
3.09859992	8.36706400
3.09869992	8.36706400
3.09879992	8.36706400
3.09889992	8.36706400
3.09899992	8.36706400
3.09909992	8.36706400
3.09919992	8.36706400
3.09929992	8.36706400
3.09939992	8.36706400
3.09949992	8.36706400
3.09959992	8.36706400
3.09969992	8.36706400
3.09979992	8.36706400
3.09989992	8.36706400
3.09999992	8.36706400
3.10009992	8.36706400
3.10019992	8.36706400
3.10029992	8.36706400
3.10039992	8.36706400
3.10049992	8.36706400
3.10059992	8.36706400
3.10069992	8.36706400
3.10079992	8.36706400
3.10089992	8.36706400
3.10099992	8.36706400
3.10109992	8.36706400
3.10119992	8.36706400
3.10129992	8.36706400
3.10139992	8.36706400
3.10149992	8.36706400
3.10159992	8.36706400
3.10169992	8.27386800
3.10179992	8.36706400
3.10189992	8.36706400
3.10199992	8.36706400
3.10209992	8.36706400
3.10219992	8.36706400
3.10229992	8.36706400
3.10239992	8.36706400
3.10249992	8.36706400
3.10259992	8.36706400
3.10269992	8.36706400
3.10279992	8.36706400
3.10289992	8.36706400
3.10299992	8.36706400
3.10309992	8.36706400
3.10319992	8.36706400
3.10329992	8.36706400
3.10339992	8.36706400
3.10349992	8.36706400
3.10359992	8.36706400
3.10369992	8.36706400
3.10379992	8.27386800
3.10389992	8.36706400
3.10399992	8.36706400
3.10409992	8.36706400
3.10419992	8.36706400
3.10429992	8.36706400
3.10439992	8.36706400
3.10449992	8.36706400
3.10459992	8.36706400
3.10469992	8.36706400
3.10479992	8.27386800
3.10489992	8.36706400
3.10499992	8.27386800
3.10509992	8.36706400
3.10519992	8.27386800
3.10529992	8.27386800
3.10539992	8.36706400
3.10549992	8.27386800
3.10559992	8.36706400
3.10569992	8.27386800
3.10579992	8.27386800
3.10589992	8.36706400
3.10599992	8.27386800
3.10609992	8.27386800
3.10619992	8.27386800
3.10629992	8.27386800
3.10639992	8.27386800
3.10649992	8.36706400
3.10659992	8.27386800
3.10669992	8.27386800
3.10679992	8.27386800
3.10689992	8.27386800
3.10699992	8.27386800
3.10709992	8.27386800
3.10719992	8.27386800
3.10729992	8.27386800
3.10739992	8.27386800
3.10749992	8.27386800
3.10759992	8.27386800
3.10769992	8.27386800
3.10779992	8.27386800
3.10789992	8.27386800
3.10799992	8.27386800
3.10809992	8.27386800
3.10819992	8.27386800
3.10829992	8.27386800
3.10839992	8.27386800
3.10849992	8.27386800
3.10859992	8.27386800
3.10869992	8.27386800
3.10879992	8.27386800
3.10889992	8.27386800
3.10899992	8.27386800
3.10909992	8.27386800
3.10919992	8.27386800
3.10929992	8.27386800
3.10939992	8.27386800
3.10949992	8.27386800
3.10959992	8.27386800
3.10969992	8.27386800
3.10979992	8.27386800
3.10989992	8.27386800
3.10999992	8.27386800
3.11009992	8.27386800
3.11019992	8.27386800
3.11029992	8.27386800
3.11039992	8.27386800
3.11049992	8.27386800
3.11059992	8.27386800
3.11069992	8.27386800
3.11079992	8.27386800
3.11089992	8.27386800
3.11099992	8.27386800
3.11109992	8.27386800
3.11119992	8.27386800
3.11129992	8.27386800
3.11139992	8.27386800
3.11149992	8.27386800
3.11159992	8.27386800
3.11169992	8.27386800
3.11179992	8.27386800
3.11189992	8.27386800
3.11199992	8.27386800
3.11209992	8.27386800
3.11219992	8.27386800
3.11229992	8.27386800
3.11239992	8.27386800
3.11249992	8.27386800
3.11259992	8.27386800
3.11269992	8.27386800
3.11279992	8.27386800
3.11289992	8.27386800
3.11299992	8.27386800
3.11309992	8.27386800
3.11319992	8.36706400
3.11329992	8.27386800
3.11339992	8.27386800
3.11349992	8.27386800
3.11359992	8.27386800
3.11369992	8.27386800
3.11379992	8.27386800
3.11389992	8.27386800
3.11399992	8.27386800
3.11409992	8.27386800
3.11419992	8.36706400
3.11429992	8.27386800
3.11439992	8.27386800
3.11449992	8.27386800
3.11459992	8.27386800
3.11469992	8.27386800
3.11479992	8.27386800
3.11489992	8.27386800
3.11499992	8.27386800
3.11509992	8.27386800
3.11519992	8.27386800
3.11529992	8.27386800
3.11539992	8.27386800
3.11549992	8.27386800
3.11559992	8.27386800
3.11569992	8.27386800
3.11579992	8.27386800
3.11589992	8.27386800
3.11599992	8.27386800
3.11609992	8.27386800
3.11619992	8.27386800
3.11629992	8.36706400
3.11639992	8.27386800
3.11649992	8.27386800
3.11659992	8.27386800
3.11669992	8.27386800
3.11679992	8.27386800
3.11689992	8.27386800
3.11699992	8.27386800
3.11709992	8.27386800
3.11719992	8.27386800
3.11729992	8.27386800
3.11739992	8.27386800
3.11749992	8.27386800
3.11759992	8.27386800
3.11769992	8.27386800
3.11779992	8.27386800
3.11789992	8.27386800
3.11799992	8.27386800
3.11809992	8.27386800
3.11819992	8.27386800
3.11829992	8.27386800
3.11839992	8.27386800
3.11849992	8.27386800
3.11859992	8.27386800
3.11869992	8.27386800
3.11879992	8.27386800
3.11889992	8.27386800
3.11899992	8.27386800
3.11909992	8.27386800
3.11919992	8.27386800
3.11929992	8.27386800
3.11939992	8.27386800
3.11949992	8.27386800
3.11959992	8.27386800
3.11969992	8.27386800
3.11979992	8.27386800
3.11989992	8.27386800
3.11999992	8.27386800
3.12009992	8.27386800
3.12019992	8.36706400
3.12029992	8.27386800
3.12039992	8.27386800
3.12049992	8.27386800
3.12059992	8.27386800
3.12069992	8.27386800
3.12079992	8.27386800
3.12089992	8.27386800
3.12099992	8.27386800
3.12109992	8.27386800
3.12119992	8.27386800
3.12129992	8.27386800
3.12139992	8.27386800
3.12149992	8.27386800
3.12159992	8.27386800
3.12169992	8.27386800
3.12179992	8.27386800
3.12189992	8.27386800
3.12199992	8.27386800
3.12209992	8.27386800
3.12219992	8.27386800
3.12229992	8.27386800
3.12239992	8.27386800
3.12249992	8.27386800
3.12259992	8.27386800
3.12269992	8.27386800
3.12279992	8.27386800
3.12289992	8.27386800
3.12299992	8.27386800
3.12309992	8.27386800
3.12319992	8.27386800
3.12329992	8.27386800
3.12339992	8.27386800
3.12349992	8.27386800
3.12359992	8.27386800
3.12369992	8.27386800
3.12379992	8.27386800
3.12389992	8.27386800
3.12399992	8.27386800
3.12409992	8.27386800
3.12419992	8.27386800
3.12429992	8.27386800
3.12439992	8.18098000
3.12449992	8.27386800
3.12459992	8.27386800
3.12469992	8.27386800
3.12479992	8.27386800
3.12489992	8.27386800
3.12499992	8.27386800
3.12509992	8.27386800
3.12519992	8.27386800
3.12529992	8.27386800
3.12539992	8.27386800
3.12549992	8.27386800
3.12559992	8.27386800
3.12569992	8.27386800
3.12579992	8.27386800
3.12589992	8.27386800
3.12599992	8.27386800
3.12609992	8.27386800
3.12619992	8.27386800
3.12629992	8.27386800
3.12639992	8.27386800
3.12649992	8.27386800
3.12659992	8.27386800
3.12669992	8.27386800
3.12679992	8.27386800
3.12689992	8.27386800
3.12699992	8.27386800
3.12709992	8.27386800
3.12719992	8.27386800
3.12729992	8.27386800
3.12739992	8.27386800
3.12749992	8.27386800
3.12759992	8.27386800
3.12769992	8.27386800
3.12779992	8.27386800
3.12789992	8.18098000
3.12799992	8.27386800
3.12809992	8.27386800
3.12819992	8.27386800
3.12829992	8.27386800
3.12839992	8.27386800
3.12849992	8.18098000
3.12859992	8.18098000
3.12869992	8.27386800
3.12879992	8.27386800
3.12889992	8.18098000
3.12899992	8.18098000
3.12909992	8.27386800
3.12919992	8.18098000
3.12929992	8.27386800
3.12939992	8.27386800
3.12949992	8.18098000
3.12959992	8.27386800
3.12969992	8.27386800
3.12979992	8.27386800
3.12989992	8.27386800
3.12999992	8.27386800
3.13009992	8.18098000
3.13019992	8.27386800
3.13029992	8.27386800
3.13039992	8.27386800
3.13049992	8.18098000
3.13059992	8.27386800
3.13069992	8.18098000
3.13079992	8.18098000
3.13089992	8.27386800
3.13099992	8.18098000
3.13109992	8.18098000
3.13119992	8.18098000
3.13129992	8.18098000
3.13139992	8.18098000
3.13149992	8.18098000
3.13159992	8.18098000
3.13169992	8.18098000
3.13179992	8.27386800
3.13189992	8.18098000
3.13199992	8.18098000
3.13209992	8.18098000
3.13219992	8.18098000
3.13229992	8.27386800
3.13239992	8.18098000
3.13249992	8.18098000
3.13259992	8.27386800
3.13269992	8.18098000
3.13279992	8.18098000
3.13289992	8.18098000
3.13299992	8.18098000
3.13309992	8.18098000
3.13319992	8.18098000
3.13329992	8.18098000
3.13339992	8.18098000
3.13349992	8.18098000
3.13359992	8.18098000
3.13369992	8.18098000
3.13379992	8.18098000
3.13389992	8.18098000
3.13399992	8.18098000
3.13409992	8.18098000
3.13419992	8.18098000
3.13429992	8.18098000
3.13439992	8.27386800
3.13449992	8.18098000
3.13459992	8.18098000
3.13469992	8.18098000
3.13479992	8.18098000
3.13489992	8.18098000
3.13499992	8.18098000
3.13509992	8.18098000
3.13519992	8.18098000
3.13529992	8.18098000
3.13539992	8.18098000
3.13549992	8.18098000
3.13559992	8.18098000
3.13569992	8.18098000
3.13579992	8.18098000
3.13589992	8.18098000
3.13599992	8.18098000
3.13609992	8.18098000
3.13619992	8.18098000
3.13629992	8.18098000
3.13639992	8.18098000
3.13649992	8.18098000
3.13659992	8.18098000
3.13669992	8.18098000
3.13679992	8.18098000
3.13689992	8.18098000
3.13699992	8.18098000
3.13709992	8.18098000
3.13719992	8.18098000
3.13729992	8.18098000
3.13739992	8.18098000
3.13749992	8.18098000
3.13759992	8.18098000
3.13769992	8.18098000
3.13779992	8.18098000
3.13789992	8.18098000
3.13799992	8.18098000
3.13809992	8.18098000
3.13819992	8.18098000
3.13829992	8.18098000
3.13839992	8.18098000
3.13849992	8.18098000
3.13859992	8.18098000
3.13869992	8.18098000
3.13879992	8.18098000
3.13889992	8.18098000
3.13899992	8.18098000
3.13909992	8.18098000
3.13919992	8.18098000
3.13929992	8.18098000
3.13939992	8.18098000
3.13949992	8.18098000
3.13959992	8.18098000
3.13969992	8.18098000
3.13979992	8.18098000
3.13989992	8.18098000
3.13999992	8.18098000
3.14009992	8.18098000
3.14019992	8.18098000
3.14029992	8.18098000
3.14039992	8.18098000
3.14049992	8.18098000
3.14059992	8.18098000
3.14069992	8.18098000
3.14079992	8.18098000
3.14089992	8.18098000
3.14099992	8.18098000
3.14109992	8.18098000
3.14119992	8.18098000
3.14129992	8.18098000
3.14139992	8.18098000
3.14149992	8.18098000
3.14159992	8.18098000
3.14169992	8.18098000
3.14179992	8.18098000
3.14189992	8.18098000
3.14199992	8.18098000
3.14209992	8.18098000
3.14219992	8.18098000
3.14229992	8.18098000
3.14239992	8.18098000
3.14249992	8.18098000
3.14259992	8.18098000
3.14269992	8.18098000
3.14279992	8.18098000
3.14289992	8.18098000
3.14299992	8.18098000
3.14309992	8.18098000
3.14319992	8.18098000
3.14329992	8.18098000
3.14339992	8.18098000
3.14349992	8.18098000
3.14359992	8.18098000
3.14369992	8.18098000
3.14379992	8.27386800
3.14389992	8.18098000
3.14399992	8.18098000
3.14409992	8.18098000
3.14419992	8.18098000
3.14429992	8.18098000
3.14439992	8.18098000
3.14449992	8.18098000
3.14459992	8.18098000
3.14469992	8.18098000
3.14479992	8.18098000
3.14489992	8.18098000
3.14499992	8.18098000
3.14509992	8.18098000
3.14519992	8.18098000
3.14529992	8.18098000
3.14539992	8.18098000
3.14549992	8.18098000
3.14559992	8.18098000
3.14569992	8.18098000
3.14579992	8.18098000
3.14589992	8.18098000
3.14599992	8.18098000
3.14609992	8.18098000
3.14619992	8.18098000
3.14629992	8.18098000
3.14639992	8.18098000
3.14649992	8.18098000
3.14659992	8.18098000
3.14669992	8.18098000
3.14679992	8.18098000
3.14689992	8.18098000
3.14699992	8.18098000
3.14709992	8.18098000
3.14719992	8.18098000
3.14729992	8.18098000
3.14739992	8.18098000
3.14749992	8.18098000
3.14759992	8.18098000
3.14769992	8.18098000
3.14779992	8.18098000
3.14789992	8.18098000
3.14799992	8.18098000
3.14809992	8.18098000
3.14819992	8.18098000
3.14829992	8.18098000
3.14839992	8.18098000
3.14849992	8.18098000
3.14859992	8.18098000
3.14869992	8.18098000
3.14879992	8.18098000
3.14889992	8.18098000
3.14899992	8.18098000
3.14909992	8.18098000
3.14919992	8.18098000
3.14929992	8.08809100
3.14939992	8.18098000
3.14949992	8.18098000
3.14959992	8.18098000
3.14969992	8.18098000
3.14979992	8.18098000
3.14989992	8.18098000
3.14999992	8.08809100
3.15009992	8.08809100
3.15019992	8.18098000
3.15029992	8.08809100
3.15039992	8.08809100
3.15049992	8.08809100
3.15059992	8.18098000
3.15069992	8.08809100
3.15079992	8.18098000
3.15089992	8.08809100
3.15099992	8.08809100
3.15109992	8.08809100
3.15119992	8.08809100
3.15129992	8.18098000
3.15139992	8.08809100
3.15149992	8.08809100
3.15159992	8.08809100
3.15169992	8.18098000
3.15179992	8.08809100
3.15189992	8.08809100
3.15199992	8.18098000
3.15209992	8.08809100
3.15219992	8.08809100
3.15229992	8.08809100
3.15239992	8.08809100
3.15249992	8.08809100
3.15259992	8.08809100
3.15269992	8.08809100
3.15279992	8.08809100
3.15289992	8.08809100
3.15299992	8.08809100
3.15309992	8.18098000
3.15319992	8.08809100
3.15329992	8.08809100
3.15339992	8.18098000
3.15349992	8.08809100
3.15359992	8.08809100
3.15369992	8.08809100
3.15379992	8.08809100
3.15389992	8.08809100
3.15399992	8.08809100
3.15409992	8.08809100
3.15419992	8.08809100
3.15429992	8.08809100
3.15439992	8.08809100
3.15449992	8.08809100
3.15459992	8.08809100
3.15469992	8.08809100
3.15479992	8.08809100
3.15489992	8.08809100
3.15499992	8.08809100
3.15509992	8.08809100
3.15519992	8.08809100
3.15529992	8.08809100
3.15539992	8.08809100
3.15549992	8.08809100
3.15559992	8.08809100
3.15569992	8.08809100
3.15579992	8.08809100
3.15589992	8.08809100
3.15599992	8.08809100
3.15609992	8.08809100
3.15619992	8.08809100
3.15629992	8.08809100
3.15639992	8.08809100
3.15649992	8.08809100
3.15659992	8.08809100
3.15669992	8.08809100
3.15679992	8.08809100
3.15689992	8.08809100
3.15699992	8.08809100
3.15709992	8.08809100
3.15719992	8.08809100
3.15729992	8.08809100
3.15739992	8.08809100
3.15749992	8.08809100
3.15759992	8.08809100
3.15769992	8.08809100
3.15779992	8.08809100
3.15789992	8.08809100
3.15799992	8.08809100
3.15809992	8.08809100
3.15819992	8.08809100
3.15829992	8.08809100
3.15839992	8.08809100
3.15849992	8.08809100
3.15859992	8.08809100
3.15869992	8.08809100
3.15879992	8.08809100
3.15889992	8.08809100
3.15899992	8.08809100
3.15909992	8.08809100
3.15919992	8.08809100
3.15929992	8.08809100
3.15939992	8.08809100
3.15949992	8.08809100
3.15959992	8.08809100
3.15969992	8.08809100
3.15979992	8.08809100
3.15989992	8.08809100
3.15999992	8.08809100
3.16009992	8.08809100
3.16019992	8.08809100
3.16029992	8.08809100
3.16039992	8.08809100
3.16049992	8.08809100
3.16059992	8.08809100
3.16069992	8.08809100
3.16079992	8.08809100
3.16089992	8.08809100
3.16099992	8.08809100
3.16109992	8.08809100
3.16119992	8.08809100
3.16129992	8.08809100
3.16139992	8.08809100
3.16149992	8.08809100
3.16159992	8.08809100
3.16169992	8.08809100
3.16179992	8.08809100
3.16189992	8.08809100
3.16199992	8.08809100
3.16209992	8.08809100
3.16219992	8.08809100
3.16229992	8.08809100
3.16239992	8.18098000
3.16249992	8.08809100
3.16259992	8.08809100
3.16269992	8.08809100
3.16279992	8.08809100
3.16289992	8.08809100
3.16299992	8.18098000
3.16309992	8.18098000
3.16319992	8.08809100
3.16329992	8.08809100
3.16339992	8.08809100
3.16349992	8.08809100
3.16359992	8.08809100
3.16369992	8.08809100
3.16379992	8.08809100
3.16389992	8.08809100
3.16399992	8.08809100
3.16409992	8.08809100
3.16419992	8.08809100
3.16429992	8.08809100
3.16439992	8.08809100
3.16449992	8.08809100
3.16459992	8.08809100
3.16469992	8.08809100
3.16479992	8.08809100
3.16489992	8.08809100
3.16499992	8.08809100
3.16509992	8.08809100
3.16519992	8.08809100
3.16529992	8.08809100
3.16539992	8.08809100
3.16549992	8.08809100
3.16559992	8.08809100
3.16569992	8.08809100
3.16579992	8.08809100
3.16589992	8.08809100
3.16599992	8.08809100
3.16609992	8.08809100
3.16619992	8.08809100
3.16629992	8.08809100
3.16639992	8.08809100
3.16649992	8.08809100
3.16659992	8.08809100
3.16669992	8.08809100
3.16679992	8.08809100
3.16689992	8.08809100
3.16699992	8.08809100
3.16709992	8.08809100
3.16719992	8.08809100
3.16729992	8.08809100
3.16739992	8.08809100
3.16749992	8.08809100
3.16759992	8.08809100
3.16769992	8.08809100
3.16779992	8.08809100
3.16789992	8.08809100
3.16799992	8.08809100
3.16809992	8.08809100
3.16819992	8.08809100
3.16829992	8.08809100
3.16839992	8.08809100
3.16849992	8.08809100
3.16859992	8.08809100
3.16869992	8.08809100
3.16879992	8.08809100
3.16889992	8.08809100
3.16899992	8.08809100
3.16909992	8.08809100
3.16919992	7.99520200
3.16929992	8.08809100
3.16939992	8.08809100
3.16949992	7.99520200
3.16959992	8.08809100
3.16969992	8.08809100
3.16979992	8.08809100
3.16989992	8.08809100
3.16999992	8.08809100
3.17009992	7.99520200
3.17019992	8.08809100
3.17029992	7.99520200
3.17039992	8.08809100
3.17049992	8.08809100
3.17059992	8.08809100
3.17069992	8.08809100
3.17079992	8.08809100
3.17089992	8.08809100
3.17099992	7.99520200
3.17109992	7.99520200
3.17119992	8.08809100
3.17129992	7.99520200
3.17139992	7.99520200
3.17149992	8.08809100
3.17159992	7.99520200
3.17169992	7.99520200
3.17179992	8.08809100
3.17189992	8.08809100
3.17199992	7.99520200
3.17209992	8.08809100
3.17219992	8.08809100
3.17229992	8.08809100
3.17239992	8.08809100
3.17249992	8.08809100
3.17259992	8.08809100
3.17269992	8.08809100
3.17279992	7.99520200
3.17289992	8.08809100
3.17299992	8.08809100
3.17309992	8.08809100
3.17319992	7.99520200
3.17329992	7.99520200
3.17339992	8.08809100
3.17349992	8.08809100
3.17359992	7.99520200
3.17369992	8.08809100
3.17379992	8.08809100
3.17389992	7.99520200
3.17399992	7.99520200
3.17409992	8.08809100
3.17419992	8.08809100
3.17429992	8.08809100
3.17439992	7.99520200
3.17449992	8.08809100
3.17459992	8.08809100
3.17469992	8.08809100
3.17479992	7.99520200
3.17489992	8.08809100
3.17499992	8.08809100
3.17509992	7.99520200
3.17519992	7.99520200
3.17529992	7.99520200
3.17539992	7.99520200
3.17549992	7.99520200
3.17559992	7.99520200
3.17569992	7.99520200
3.17579992	7.99520200
3.17589992	7.99520200
3.17599992	7.99520200
3.17609992	7.99520200
3.17619992	7.99520200
3.17629992	7.99520200
3.17639992	7.99520200
3.17649992	7.99520200
3.17659992	7.99520200
3.17669992	8.08809100
3.17679992	7.99520200
3.17689992	7.99520200
3.17699992	7.99520200
3.17709992	7.99520200
3.17719992	7.99520200
3.17729992	7.99520200
3.17739992	7.99520200
3.17749992	7.99520200
3.17759992	7.99520200
3.17769992	7.99520200
3.17779992	7.99520200
3.17789992	7.99520200
3.17799992	7.99520200
3.17809992	7.99520200
3.17819992	7.99520200
3.17829992	7.99520200
3.17839992	7.99520200
3.17849992	7.99520200
3.17859992	7.99520200
3.17869992	7.99520200
3.17879992	7.99520200
3.17889992	7.99520200
3.17899992	7.99520200
3.17909992	7.99520200
3.17919992	7.99520200
3.17929992	7.99520200
3.17939992	7.99520200
3.17949992	7.99520200
3.17959992	7.99520200
3.17969992	7.99520200
3.17979992	7.99520200
3.17989992	7.99520200
3.17999992	7.99520200
3.18009992	7.99520200
3.18019992	7.99520200
3.18029992	7.99520200
3.18039992	7.99520200
3.18049992	7.99520200
3.18059992	7.99520200
3.18069992	7.99520200
3.18079992	7.99520200
3.18089992	7.99520200
3.18099992	7.99520200
3.18109992	7.99520200
3.18119992	7.99520200
3.18129992	7.99520200
3.18139992	7.99520200
3.18149992	7.99520200
3.18159992	7.99520200
3.18169992	7.99520200
3.18179992	7.99520200
3.18189992	7.99520200
3.18199992	7.99520200
3.18209992	7.99520200
3.18219992	7.99520200
3.18229992	7.99520200
3.18239992	7.99520200
3.18249992	7.99520200
3.18259992	7.99520200
3.18269992	7.99520200
3.18279992	7.99520200
3.18289992	7.99520200
3.18299992	7.99520200
3.18309992	7.99520200
3.18319992	7.99520200
3.18329992	7.99520200
3.18339992	7.99520200
3.18349992	7.99520200
3.18359992	7.99520200
3.18369992	7.99520200
3.18379992	7.99520200
3.18389992	7.99520200
3.18399992	7.99520200
3.18409992	7.99520200
3.18419992	7.99520200
3.18429992	7.99520200
3.18439992	7.99520200
3.18449992	7.99520200
3.18459992	7.99520200
3.18469992	7.99520200
3.18479992	7.99520200
3.18489992	7.99520200
3.18499992	7.99520200
3.18509992	7.99520200
3.18519992	7.99520200
3.18529992	7.99520200
3.18539992	7.99520200
3.18549992	7.99520200
3.18559992	7.99520200
3.18569992	7.99520200
3.18579992	7.90200500
3.18589992	7.99520200
3.18599992	7.99520200
3.18609992	7.99520200
3.18619992	7.99520200
3.18629992	7.90200500
3.18639992	7.90200500
3.18649992	7.99520200
3.18659992	7.99520200
3.18669992	7.99520200
3.18679992	7.99520200
3.18689992	7.99520200
3.18699992	7.90200500
3.18709992	7.99520200
3.18719992	7.99520200
3.18729992	7.90200500
3.18739992	7.90200500
3.18749992	7.90200500
3.18759992	7.99520200
3.18769992	7.99520200
3.18779992	7.90200500
3.18789992	7.90200500
3.18799992	7.99520200
3.18809992	7.99520200
3.18819992	7.99520200
3.18829992	7.99520200
3.18839992	7.90200500
3.18849992	7.99520200
3.18859992	7.99520200
3.18869992	7.99520200
3.18879992	7.99520200
3.18889992	7.99520200
3.18899992	7.99520200
3.18909992	7.99520200
3.18919992	7.99520200
3.18929992	7.99520200
3.18939992	7.99520200
3.18949992	7.99520200
3.18959992	7.99520200
3.18969992	7.99520200
3.18979992	7.99520200
3.18989992	7.99520200
3.18999992	7.99520200
3.19009992	7.99520200
3.19019992	7.99520200
3.19029992	7.99520200
3.19039992	7.99520200
3.19049992	7.99520200
3.19059992	7.99520200
3.19069992	7.99520200
3.19079992	7.99520200
3.19089992	7.99520200
3.19099992	7.99520200
3.19109992	7.99520200
3.19119992	7.99520200
3.19129992	7.99520200
3.19139992	7.99520200
3.19149992	7.99520200
3.19159992	7.99520200
3.19169992	7.99520200
3.19179992	7.99520200
3.19189992	7.99520200
3.19199992	7.99520200
3.19209992	7.99520200
3.19219992	7.99520200
3.19229992	7.99520200
3.19239992	7.99520200
3.19249992	7.99520200
3.19259992	7.99520200
3.19269992	7.99520200
3.19279992	7.99520200
3.19289992	7.99520200
3.19299992	7.99520200
3.19309992	7.99520200
3.19319992	7.99520200
3.19329992	7.99520200
3.19339992	7.99520200
3.19349992	7.99520200
3.19359992	7.99520200
3.19369992	7.99520200
3.19379992	7.99520200
3.19389992	7.99520200
3.19399992	7.99520200
3.19409992	7.99520200
3.19419992	7.90200500
3.19429992	7.99520200
3.19439992	7.90200500
3.19449992	7.90200500
3.19459992	7.99520200
3.19469992	7.99520200
3.19479992	7.99520200
3.19489992	7.90200500
3.19499992	7.90200500
3.19509992	7.90200500
3.19519992	7.90200500
3.19529992	7.99520200
3.19539992	7.99520200
3.19549992	7.90200500
3.19559992	7.99520200
3.19569992	7.90200500
3.19579992	7.99520200
3.19589992	7.99520200
3.19599992	7.90200500
3.19609992	7.90200500
3.19619992	7.90200500
3.19629992	7.99520200
3.19639992	7.99520200
3.19649992	7.90200500
3.19659992	7.90200500
3.19669992	7.90200500
3.19679992	7.90200500
3.19689992	7.90200500
3.19699992	7.90200500
3.19709992	7.90200500
3.19719992	7.90200500
3.19729992	7.90200500
3.19739992	7.99520200
3.19749992	7.90200500
3.19759992	7.90200500
3.19769992	7.90200500
3.19779992	7.90200500
3.19789992	7.90200500
3.19799992	7.90200500
3.19809992	7.90200500
3.19819992	7.90200500
3.19829992	7.90200500
3.19839992	7.90200500
3.19849992	7.90200500
3.19859992	7.90200500
3.19869992	7.90200500
3.19879992	7.90200500
3.19889992	7.90200500
3.19899992	7.90200500
3.19909992	7.90200500
3.19919992	7.90200500
3.19929992	7.99520200
3.19939992	7.90200500
3.19949992	7.90200500
3.19959992	7.90200500
3.19969992	7.99520200
3.19979992	7.90200500
3.19989992	7.99520200
3.19999992	7.90200500
3.20009992	7.90200500
3.20019992	7.90200500
3.20029992	7.90200500
3.20039992	7.90200500
3.20049992	7.90200500
3.20059992	7.90200500
3.20069992	7.90200500
3.20079992	7.90200500
3.20089992	7.99520200
3.20099992	7.90200500
3.20109992	7.90200500
3.20119992	7.90200500
3.20129992	7.90200500
3.20139992	7.90200500
3.20149992	7.90200500
3.20159992	7.90200500
3.20169992	7.90200500
3.20179992	7.90200500
3.20189992	7.90200500
3.20199992	7.90200500
3.20209992	7.90200500
3.20219992	7.90200500
3.20229992	7.90200500
3.20239992	7.90200500
3.20249992	7.90200500
3.20259992	7.90200500
3.20269992	7.90200500
3.20279992	7.90200500
3.20289992	7.90200500
3.20299992	7.90200500
3.20309992	7.90200500
3.20319992	7.90200500
3.20329992	7.90200500
3.20339992	7.90200500
3.20349992	7.90200500
3.20359992	7.90200500
3.20369992	7.90200500
3.20379992	7.90200500
3.20389992	7.90200500
3.20399992	7.90200500
3.20409992	7.90200500
3.20419992	7.90200500
3.20429992	7.90200500
3.20439992	7.90200500
3.20449992	7.90200500
3.20459992	7.90200500
3.20469992	7.90200500
3.20479992	7.90200500
3.20489992	7.90200500
3.20499992	7.90200500
3.20509992	7.90200500
3.20519992	7.90200500
3.20529992	7.90200500
3.20539992	7.90200500
3.20549992	7.90200500
3.20559992	7.90200500
3.20569992	7.90200500
3.20579992	7.90200500
3.20589992	7.90200500
3.20599992	7.90200500
3.20609992	7.90200500
3.20619992	7.90200500
3.20629992	7.80911700
3.20639992	7.90200500
3.20649992	7.80911700
3.20659992	7.80911700
3.20669992	7.80911700
3.20679992	7.80911700
3.20689992	7.80911700
3.20699992	7.80911700
3.20709992	7.80911700
3.20719992	7.90200500
3.20729992	7.80911700
3.20739992	7.80911700
3.20749992	7.80911700
3.20759992	7.90200500
3.20769992	7.80911700
3.20779992	7.80911700
3.20789992	7.80911700
3.20799992	7.80911700
3.20809992	7.80911700
3.20819992	7.80911700
3.20829992	7.80911700
3.20839992	7.80911700
3.20849992	7.80911700
3.20859992	7.80911700
3.20869992	7.80911700
3.20879992	7.80911700
3.20889992	7.80911700
3.20899992	7.80911700
3.20909992	7.80911700
3.20919992	7.80911700
3.20929992	7.80911700
3.20939992	7.80911700
3.20949992	7.80911700
3.20959992	7.80911700
3.20969992	7.80911700
3.20979992	7.80911700
3.20989992	7.80911700
3.20999992	7.80911700
3.21009992	7.80911700
3.21019992	7.80911700
3.21029992	7.80911700
3.21039992	7.80911700
3.21049992	7.80911700
3.21059992	7.80911700
3.21069992	7.80911700
3.21079992	7.80911700
3.21089992	7.80911700
3.21099992	7.80911700
3.21109992	7.80911700
3.21119992	7.80911700
3.21129992	7.80911700
3.21139992	7.80911700
3.21149992	7.80911700
3.21159992	7.80911700
3.21169992	7.80911700
3.21179992	7.80911700
3.21189992	7.80911700
3.21199992	7.80911700
3.21209992	7.80911700
3.21219992	7.90200500
3.21229992	7.80911700
3.21239992	7.80911700
3.21249992	7.80911700
3.21259992	7.80911700
3.21269992	7.80911700
3.21279992	7.80911700
3.21289992	7.90200500
3.21299992	7.90200500
3.21309992	7.90200500
3.21319992	7.90200500
3.21329992	7.80911700
3.21339992	7.80911700
3.21349992	7.80911700
3.21359992	7.90200500
3.21369992	7.80911700
3.21379992	7.80911700
3.21389992	7.90200500
3.21399992	7.90200500
3.21409992	7.80911700
3.21419992	7.80911700
3.21429992	7.80911700
3.21439992	7.90200500
3.21449992	7.80911700
3.21459992	7.80911700
3.21469992	7.80911700
3.21479992	7.80911700
3.21489992	7.80911700
3.21499992	7.90200500
3.21509992	7.80911700
3.21519992	7.80911700
3.21529992	7.80911700
3.21539992	7.80911700
3.21549992	7.80911700
3.21559992	7.80911700
3.21569992	7.80911700
3.21579992	7.80911700
3.21589992	7.80911700
3.21599992	7.80911700
3.21609992	7.80911700
3.21619992	7.80911700
3.21629992	7.80911700
3.21639992	7.80911700
3.21649992	7.80911700
3.21659992	7.80911700
3.21669992	7.80911700
3.21679992	7.80911700
3.21689992	7.80911700
3.21699992	7.80911700
3.21709992	7.80911700
3.21719992	7.80911700
3.21729992	7.80911700
3.21739992	7.80911700
3.21749992	7.80911700
3.21759992	7.80911700
3.21769992	7.80911700
3.21779992	7.80911700
3.21789992	7.80911700
3.21799992	7.80911700
3.21809992	7.80911700
3.21819992	7.80911700
3.21829992	7.80911700
3.21839992	7.80911700
3.21849992	7.80911700
3.21859992	7.80911700
3.21869992	7.80911700
3.21879992	7.80911700
3.21889992	7.80911700
3.21899992	7.80911700
3.21909992	7.80911700
3.21919992	7.80911700
3.21929992	7.80911700
3.21939992	7.80911700
3.21949992	7.80911700
3.21959992	7.80911700
3.21969992	7.80911700
3.21979992	7.80911700
3.21989992	7.80911700
3.21999992	7.80911700
3.22009992	7.80911700
3.22019992	7.80911700
3.22029992	7.80911700
3.22039992	7.80911700
3.22049992	7.80911700
3.22059992	7.80911700
3.22069992	7.80911700
3.22079992	7.80911700
3.22089992	7.80911700
3.22099992	7.80911700
3.22109992	7.80911700
3.22119992	7.80911700
3.22129992	7.80911700
3.22139992	7.80911700
3.22149992	7.80911700
3.22159992	7.80911700
3.22169992	7.80911700
3.22179992	7.80911700
3.22189992	7.80911700
3.22199992	7.80911700
3.22209992	7.80911700
3.22219992	7.80911700
3.22229992	7.80911700
3.22239992	7.80911700
3.22249992	7.80911700
3.22259992	7.80911700
3.22269992	7.80911700
3.22279992	7.80911700
3.22289992	7.80911700
3.22299992	7.80911700
3.22309992	7.80911700
3.22319992	7.80911700
3.22329992	7.80911700
3.22339992	7.80911700
3.22349992	7.80911700
3.22359992	7.80911700
3.22369992	7.80911700
3.22379992	7.80911700
3.22389992	7.80911700
3.22399992	7.80911700
3.22409992	7.80911700
3.22419992	7.80911700
3.22429992	7.80911700
3.22439992	7.80911700
3.22449992	7.80911700
3.22459992	7.80911700
3.22469992	7.80911700
3.22479992	7.80911700
3.22489992	7.80911700
3.22499992	7.80911700
3.22509992	7.80911700
3.22519992	7.80911700
3.22529992	7.80911700
3.22539992	7.80911700
3.22549992	7.80911700
3.22559992	7.80911700
3.22569992	7.80911700
3.22579992	7.80911700
3.22589992	7.80911700
3.22599992	7.80911700
3.22609992	7.80911700
3.22619992	7.80911700
3.22629992	7.80911700
3.22639992	7.80911700
3.22649992	7.80911700
3.22659992	7.80911700
3.22669992	7.80911700
3.22679992	7.71622800
3.22689992	7.80911700
3.22699992	7.80911700
3.22709992	7.71622800
3.22719992	7.71622800
3.22729992	7.71622800
3.22739992	7.80911700
3.22749992	7.71622800
3.22759992	7.71622800
3.22769992	7.80911700
3.22779992	7.80911700
3.22789992	7.71622800
3.22799992	7.80911700
3.22809992	7.71622800
3.22819992	7.80911700
3.22829992	7.80911700
3.22839992	7.80911700
3.22849992	7.71622800
3.22859992	7.80911700
3.22869992	7.71622800
3.22879992	7.71622800
3.22889992	7.71622800
3.22899992	7.71622800
3.22909992	7.80911700
3.22919992	7.71622800
3.22929992	7.71622800
3.22939992	7.71622800
3.22949992	7.71622800
3.22959992	7.71622800
3.22969992	7.80911700
3.22979992	7.71622800
3.22989992	7.71622800
3.22999992	7.71622800
3.23009992	7.71622800
3.23019992	7.71622800
3.23029992	7.71622800
3.23039992	7.71622800
3.23049992	7.71622800
3.23059992	7.71622800
3.23069992	7.71622800
3.23079992	7.71622800
3.23089992	7.71622800
3.23099992	7.71622800
3.23109992	7.80911700
3.23119992	7.71622800
3.23129992	7.71622800
3.23139992	7.71622800
3.23149992	7.71622800
3.23159992	7.71622800
3.23169992	7.71622800
3.23179992	7.71622800
3.23189992	7.71622800
3.23199992	7.71622800
3.23209992	7.71622800
3.23219992	7.71622800
3.23229992	7.71622800
3.23239992	7.71622800
3.23249992	7.71622800
3.23259992	7.80911700
3.23269992	7.71622800
3.23279992	7.71622800
3.23289992	7.71622800
3.23299992	7.71622800
3.23309992	7.71622800
3.23319992	7.80911700
3.23329992	7.71622800
3.23339992	7.80911700
3.23349992	7.71622800
3.23359992	7.71622800
3.23369992	7.71622800
3.23379992	7.71622800
3.23389992	7.71622800
3.23399992	7.71622800
3.23409992	7.71622800
3.23419992	7.71622800
3.23429992	7.71622800
3.23439992	7.71622800
3.23449992	7.71622800
3.23459992	7.71622800
3.23469992	7.71622800
3.23479992	7.71622800
3.23489992	7.71622800
3.23499992	7.71622800
3.23509992	7.71622800
3.23519992	7.71622800
3.23529992	7.71622800
3.23539992	7.71622800
3.23549992	7.71622800
3.23559992	7.71622800
3.23569992	7.71622800
3.23579992	7.71622800
3.23589992	7.71622800
3.23599992	7.71622800
3.23609992	7.71622800
3.23619992	7.71622800
3.23629992	7.71622800
3.23639992	7.71622800
3.23649992	7.71622800
3.23659992	7.71622800
3.23669992	7.71622800
3.23679992	7.71622800
3.23689992	7.71622800
3.23699992	7.71622800
3.23709992	7.71622800
3.23719992	7.71622800
3.23729992	7.71622800
3.23739992	7.71622800
3.23749992	7.71622800
3.23759992	7.71622800
3.23769992	7.71622800
3.23779992	7.62333900
3.23789992	7.71622800
3.23799992	7.71622800
3.23809992	7.71622800
3.23819992	7.71622800
3.23829992	7.71622800
3.23839992	7.71622800
3.23849992	7.71622800
3.23859992	7.71622800
3.23869992	7.71622800
3.23879992	7.71622800
3.23889992	7.71622800
3.23899992	7.62333900
3.23909992	7.71622800
3.23919992	7.71622800
3.23929992	7.71622800
3.23939992	7.71622800
3.23949992	7.71622800
3.23959992	7.71622800
3.23969992	7.71622800
3.23979992	7.71622800
3.23989992	7.71622800
3.23999992	7.71622800
3.24009992	7.71622800
3.24019992	7.71622800
3.24029992	7.71622800
3.24039992	7.71622800
3.24049992	7.71622800
3.24059992	7.71622800
3.24069992	7.71622800
3.24079992	7.71622800
3.24089992	7.71622800
3.24099992	7.71622800
3.24109992	7.71622800
3.24119992	7.71622800
3.24129992	7.71622800
3.24139992	7.71622800
3.24149992	7.71622800
3.24159992	7.71622800
3.24169992	7.71622800
3.24179992	7.71622800
3.24189992	7.71622800
3.24199992	7.71622800
3.24209992	7.71622800
3.24219992	7.71622800
3.24229992	7.71622800
3.24239992	7.71622800
3.24249992	7.71622800
3.24259992	7.71622800
3.24269992	7.71622800
3.24279992	7.71622800
3.24289992	7.71622800
3.24299992	7.71622800
3.24309992	7.71622800
3.24319992	7.71622800
3.24329992	7.71622800
3.24339992	7.71622800
3.24349992	7.71622800
3.24359992	7.71622800
3.24369992	7.71622800
3.24379992	7.71622800
3.24389992	7.71622800
3.24399992	7.71622800
3.24409992	7.71622800
3.24419992	7.71622800
3.24429992	7.71622800
3.24439992	7.71622800
3.24449992	7.71622800
3.24459992	7.71622800
3.24469992	7.71622800
3.24479992	7.71622800
3.24489992	7.71622800
3.24499992	7.71622800
3.24509992	7.71622800
3.24519992	7.71622800
3.24529992	7.71622800
3.24539992	7.71622800
3.24549992	7.71622800
3.24559992	7.71622800
3.24569992	7.71622800
3.24579992	7.71622800
3.24589992	7.71622800
3.24599992	7.71622800
3.24609992	7.71622800
3.24619992	7.71622800
3.24629992	7.71622800
3.24639992	7.71622800
3.24649992	7.71622800
3.24659992	7.71622800
3.24669992	7.71622800
3.24679992	7.71622800
3.24689992	7.71622800
3.24699992	7.71622800
3.24709992	7.62333900
3.24719992	7.71622800
3.24729992	7.71622800
3.24739992	7.62333900
3.24749992	7.71622800
3.24759992	7.71622800
3.24769992	7.62333900
3.24779992	7.62333900
3.24789992	7.71622800
3.24799992	7.71622800
3.24809992	7.62333900
3.24819992	7.62333900
3.24829992	7.62333900
3.24839992	7.62333900
3.24849992	7.62333900
3.24859992	7.62333900
3.24869992	7.62333900
3.24879992	7.62333900
3.24889992	7.62333900
3.24899992	7.62333900
3.24909992	7.62333900
3.24919992	7.62333900
3.24929992	7.62333900
3.24939992	7.62333900
3.24949992	7.62333900
3.24959992	7.62333900
3.24969992	7.62333900
3.24979992	7.62333900
3.24989992	7.62333900
3.24999992	7.62333900
3.25009992	7.62333900
3.25019992	7.62333900
3.25029992	7.62333900
3.25039992	7.62333900
3.25049992	7.62333900
3.25059992	7.62333900
3.25069992	7.62333900
3.25079992	7.62333900
3.25089992	7.62333900
3.25099992	7.62333900
3.25109992	7.62333900
3.25119992	7.62333900
3.25129992	7.62333900
3.25139992	7.62333900
3.25149992	7.62333900
3.25159992	7.62333900
3.25169992	7.62333900
3.25179992	7.62333900
3.25189992	7.62333900
3.25199992	7.62333900
3.25209992	7.62333900
3.25219992	7.62333900
3.25229992	7.62333900
3.25239992	7.62333900
3.25249992	7.62333900
3.25259992	7.62333900
3.25269992	7.62333900
3.25279992	7.62333900
3.25289992	7.62333900
3.25299992	7.62333900
3.25309992	7.62333900
3.25319992	7.62333900
3.25329992	7.62333900
3.25339992	7.62333900
3.25349992	7.62333900
3.25359992	7.62333900
3.25369992	7.62333900
3.25379992	7.62333900
3.25389992	7.62333900
3.25399992	7.62333900
3.25409992	7.62333900
3.25419992	7.62333900
3.25429992	7.62333900
3.25439992	7.62333900
3.25449992	7.62333900
3.25459992	7.62333900
3.25469992	7.62333900
3.25479992	7.62333900
3.25489992	7.62333900
3.25499992	7.62333900
3.25509992	7.62333900
3.25519992	7.62333900
3.25529992	7.62333900
3.25539992	7.62333900
3.25549992	7.53014300
3.25559992	7.62333900
3.25569992	7.53014300
3.25579992	7.62333900
3.25589992	7.53014300
3.25599992	7.53014300
3.25609992	7.53014300
3.25619992	7.62333900
3.25629992	7.53014300
3.25639992	7.62333900
3.25649992	7.53014300
3.25659992	7.53014300
3.25669992	7.62333900
3.25679992	7.53014300
3.25689992	7.62333900
3.25699992	7.62333900
3.25709992	7.53014300
3.25719992	7.53014300
3.25729992	7.53014300
3.25739992	7.62333900
3.25749992	7.53014300
3.25759992	7.53014300
3.25769992	7.62333900
3.25779992	7.53014300
3.25789992	7.62333900
3.25799992	7.62333900
3.25809992	7.53014300
3.25819992	7.53014300
3.25829992	7.53014300
3.25839992	7.62333900
3.25849992	7.53014300
3.25859992	7.53014300
3.25869992	7.62333900
3.25879992	7.53014300
3.25889992	7.62333900
3.25899992	7.53014300
3.25909992	7.62333900
3.25919992	7.62333900
3.25929992	7.53014300
3.25939992	7.62333900
3.25949992	7.62333900
3.25959992	7.62333900
3.25969992	7.62333900
3.25979992	7.62333900
3.25989992	7.62333900
3.25999992	7.62333900
3.26009992	7.62333900
3.26019992	7.62333900
3.26029992	7.62333900
3.26039992	7.62333900
3.26049992	7.62333900
3.26059992	7.62333900
3.26069992	7.62333900
3.26079992	7.62333900
3.26089992	7.62333900
3.26099992	7.62333900
3.26109992	7.62333900
3.26119992	7.62333900
3.26129992	7.62333900
3.26139992	7.62333900
3.26149992	7.62333900
3.26159992	7.62333900
3.26169992	7.62333900
3.26179992	7.62333900
3.26189992	7.62333900
3.26199992	7.62333900
3.26209992	7.62333900
3.26219992	7.62333900
3.26229992	7.62333900
3.26239992	7.62333900
3.26249992	7.62333900
3.26259992	7.62333900
3.26269992	7.62333900
3.26279992	7.62333900
3.26289992	7.62333900
3.26299992	7.62333900
3.26309992	7.62333900
3.26319992	7.62333900
3.26329992	7.62333900
3.26339992	7.62333900
3.26349992	7.62333900
3.26359992	7.62333900
3.26369992	7.62333900
3.26379992	7.62333900
3.26389992	7.62333900
3.26399992	7.62333900
3.26409992	7.62333900
3.26419992	7.62333900
3.26429992	7.62333900
3.26439992	7.62333900
3.26449992	7.62333900
3.26459992	7.62333900
3.26469992	7.62333900
3.26479992	7.62333900
3.26489992	7.62333900
3.26499992	7.62333900
3.26509992	7.62333900
3.26519992	7.62333900
3.26529992	7.62333900
3.26539992	7.53014300
3.26549992	7.62333900
3.26559992	7.62333900
3.26569992	7.62333900
3.26579992	7.62333900
3.26589992	7.62333900
3.26599992	7.62333900
3.26609992	7.62333900
3.26619992	7.62333900
3.26629992	7.62333900
3.26639992	7.62333900
3.26649992	7.62333900
3.26659992	7.62333900
3.26669992	7.53014300
3.26679992	7.53014300
3.26689992	7.53014300
3.26699992	7.53014300
3.26709992	7.53014300
3.26719992	7.62333900
3.26729992	7.53014300
3.26739992	7.62333900
3.26749992	7.62333900
3.26759992	7.53014300
3.26769992	7.53014300
3.26779992	7.62333900
3.26789992	7.53014300
3.26799992	7.53014300
3.26809992	7.62333900
3.26819992	7.53014300
3.26829992	7.53014300
3.26839992	7.53014300
3.26849992	7.53014300
3.26859992	7.62333900
3.26869992	7.53014300
3.26879992	7.53014300
3.26889992	7.53014300
3.26899992	7.62333900
3.26909992	7.53014300
3.26919992	7.53014300
3.26929992	7.53014300
3.26939992	7.53014300
3.26949992	7.53014300
3.26959992	7.53014300
3.26969992	7.53014300
3.26979992	7.53014300
3.26989992	7.62333900
3.26999992	7.53014300
3.27009992	7.53014300
3.27019992	7.53014300
3.27029992	7.53014300
3.27039992	7.53014300
3.27049992	7.62333900
3.27059992	7.62333900
3.27069992	7.53014300
3.27079992	7.62333900
3.27089992	7.53014300
3.27099992	7.62333900
3.27109992	7.53014300
3.27119992	7.53014300
3.27129992	7.53014300
3.27139992	7.53014300
3.27149992	7.53014300
3.27159992	7.62333900
3.27169992	7.53014300
3.27179992	7.53014300
3.27189992	7.62333900
3.27199992	7.53014300
3.27209992	7.53014300
3.27219992	7.62333900
3.27229992	7.53014300
3.27239992	7.53014300
3.27249992	7.53014300
3.27259992	7.53014300
3.27269992	7.53014300
3.27279992	7.53014300
3.27289992	7.53014300
3.27299992	7.53014300
3.27309992	7.53014300
3.27319992	7.53014300
3.27329992	7.53014300
3.27339992	7.53014300
3.27349992	7.53014300
3.27359992	7.53014300
3.27369992	7.53014300
3.27379992	7.53014300
3.27389992	7.53014300
3.27399992	7.53014300
3.27409992	7.53014300
3.27419992	7.53014300
3.27429992	7.53014300
3.27439992	7.53014300
3.27449992	7.53014300
3.27459992	7.53014300
3.27469992	7.53014300
3.27479992	7.53014300
3.27489992	7.53014300
3.27499992	7.53014300
3.27509992	7.43725400
3.27519992	7.53014300
3.27529992	7.53014300
3.27539992	7.53014300
3.27549992	7.53014300
3.27559992	7.43725400
3.27569992	7.53014300
3.27579992	7.43725400
3.27589992	7.43725400
3.27599992	7.43725400
3.27609992	7.43725400
3.27619992	7.53014300
3.27629992	7.43725400
3.27639992	7.53014300
3.27649992	7.43725400
3.27659992	7.43725400
3.27669992	7.53014300
3.27679992	7.53014300
3.27689992	7.43725400
3.27699992	7.43725400
3.27709992	7.43725400
3.27719992	7.43725400
3.27729992	7.43725400
3.27739992	7.43725400
3.27749992	7.43725400
3.27759992	7.43725400
3.27769992	7.43725400
3.27779992	7.43725400
3.27789992	7.43725400
3.27799992	7.43725400
3.27809992	7.43725400
3.27819992	7.43725400
3.27829992	7.43725400
3.27839992	7.43725400
3.27849992	7.43725400
3.27859992	7.43725400
3.27869992	7.43725400
3.27879992	7.43725400
3.27889992	7.43725400
3.27899992	7.43725400
3.27909992	7.43725400
3.27919992	7.43725400
3.27929992	7.43725400
3.27939992	7.43725400
3.27949992	7.43725400
3.27959992	7.43725400
3.27969992	7.43725400
3.27979992	7.43725400
3.27989992	7.43725400
3.27999992	7.43725400
3.28009992	7.43725400
3.28019992	7.43725400
3.28029992	7.43725400
3.28039992	7.43725400
3.28049992	7.43725400
3.28059992	7.43725400
3.28069992	7.43725400
3.28079992	7.43725400
3.28089992	7.43725400
3.28099992	7.43725400
3.28109992	7.43725400
3.28119992	7.43725400
3.28129992	7.43725400
3.28139992	7.43725400
3.28149992	7.43725400
3.28159992	7.43725400
3.28169992	7.43725400
3.28179992	7.43725400
3.28189992	7.43725400
3.28199992	7.43725400
3.28209992	7.43725400
3.28219992	7.43725400
3.28229992	7.43725400
3.28239992	7.43725400
3.28249992	7.43725400
3.28259992	7.43725400
3.28269992	7.43725400
3.28279992	7.43725400
3.28289992	7.43725400
3.28299992	7.53014300
3.28309992	7.43725400
3.28319992	7.43725400
3.28329992	7.43725400
3.28339992	7.43725400
3.28349992	7.43725400
3.28359992	7.53014300
3.28369992	7.43725400
3.28379992	7.43725400
3.28389992	7.53014300
3.28399992	7.43725400
3.28409992	7.53014300
3.28419992	7.53014300
3.28429992	7.53014300
3.28439992	7.43725400
3.28449992	7.43725400
3.28459992	7.43725400
3.28469992	7.43725400
3.28479992	7.43725400
3.28489992	7.53014300
3.28499992	7.43725400
3.28509992	7.43725400
3.28519992	7.43725400
3.28529992	7.43725400
3.28539992	7.43725400
3.28549992	7.43725400
3.28559992	7.43725400
3.28569992	7.43725400
3.28579992	7.43725400
3.28589992	7.43725400
3.28599992	7.43725400
3.28609992	7.43725400
3.28619992	7.43725400
3.28629992	7.43725400
3.28639992	7.43725400
3.28649992	7.43725400
3.28659992	7.43725400
3.28669992	7.43725400
3.28679992	7.43725400
3.28689992	7.43725400
3.28699992	7.43725400
3.28709992	7.43725400
3.28719992	7.43725400
3.28729992	7.43725400
3.28739992	7.53014300
3.28749992	7.43725400
3.28759992	7.43725400
3.28769992	7.53014300
3.28779992	7.43725400
3.28789992	7.43725400
3.28799992	7.43725400
3.28809992	7.43725400
3.28819992	7.43725400
3.28829992	7.43725400
3.28839992	7.43725400
3.28849992	7.43725400
3.28859992	7.43725400
3.28869992	7.43725400
3.28879992	7.53014300
3.28889992	7.43725400
3.28899992	7.43725400
3.28909992	7.43725400
3.28919992	7.43725400
3.28929992	7.43725400
3.28939992	7.43725400
3.28949992	7.43725400
3.28959992	7.53014300
3.28969992	7.53014300
3.28979992	7.43725400
3.28989992	7.43725400
3.28999992	7.43725400
3.29009992	7.43725400
3.29019992	7.53014300
3.29029992	7.53014300
3.29039992	7.43725400
3.29049992	7.53014300
3.29059992	7.43725400
3.29069992	7.43725400
3.29079992	7.53014300
3.29089992	7.43725400
3.29099992	7.43725400
3.29109992	7.43725400
3.29119992	7.43725400
3.29129992	7.43725400
3.29139992	7.43725400
3.29149992	7.43725400
3.29159992	7.43725400
3.29169992	7.43725400
3.29179992	7.43725400
3.29189992	7.43725400
3.29199992	7.43725400
3.29209992	7.43725400
3.29219992	7.43725400
3.29229992	7.43725400
3.29239992	7.43725400
3.29249992	7.43725400
3.29259992	7.43725400
3.29269992	7.43725400
3.29279992	7.43725400
3.29289992	7.43725400
3.29299992	7.43725400
3.29309992	7.43725400
3.29319992	7.43725400
3.29329992	7.43725400
3.29339992	7.43725400
3.29349992	7.43725400
3.29359992	7.43725400
3.29369992	7.43725400
3.29379992	7.43725400
3.29389992	7.43725400
3.29399992	7.43725400
3.29409992	7.43725400
3.29419992	7.43725400
3.29429992	7.43725400
3.29439992	7.43725400
3.29449992	7.43725400
3.29459992	7.43725400
3.29469992	7.43725400
3.29479992	7.43725400
3.29489992	7.43725400
3.29499992	7.43725400
3.29509992	7.43725400
3.29519992	7.43725400
3.29529992	7.43725400
3.29539992	7.34436500
3.29549992	7.43725400
3.29559992	7.34436500
3.29569992	7.43725400
3.29579992	7.34436500
3.29589992	7.34436500
3.29599992	7.34436500
3.29609992	7.34436500
3.29619992	7.43725400
3.29629992	7.34436500
3.29639992	7.34436500
3.29649992	7.34436500
3.29659992	7.34436500
3.29669992	7.34436500
3.29679992	7.34436500
3.29689992	7.34436500
3.29699992	7.34436500
3.29709992	7.34436500
3.29719992	7.34436500
3.29729992	7.34436500
3.29739992	7.34436500
3.29749992	7.34436500
3.29759992	7.34436500
3.29769992	7.34436500
3.29779992	7.34436500
3.29789992	7.34436500
3.29799992	7.34436500
3.29809992	7.34436500
3.29819992	7.34436500
3.29829992	7.34436500
3.29839992	7.34436500
3.29849992	7.34436500
3.29859992	7.34436500
3.29869992	7.34436500
3.29879992	7.34436500
3.29889992	7.34436500
3.29899992	7.34436500
3.29909992	7.34436500
3.29919992	7.34436500
3.29929992	7.34436500
3.29939992	7.34436500
3.29949992	7.34436500
3.29959992	7.34436500
3.29969992	7.34436500
3.29979992	7.34436500
3.29989992	7.34436500
3.29999992	7.34436500
3.30009992	7.34436500
3.30019992	7.34436500
3.30029992	7.34436500
3.30039992	7.34436500
3.30049992	7.34436500
3.30059992	7.34436500
3.30069992	7.34436500
3.30079992	7.43725400
3.30089992	7.43725400
3.30099992	7.34436500
3.30109992	7.43725400
3.30119992	7.43725400
3.30129992	7.34436500
3.30139992	7.34436500
3.30149992	7.34436500
3.30159992	7.34436500
3.30169992	7.43725400
3.30179992	7.34436500
3.30189992	7.34436500
3.30199992	7.34436500
3.30209992	7.34436500
3.30219992	7.34436500
3.30229992	7.34436500
3.30239992	7.43725400
3.30249992	7.43725400
3.30259992	7.43725400
3.30269992	7.34436500
3.30279992	7.34436500
3.30289992	7.34436500
3.30299992	7.43725400
3.30309992	7.34436500
3.30319992	7.34436500
3.30329992	7.34436500
3.30339992	7.43725400
3.30349992	7.34436500
3.30359992	7.34436500
3.30369992	7.34436500
3.30379992	7.34436500
3.30389992	7.34436500
3.30399992	7.34436500
3.30409992	7.34436500
3.30419992	7.34436500
3.30429992	7.34436500
3.30439992	7.34436500
3.30449992	7.34436500
3.30459992	7.34436500
3.30469992	7.34436500
3.30479992	7.34436500
3.30489992	7.34436500
3.30499992	7.34436500
3.30509992	7.34436500
3.30519992	7.25147600
3.30529992	7.34436500
3.30539992	7.34436500
3.30549992	7.25147600
3.30559992	7.25147600
3.30569992	7.25147600
3.30579992	7.34436500
3.30589992	7.25147600
3.30599992	7.34436500
3.30609992	7.25147600
3.30619992	7.25147600
3.30629992	7.25147600
3.30639992	7.34436500
3.30649992	7.25147600
3.30659992	7.25147600
3.30669992	7.25147600
3.30679992	7.25147600
3.30689992	7.25147600
3.30699992	7.25147600
3.30709992	7.25147600
3.30719992	7.25147600
3.30729992	7.25147600
3.30739992	7.25147600
3.30749992	7.25147600
3.30759992	7.25147600
3.30769992	7.25147600
3.30779992	7.25147600
3.30789992	7.25147600
3.30799992	7.25147600
3.30809992	7.25147600
3.30819992	7.25147600
3.30829992	7.25147600
3.30839992	7.25147600
3.30849992	7.25147600
3.30859992	7.25147600
3.30869992	7.25147600
3.30879992	7.25147600
3.30889992	7.25147600
3.30899992	7.25147600
3.30909992	7.25147600
3.30919992	7.25147600
3.30929992	7.25147600
3.30939992	7.25147600
3.30949992	7.25147600
3.30959992	7.25147600
3.30969992	7.25147600
3.30979992	7.34436500
3.30989992	7.34436500
3.30999992	7.34436500
3.31009992	7.34436500
3.31019992	7.34436500
3.31029992	7.34436500
3.31039992	7.34436500
3.31049992	7.34436500
3.31059992	7.34436500
3.31069992	7.34436500
3.31079992	7.34436500
3.31089992	7.34436500
3.31099992	7.34436500
3.31109992	7.34436500
3.31119992	7.34436500
3.31129992	7.34436500
3.31139992	7.34436500
3.31149992	7.34436500
3.31159992	7.34436500
3.31169992	7.34436500
3.31179992	7.34436500
3.31189992	7.34436500
3.31199992	7.34436500
3.31209992	7.34436500
3.31219992	7.34436500
3.31229992	7.34436500
3.31239992	7.34436500
3.31249992	7.34436500
3.31259992	7.34436500
3.31269992	7.34436500
3.31279992	7.34436500
3.31289992	7.34436500
3.31299992	7.34436500
3.31309992	7.34436500
3.31319992	7.34436500
3.31329992	7.34436500
3.31339992	7.34436500
3.31349992	7.34436500
3.31359992	7.34436500
3.31369992	7.34436500
3.31379992	7.34436500
3.31389992	7.34436500
3.31399992	7.34436500
3.31409992	7.34436500
3.31419992	7.34436500
3.31429992	7.34436500
3.31439992	7.34436500
3.31449992	7.34436500
3.31459992	7.34436500
3.31469992	7.34436500
3.31479992	7.34436500
3.31489992	7.34436500
3.31499992	7.25147600
3.31509992	7.34436500
3.31519992	7.25147600
3.31529992	7.25147600
3.31539992	7.25147600
3.31549992	7.25147600
3.31559992	7.25147600
3.31569992	7.25147600
3.31579992	7.25147600
3.31589992	7.25147600
3.31599992	7.25147600
3.31609992	7.25147600
3.31619992	7.25147600
3.31629992	7.25147600
3.31639992	7.25147600
3.31649992	7.25147600
3.31659992	7.25147600
3.31669992	7.25147600
3.31679992	7.25147600
3.31689992	7.25147600
3.31699992	7.25147600
3.31709992	7.25147600
3.31719992	7.25147600
3.31729992	7.25147600
3.31739992	7.25147600
3.31749992	7.25147600
3.31759992	7.25147600
3.31769992	7.25147600
3.31779992	7.25147600
3.31789992	7.25147600
3.31799992	7.25147600
3.31809992	7.25147600
3.31819992	7.25147600
3.31829992	7.25147600
3.31839992	7.25147600
3.31849992	7.25147600
3.31859992	7.25147600
3.31869992	7.25147600
3.31879992	7.25147600
3.31889992	7.25147600
3.31899992	7.25147600
3.31909992	7.25147600
3.31919992	7.25147600
3.31929992	7.25147600
3.31939992	7.25147600
3.31949992	7.25147600
3.31959992	7.25147600
3.31969992	7.25147600
3.31979992	7.25147600
3.31989992	7.25147600
3.31999992	7.25147600
3.32009992	7.25147600
3.32019992	7.25147600
3.32029992	7.25147600
3.32039992	7.25147600
3.32049992	7.25147600
3.32059992	7.25147600
3.32069992	7.25147600
3.32079992	7.25147600
3.32089992	7.25147600
3.32099992	7.25147600
3.32109992	7.25147600
3.32119992	7.25147600
3.32129992	7.25147600
3.32139992	7.25147600
3.32149992	7.25147600
3.32159992	7.25147600
3.32169992	7.25147600
3.32179992	7.25147600
3.32189992	7.25147600
3.32199992	7.25147600
3.32209992	7.25147600
3.32219992	7.25147600
3.32229992	7.25147600
3.32239992	7.25147600
3.32249992	7.25147600
3.32259992	7.25147600
3.32269992	7.25147600
3.32279992	7.25147600
3.32289992	7.25147600
3.32299992	7.25147600
3.32309992	7.25147600
3.32319992	7.25147600
3.32329992	7.25147600
3.32339992	7.25147600
3.32349992	7.25147600
3.32359992	7.25147600
3.32369992	7.25147600
3.32379992	7.25147600
3.32389992	7.25147600
3.32399992	7.25147600
3.32409992	7.25147600
3.32419992	7.25147600
3.32429992	7.25147600
3.32439992	7.25147600
3.32449992	7.25147600
3.32459992	7.25147600
3.32469992	7.25147600
3.32479992	7.25147600
3.32489992	7.25147600
3.32499992	7.25147600
3.32509992	7.25147600
3.32519992	7.25147600
3.32529992	7.25147600
3.32539992	7.25147600
3.32549992	7.25147600
3.32559992	7.25147600
3.32569992	7.25147600
3.32579992	7.25147600
3.32589992	7.25147600
3.32599992	7.25147600
3.32609992	7.25147600
3.32619992	7.25147600
3.32629992	7.25147600
3.32639992	7.25147600
3.32649992	7.25147600
3.32659992	7.25147600
3.32669992	7.15828000
3.32679992	7.15828000
3.32689992	7.15828000
3.32699992	7.15828000
3.32709992	7.15828000
3.32719992	7.15828000
3.32729992	7.15828000
3.32739992	7.25147600
3.32749992	7.15828000
3.32759992	7.15828000
3.32769992	7.25147600
3.32779992	7.15828000
3.32789992	7.15828000
3.32799992	7.15828000
3.32809992	7.15828000
3.32819992	7.15828000
3.32829992	7.15828000
3.32839992	7.15828000
3.32849992	7.15828000
3.32859992	7.15828000
3.32869992	7.15828000
3.32879992	7.15828000
3.32889992	7.15828000
3.32899992	7.25147600
3.32909992	7.15828000
3.32919992	7.15828000
3.32929992	7.15828000
3.32939992	7.15828000
3.32949992	7.15828000
3.32959992	7.15828000
3.32969992	7.15828000
3.32979992	7.15828000
3.32989992	7.15828000
3.32999992	7.15828000
3.33009992	7.15828000
3.33019992	7.15828000
3.33029992	7.15828000
3.33039992	7.15828000
3.33049992	7.15828000
3.33059992	7.15828000
3.33069992	7.15828000
3.33079992	7.15828000
3.33089992	7.15828000
3.33099992	7.15828000
3.33109992	7.25147600
3.33119992	7.15828000
3.33129992	7.15828000
3.33139992	7.15828000
3.33149992	7.15828000
3.33159992	7.25147600
3.33169992	7.25147600
3.33179992	7.25147600
3.33189992	7.25147600
3.33199992	7.15828000
3.33209992	7.25147600
3.33219992	7.25147600
3.33229992	7.15828000
3.33239992	7.25147600
3.33249992	7.25147600
3.33259992	7.25147600
3.33269992	7.25147600
3.33279992	7.25147600
3.33289992	7.25147600
3.33299992	7.15828000
3.33309992	7.25147600
3.33319992	7.25147600
3.33329992	7.25147600
3.33339992	7.25147600
3.33349992	7.25147600
3.33359992	7.25147600
3.33369992	7.25147600
3.33379992	7.25147600
3.33389992	7.25147600
3.33399992	7.25147600
3.33409992	7.25147600
3.33419992	7.25147600
3.33429992	7.25147600
3.33439992	7.25147600
3.33449992	7.25147600
3.33459992	7.25147600
3.33469992	7.25147600
3.33479992	7.15828000
3.33489992	7.25147600
3.33499992	7.25147600
3.33509992	7.15828000
3.33519992	7.15828000
3.33529992	7.15828000
3.33539992	7.15828000
3.33549992	7.15828000
3.33559992	7.15828000
3.33569992	7.15828000
3.33579992	7.15828000
3.33589992	7.15828000
3.33599992	7.15828000
3.33609992	7.15828000
3.33619992	7.15828000
3.33629992	7.15828000
3.33639992	7.15828000
3.33649992	7.15828000
3.33659992	7.15828000
3.33669992	7.15828000
3.33679992	7.15828000
3.33689992	7.15828000
3.33699992	7.15828000
3.33709992	7.15828000
3.33719992	7.15828000
3.33729992	7.15828000
3.33739992	7.15828000
3.33749992	7.15828000
3.33759992	7.06539100
3.33769992	7.15828000
3.33779992	7.15828000
3.33789992	7.15828000
3.33799992	7.06539100
3.33809992	7.15828000
3.33819992	7.15828000
3.33829992	7.15828000
3.33839992	7.15828000
3.33849992	7.15828000
3.33859992	7.15828000
3.33869992	7.15828000
3.33879992	7.15828000
3.33889992	7.15828000
3.33899992	7.06539100
3.33909992	7.06539100
3.33919992	7.15828000
3.33929992	7.15828000
3.33939992	7.15828000
3.33949992	7.15828000
3.33959992	7.15828000
3.33969992	7.15828000
3.33979992	7.15828000
3.33989992	7.15828000
3.33999992	7.06539100
3.34009992	7.15828000
3.34019992	7.15828000
3.34029992	7.15828000
3.34039992	7.15828000
3.34049992	7.15828000
3.34059992	7.15828000
3.34069992	7.15828000
3.34079992	7.15828000
3.34089992	7.15828000
3.34099992	7.15828000
3.34109992	7.15828000
3.34119992	7.15828000
3.34129992	7.15828000
3.34139992	7.15828000
3.34149992	7.15828000
3.34159992	7.15828000
3.34169992	7.15828000
3.34179992	7.15828000
3.34189992	7.15828000
3.34199992	7.15828000
3.34209992	7.15828000
3.34219992	7.15828000
3.34229992	7.15828000
3.34239992	7.15828000
3.34249992	7.15828000
3.34259992	7.15828000
3.34269992	7.15828000
3.34279992	7.15828000
3.34289992	7.15828000
3.34299992	7.15828000
3.34309992	7.15828000
3.34319992	7.15828000
3.34329992	7.15828000
3.34339992	7.15828000
3.34349992	7.15828000
3.34359992	7.15828000
3.34369992	7.15828000
3.34379992	7.15828000
3.34389992	7.15828000
3.34399992	7.15828000
3.34409992	7.15828000
3.34419992	7.15828000
3.34429992	7.15828000
3.34439992	7.15828000
3.34449992	7.15828000
3.34459992	7.15828000
3.34469992	7.15828000
3.34479992	7.15828000
3.34489992	7.15828000
3.34499992	7.15828000
3.34509992	7.15828000
3.34519992	7.15828000
3.34529992	7.15828000
3.34539992	7.15828000
3.34549992	7.15828000
3.34559992	7.15828000
3.34569992	7.15828000
3.34579992	7.15828000
3.34589992	7.15828000
3.34599992	7.15828000
3.34609992	7.15828000
3.34619992	7.15828000
3.34629992	7.15828000
3.34639992	7.15828000
3.34649992	7.15828000
3.34659992	7.15828000
3.34669992	7.15828000
3.34679992	7.15828000
3.34689992	7.15828000
3.34699992	7.15828000
3.34709992	7.15828000
3.34719992	7.15828000
3.34729992	7.06539100
3.34739992	7.15828000
3.34749992	7.15828000
3.34759992	7.15828000
3.34769992	7.15828000
3.34779992	7.15828000
3.34789992	7.15828000
3.34799992	7.15828000
3.34809992	7.15828000
3.34819992	7.15828000
3.34829992	7.15828000
3.34839992	7.15828000
3.34849992	7.15828000
3.34859992	7.15828000
3.34869992	7.15828000
3.34879992	7.15828000
3.34889992	7.15828000
3.34899992	7.15828000
3.34909992	7.15828000
3.34919992	7.15828000
3.34929992	7.15828000
3.34939992	7.15828000
3.34949992	7.15828000
3.34959992	7.15828000
3.34969992	7.15828000
3.34979992	7.15828000
3.34989992	7.15828000
3.34999992	7.15828000
3.35009992	7.15828000
3.35019992	7.15828000
3.35029992	7.15828000
3.35039992	7.15828000
3.35049992	7.15828000
3.35059992	7.15828000
3.35069992	7.15828000
3.35079992	7.15828000
3.35089992	7.15828000
3.35099992	7.15828000
3.35109992	7.15828000
3.35119992	7.15828000
3.35129992	7.15828000
3.35139992	7.15828000
3.35149992	7.06539100
3.35159992	7.15828000
3.35169992	7.15828000
3.35179992	7.06539100
3.35189992	7.15828000
3.35199992	7.15828000
3.35209992	7.06539100
3.35219992	7.06539100
3.35229992	7.06539100
3.35239992	7.06539100
3.35249992	7.06539100
3.35259992	7.06539100
3.35269992	7.06539100
3.35279992	7.06539100
3.35289992	7.06539100
3.35299992	7.06539100
3.35309992	7.06539100
3.35319992	7.06539100
3.35329992	7.06539100
3.35339992	7.06539100
3.35349992	7.06539100
3.35359992	7.06539100
3.35369992	7.06539100
3.35379992	7.06539100
3.35389992	7.06539100
3.35399992	7.06539100
3.35409992	7.06539100
3.35419992	7.06539100
3.35429992	7.06539100
3.35439992	7.06539100
3.35449992	7.06539100
3.35459992	7.06539100
3.35469992	7.06539100
3.35479992	7.06539100
3.35489992	7.06539100
3.35499992	7.06539100
3.35509992	7.06539100
3.35519992	7.06539100
3.35529992	7.06539100
3.35539992	7.06539100
3.35549992	7.06539100
3.35559992	7.06539100
3.35569992	7.06539100
3.35579992	7.06539100
3.35589992	7.06539100
3.35599992	7.06539100
3.35609992	7.06539100
3.35619992	7.06539100
3.35629992	7.06539100
3.35639992	7.06539100
3.35649992	7.06539100
3.35659992	7.06539100
3.35669992	7.06539100
3.35679992	7.06539100
3.35689992	7.06539100
3.35699992	6.97250200
3.35709992	7.06539100
3.35719992	7.06539100
3.35729992	7.06539100
3.35739992	7.06539100
3.35749992	7.06539100
3.35759992	6.97250200
3.35769992	7.06539100
3.35779992	6.97250200
3.35789992	7.06539100
3.35799992	6.97250200
3.35809992	6.97250200
3.35819992	6.97250200
3.35829992	7.06539100
3.35839992	6.97250200
3.35849992	7.06539100
3.35859992	7.06539100
3.35869992	7.06539100
3.35879992	6.97250200
3.35889992	7.06539100
3.35899992	7.06539100
3.35909992	7.06539100
3.35919992	7.06539100
3.35929992	7.06539100
3.35939992	7.06539100
3.35949992	7.06539100
3.35959992	7.06539100
3.35969992	7.06539100
3.35979992	7.06539100
3.35989992	7.06539100
3.35999992	7.06539100
3.36009992	7.06539100
3.36019992	7.06539100
3.36029992	7.06539100
3.36039992	7.06539100
3.36049992	7.06539100
3.36059992	7.06539100
3.36069992	7.06539100
3.36079992	7.06539100
3.36089992	7.06539100
3.36099992	7.06539100
3.36109992	7.06539100
3.36119992	7.06539100
3.36129992	7.06539100
3.36139992	7.06539100
3.36149992	7.06539100
3.36159992	7.06539100
3.36169992	7.06539100
3.36179992	7.06539100
3.36189992	7.06539100
3.36199992	7.06539100
3.36209992	7.06539100
3.36219992	7.06539100
3.36229992	7.06539100
3.36239992	7.06539100
3.36249992	7.06539100
3.36259992	7.06539100
3.36269992	7.06539100
3.36279992	7.06539100
3.36289992	7.06539100
3.36299992	7.06539100
3.36309992	7.06539100
3.36319992	7.06539100
3.36329992	7.06539100
3.36339992	7.06539100
3.36349992	7.06539100
3.36359992	7.06539100
3.36369992	7.06539100
3.36379992	7.06539100
3.36389992	7.06539100
3.36399992	7.06539100
3.36409992	7.06539100
3.36419992	7.06539100
3.36429992	7.06539100
3.36439992	7.06539100
3.36449992	7.06539100
3.36459992	7.06539100
3.36469992	7.06539100
3.36479991	6.97250200
3.36489991	7.06539100
3.36499991	6.97250200
3.36509991	6.97250200
3.36519991	6.97250200
3.36529991	6.97250200
3.36539991	7.06539100
3.36549991	6.97250200
3.36559991	6.97250200
3.36569991	7.06539100
3.36579991	6.97250200
3.36589991	7.06539100
3.36599991	6.97250200
3.36609991	6.97250200
3.36619991	7.06539100
3.36629991	7.06539100
3.36639991	7.06539100
3.36649991	7.06539100
3.36659991	7.06539100
3.36669991	6.97250200
3.36679991	7.06539100
3.36689991	7.06539100
3.36699991	7.06539100
3.36709991	6.97250200
3.36719991	7.06539100
3.36729991	7.06539100
3.36739991	6.97250200
3.36749991	6.97250200
3.36759991	6.97250200
3.36769991	7.06539100
3.36779991	7.06539100
3.36789991	7.06539100
3.36799991	7.06539100
3.36809991	7.06539100
3.36819991	7.06539100
3.36829991	7.06539100
3.36839991	7.06539100
3.36849991	7.06539100
3.36859991	7.06539100
3.36869991	6.97250200
3.36879991	6.97250200
3.36889991	7.06539100
3.36899991	7.06539100
3.36909991	7.06539100
3.36919991	7.06539100
3.36929991	7.06539100
3.36939991	6.97250200
3.36949991	7.06539100
3.36959991	7.06539100
3.36969991	7.06539100
3.36979991	7.06539100
3.36989991	6.97250200
3.36999991	7.06539100
3.37009991	7.06539100
3.37019991	7.06539100
3.37029991	7.06539100
3.37039991	6.97250200
3.37049991	7.06539100
3.37059991	7.06539100
3.37069991	7.06539100
3.37079991	7.06539100
3.37089991	7.06539100
3.37099991	7.06539100
3.37109991	7.06539100
3.37119991	7.06539100
3.37129991	7.06539100
3.37139991	7.06539100
3.37149991	7.06539100
3.37159991	7.06539100
3.37169991	7.06539100
3.37179991	6.97250200
3.37189991	7.06539100
3.37199991	7.06539100
3.37209991	7.06539100
3.37219991	6.97250200
3.37229991	6.97250200
3.37239991	6.97250200
3.37249991	6.97250200
3.37259991	6.97250200
3.37269991	7.06539100
3.37279991	6.97250200
3.37289991	6.97250200
3.37299991	6.97250200
3.37309991	6.97250200
3.37319991	6.97250200
3.37329991	6.97250200
3.37339991	6.97250200
3.37349991	6.97250200
3.37359991	6.97250200
3.37369991	6.97250200
3.37379991	6.97250200
3.37389991	6.97250200
3.37399991	6.97250200
3.37409991	6.97250200
3.37419991	6.97250200
3.37429991	6.97250200
3.37439991	6.97250200
3.37449991	6.97250200
3.37459991	6.97250200
3.37469991	6.97250200
3.37479991	6.97250200
3.37489991	6.97250200
3.37499991	6.97250200
3.37509991	6.97250200
3.37519991	6.97250200
3.37529991	6.97250200
3.37539991	6.97250200
3.37549991	6.97250200
3.37559991	6.97250200
3.37569991	6.97250200
3.37579991	6.97250200
3.37589991	6.87961400
3.37599991	6.97250200
3.37609991	6.97250200
3.37619991	6.97250200
3.37629991	6.87961400
3.37639991	6.87961400
3.37649991	6.87961400
3.37659991	6.97250200
3.37669991	6.87961400
3.37679991	6.87961400
3.37689991	6.97250200
3.37699991	6.87961400
3.37709991	6.97250200
3.37719991	6.87961400
3.37729991	6.97250200
3.37739991	6.87961400
3.37749991	6.87961400
3.37759991	6.87961400
3.37769991	6.87961400
3.37779991	6.87961400
3.37789991	6.97250200
3.37799991	6.87961400
3.37809991	6.87961400
3.37819991	6.87961400
3.37829991	6.87961400
3.37839991	6.87961400
3.37849991	6.87961400
3.37859991	6.87961400
3.37869991	6.87961400
3.37879991	6.87961400
3.37889991	6.87961400
3.37899991	6.87961400
3.37909991	6.87961400
3.37919991	6.87961400
3.37929991	6.87961400
3.37939991	6.87961400
3.37949991	6.87961400
3.37959991	6.87961400
3.37969991	6.87961400
3.37979991	6.87961400
3.37989991	6.87961400
3.37999991	6.87961400
3.38009991	6.87961400
3.38019991	6.87961400
3.38029991	6.87961400
3.38039991	6.87961400
3.38049991	6.87961400
3.38059991	6.87961400
3.38069991	6.87961400
3.38079991	6.87961400
3.38089991	6.87961400
3.38099991	6.87961400
3.38109991	6.87961400
3.38119991	6.87961400
3.38129991	6.87961400
3.38139991	6.87961400
3.38149991	6.87961400
3.38159991	6.87961400
3.38169991	6.87961400
3.38179991	6.87961400
3.38189991	6.87961400
3.38199991	6.87961400
3.38209991	6.87961400
3.38219991	6.87961400
3.38229991	6.87961400
3.38239991	6.87961400
3.38249991	6.87961400
3.38259991	6.87961400
3.38269991	6.87961400
3.38279991	6.87961400
3.38289991	6.87961400
3.38299991	6.87961400
3.38309991	6.97250200
3.38319991	6.87961400
3.38329991	6.87961400
3.38339991	6.87961400
3.38349991	6.87961400
3.38359991	6.87961400
3.38369991	6.87961400
3.38379991	6.97250200
3.38389991	6.87961400
3.38399991	6.87961400
3.38409991	6.97250200
3.38419991	6.87961400
3.38429991	6.87961400
3.38439991	6.87961400
3.38449991	6.87961400
3.38459991	6.87961400
3.38469991	6.87961400
3.38479991	6.97250200
3.38489991	6.87961400
3.38499991	6.87961400
3.38509991	6.87961400
3.38519991	6.87961400
3.38529991	6.87961400
3.38539991	6.87961400
3.38549991	6.87961400
3.38559991	6.87961400
3.38569991	6.87961400
3.38579991	6.87961400
3.38589991	6.87961400
3.38599991	6.87961400
3.38609991	6.97250200
3.38619991	6.97250200
3.38629991	6.87961400
3.38639991	6.87961400
3.38649991	6.87961400
3.38659991	6.87961400
3.38669991	6.87961400
3.38679991	6.87961400
3.38689991	6.87961400
3.38699991	6.87961400
3.38709991	6.87961400
3.38719991	6.87961400
3.38729991	6.87961400
3.38739991	6.87961400
3.38749991	6.87961400
3.38759991	6.87961400
3.38769991	6.87961400
3.38779991	6.87961400
3.38789991	6.87961400
3.38799991	6.87961400
3.38809991	6.87961400
3.38819991	6.87961400
3.38829991	6.87961400
3.38839991	6.87961400
3.38849991	6.87961400
3.38859991	6.87961400
3.38869991	6.87961400
3.38879991	6.87961400
3.38889991	6.87961400
3.38899991	6.87961400
3.38909991	6.87961400
3.38919991	6.87961400
3.38929991	6.87961400
3.38939991	6.87961400
3.38949991	6.87961400
3.38959991	6.97250200
3.38969991	6.87961400
3.38979991	6.87961400
3.38989991	6.87961400
3.38999991	6.87961400
3.39009991	6.87961400
3.39019991	6.87961400
3.39029991	6.87961400
3.39039991	6.87961400
3.39049991	6.87961400
3.39059991	6.87961400
3.39069991	6.87961400
3.39079991	6.97250200
3.39089991	6.87961400
3.39099991	6.87961400
3.39109991	6.87961400
3.39119991	6.87961400
3.39129991	6.87961400
3.39139991	6.87961400
3.39149991	6.97250200
3.39159991	6.87961400
3.39169991	6.87961400
3.39179991	6.97250200
3.39189991	6.87961400
3.39199991	6.97250200
3.39209991	6.87961400
3.39219991	6.97250200
3.39229991	6.87961400
3.39239991	6.87961400
3.39249991	6.97250200
3.39259991	6.87961400
3.39269991	6.97250200
3.39279991	6.87961400
3.39289991	6.87961400
3.39299991	6.87961400
3.39309991	6.87961400
3.39319991	6.87961400
3.39329991	6.87961400
3.39339991	6.87961400
3.39349991	6.97250200
3.39359991	6.87961400
3.39369991	6.87961400
3.39379991	6.87961400
3.39389991	6.97250200
3.39399991	6.87961400
3.39409991	6.97250200
3.39419991	6.87961400
3.39429991	6.87961400
3.39439991	6.97250200
3.39449991	6.87961400
3.39459991	6.97250200
3.39469991	6.87961400
3.39479991	6.97250200
3.39489991	6.87961400
3.39499991	6.87961400
3.39509991	6.87961400
3.39519991	6.87961400
3.39529991	6.87961400
3.39539991	6.87961400
3.39549991	6.87961400
3.39559991	6.87961400
3.39569991	6.87961400
3.39579991	6.87961400
3.39589991	6.87961400
3.39599991	6.87961400
3.39609991	6.87961400
3.39619991	6.87961400
3.39629991	6.87961400
3.39639991	6.87961400
3.39649991	6.87961400
3.39659991	6.87961400
3.39669991	6.87961400
3.39679991	6.87961400
3.39689991	6.87961400
3.39699991	6.87961400
3.39709991	6.87961400
3.39719991	6.87961400
3.39729991	6.87961400
3.39739991	6.87961400
3.39749991	6.87961400
3.39759991	6.87961400
3.39769991	6.78641700
3.39779991	6.87961400
3.39789991	6.78641700
3.39799991	6.87961400
3.39809991	6.78641700
3.39819991	6.78641700
3.39829991	6.78641700
3.39839991	6.78641700
3.39849991	6.87961400
3.39859991	6.78641700
3.39869991	6.78641700
3.39879991	6.78641700
3.39889991	6.78641700
3.39899991	6.78641700
3.39909991	6.78641700
3.39919991	6.78641700
3.39929991	6.78641700
3.39939991	6.78641700
3.39949991	6.78641700
3.39959991	6.78641700
3.39969991	6.78641700
3.39979991	6.78641700
3.39989991	6.78641700
3.39999991	6.78641700
3.40009991	6.78641700
3.40019991	6.78641700
3.40029991	6.78641700
3.40039991	6.78641700
3.40049991	6.78641700
3.40059991	6.78641700
3.40069991	6.78641700
3.40079991	6.78641700
3.40089991	6.78641700
3.40099991	6.78641700
3.40109991	6.78641700
3.40119991	6.78641700
3.40129991	6.78641700
3.40139991	6.78641700
3.40149991	6.78641700
3.40159991	6.69352900
3.40169991	6.78641700
3.40179991	6.78641700
3.40189991	6.78641700
3.40199991	6.78641700
3.40209991	6.78641700
3.40219991	6.78641700
3.40229991	6.78641700
3.40239991	6.78641700
3.40249991	6.78641700
3.40259991	6.78641700
3.40269991	6.78641700
3.40279991	6.78641700
3.40289991	6.78641700
3.40299991	6.78641700
3.40309991	6.78641700
3.40319991	6.78641700
3.40329991	6.78641700
3.40339991	6.78641700
3.40349991	6.78641700
3.40359991	6.78641700
3.40369991	6.78641700
3.40379991	6.78641700
3.40389991	6.78641700
3.40399991	6.78641700
3.40409991	6.78641700
3.40419991	6.78641700
3.40429991	6.78641700
3.40439991	6.78641700
3.40449991	6.78641700
3.40459991	6.78641700
3.40469991	6.78641700
3.40479991	6.78641700
3.40489991	6.78641700
3.40499991	6.78641700
3.40509991	6.78641700
3.40519991	6.78641700
3.40529991	6.78641700
3.40539991	6.78641700
3.40549991	6.78641700
3.40559991	6.78641700
3.40569991	6.78641700
3.40579991	6.78641700
3.40589991	6.78641700
3.40599991	6.78641700
3.40609991	6.78641700
3.40619991	6.78641700
3.40629991	6.78641700
3.40639991	6.78641700
3.40649991	6.78641700
3.40659991	6.78641700
3.40669991	6.78641700
3.40679991	6.78641700
3.40689991	6.78641700
3.40699991	6.78641700
3.40709991	6.78641700
3.40719991	6.78641700
3.40729991	6.78641700
3.40739991	6.78641700
3.40749991	6.78641700
3.40759991	6.78641700
3.40769991	6.78641700
3.40779991	6.78641700
3.40789991	6.78641700
3.40799991	6.78641700
3.40809991	6.78641700
3.40819991	6.78641700
3.40829991	6.78641700
3.40839991	6.78641700
3.40849991	6.78641700
3.40859991	6.78641700
3.40869991	6.78641700
3.40879991	6.78641700
3.40889991	6.78641700
3.40899991	6.78641700
3.40909991	6.69352900
3.40919991	6.78641700
3.40929991	6.78641700
3.40939991	6.78641700
3.40949991	6.78641700
3.40959991	6.78641700
3.40969991	6.78641700
3.40979991	6.78641700
3.40989991	6.78641700
3.40999991	6.78641700
3.41009991	6.78641700
3.41019991	6.78641700
3.41029991	6.78641700
3.41039991	6.78641700
3.41049991	6.69352900
3.41059991	6.78641700
3.41069991	6.78641700
3.41079991	6.78641700
3.41089991	6.78641700
3.41099991	6.78641700
3.41109991	6.78641700
3.41119991	6.78641700
3.41129991	6.78641700
3.41139991	6.78641700
3.41149991	6.78641700
3.41159991	6.78641700
3.41169991	6.78641700
3.41179991	6.78641700
3.41189991	6.78641700
3.41199991	6.78641700
3.41209991	6.78641700
3.41219991	6.78641700
3.41229991	6.78641700
3.41239991	6.78641700
3.41249991	6.78641700
3.41259991	6.78641700
3.41269991	6.78641700
3.41279991	6.78641700
3.41289991	6.78641700
3.41299991	6.78641700
3.41309991	6.78641700
3.41319991	6.78641700
3.41329991	6.78641700
3.41339991	6.78641700
3.41349991	6.78641700
3.41359991	6.78641700
3.41369991	6.78641700
3.41379991	6.78641700
3.41389991	6.78641700
3.41399991	6.78641700
3.41409991	6.78641700
3.41419991	6.78641700
3.41429991	6.78641700
3.41439991	6.78641700
3.41449991	6.78641700
3.41459991	6.78641700
3.41469991	6.78641700
3.41479991	6.78641700
3.41489991	6.78641700
3.41499991	6.78641700
3.41509991	6.78641700
3.41519991	6.78641700
3.41529991	6.78641700
3.41539991	6.78641700
3.41549991	6.78641700
3.41559991	6.78641700
3.41569991	6.78641700
3.41579991	6.78641700
3.41589991	6.78641700
3.41599991	6.78641700
3.41609991	6.78641700
3.41619991	6.78641700
3.41629991	6.69352900
3.41639991	6.78641700
3.41649991	6.78641700
3.41659991	6.78641700
3.41669991	6.78641700
3.41679991	6.78641700
3.41689991	6.78641700
3.41699991	6.78641700
3.41709991	6.69352900
3.41719991	6.78641700
3.41729991	6.78641700
3.41739991	6.69352900
3.41749991	6.78641700
3.41759991	6.69352900
3.41769991	6.78641700
3.41779991	6.78641700
3.41789991	6.69352900
3.41799991	6.78641700
3.41809991	6.69352900
3.41819991	6.78641700
3.41829991	6.69352900
3.41839991	6.78641700
3.41849991	6.78641700
3.41859991	6.78641700
3.41869991	6.78641700
3.41879991	6.78641700
3.41889991	6.69352900
3.41899991	6.78641700
3.41909991	6.78641700
3.41919991	6.78641700
3.41929991	6.78641700
3.41939991	6.78641700
3.41949991	6.78641700
3.41959991	6.69352900
3.41969991	6.69352900
3.41979991	6.78641700
3.41989991	6.69352900
3.41999991	6.69352900
3.42009991	6.69352900
3.42019991	6.69352900
3.42029991	6.69352900
3.42039991	6.69352900
3.42049991	6.69352900
3.42059991	6.69352900
3.42069991	6.69352900
3.42079991	6.69352900
3.42089991	6.69352900
3.42099991	6.69352900
3.42109991	6.69352900
3.42119991	6.78641700
3.42129991	6.69352900
3.42139991	6.69352900
3.42149991	6.69352900
3.42159991	6.69352900
3.42169991	6.69352900
3.42179991	6.69352900
3.42189991	6.69352900
3.42199991	6.69352900
3.42209991	6.69352900
3.42219991	6.69352900
3.42229991	6.69352900
3.42239991	6.69352900
3.42249991	6.69352900
3.42259991	6.69352900
3.42269991	6.69352900
3.42279991	6.69352900
3.42289991	6.69352900
3.42299991	6.69352900
3.42309991	6.69352900
3.42319991	6.69352900
3.42329991	6.69352900
3.42339991	6.69352900
3.42349991	6.69352900
3.42359991	6.69352900
3.42369991	6.69352900
3.42379991	6.69352900
3.42389991	6.69352900
3.42399991	6.69352900
3.42409991	6.69352900
3.42419991	6.69352900
3.42429991	6.69352900
3.42439991	6.69352900
3.42449991	6.69352900
3.42459991	6.69352900
3.42469991	6.69352900
3.42479991	6.69352900
3.42489991	6.69352900
3.42499991	6.69352900
3.42509991	6.60064000
3.42519991	6.60064000
3.42529991	6.60064000
3.42539991	6.69352900
3.42549991	6.60064000
3.42559991	6.69352900
3.42569991	6.60064000
3.42579991	6.60064000
3.42589991	6.69352900
3.42599991	6.60064000
3.42609991	6.60064000
3.42619991	6.69352900
3.42629991	6.60064000
3.42639991	6.69352900
3.42649991	6.60064000
3.42659991	6.69352900
3.42669991	6.60064000
3.42679991	6.60064000
3.42689991	6.60064000
3.42699991	6.69352900
3.42709991	6.60064000
3.42719991	6.60064000
3.42729991	6.60064000
3.42739991	6.60064000
3.42749991	6.60064000
3.42759991	6.60064000
3.42769991	6.60064000
3.42779991	6.60064000
3.42789991	6.69352900
3.42799991	6.60064000
3.42809991	6.60064000
3.42819991	6.60064000
3.42829991	6.60064000
3.42839991	6.60064000
3.42849991	6.60064000
3.42859991	6.60064000
3.42869991	6.60064000
3.42879991	6.60064000
3.42889991	6.60064000
3.42899991	6.60064000
3.42909991	6.69352900
3.42919991	6.60064000
3.42929991	6.69352900
3.42939991	6.60064000
3.42949991	6.69352900
3.42959991	6.60064000
3.42969991	6.69352900
3.42979991	6.60064000
3.42989991	6.60064000
3.42999991	6.60064000
3.43009991	6.69352900
3.43019991	6.69352900
3.43029991	6.60064000
3.43039991	6.69352900
3.43049991	6.69352900
3.43059991	6.69352900
3.43069991	6.69352900
3.43079991	6.69352900
3.43089991	6.69352900
3.43099991	6.69352900
3.43109991	6.69352900
3.43119991	6.69352900
3.43129991	6.69352900
3.43139991	6.69352900
3.43149991	6.69352900
3.43159991	6.69352900
3.43169991	6.69352900
3.43179991	6.69352900
3.43189991	6.69352900
3.43199991	6.69352900
3.43209991	6.69352900
3.43219991	6.69352900
3.43229991	6.69352900
3.43239991	6.69352900
3.43249991	6.69352900
3.43259991	6.69352900
3.43269991	6.69352900
3.43279991	6.69352900
3.43289991	6.69352900
3.43299991	6.69352900
3.43309991	6.69352900
3.43319991	6.69352900
3.43329991	6.69352900
3.43339991	6.69352900
3.43349991	6.69352900
3.43359991	6.69352900
3.43369991	6.60064000
3.43379991	6.69352900
3.43389991	6.69352900
3.43399991	6.69352900
3.43409991	6.69352900
3.43419991	6.69352900
3.43429991	6.69352900
3.43439991	6.69352900
3.43449991	6.69352900
3.43459991	6.69352900
3.43469991	6.69352900
3.43479991	6.69352900
3.43489991	6.69352900
3.43499991	6.69352900
3.43509991	6.69352900
3.43519991	6.60064000
3.43529991	6.69352900
3.43539991	6.69352900
3.43549991	6.60064000
3.43559991	6.60064000
3.43569991	6.60064000
3.43579991	6.60064000
3.43589991	6.60064000
3.43599991	6.69352900
3.43609991	6.69352900
3.43619991	6.69352900
3.43629991	6.60064000
3.43639991	6.60064000
3.43649991	6.60064000
3.43659991	6.60064000
3.43669991	6.60064000
3.43679991	6.60064000
3.43689991	6.60064000
3.43699991	6.60064000
3.43709991	6.60064000
3.43719991	6.60064000
3.43729991	6.60064000
3.43739991	6.60064000
3.43749991	6.69352900
3.43759991	6.69352900
3.43769991	6.60064000
3.43779991	6.60064000
3.43789991	6.69352900
3.43799991	6.60064000
3.43809991	6.60064000
3.43819991	6.69352900
3.43829991	6.60064000
3.43839991	6.69352900
3.43849991	6.60064000
3.43859991	6.69352900
3.43869991	6.60064000
3.43879991	6.69352900
3.43889991	6.60064000
3.43899991	6.60064000
3.43909991	6.60064000
3.43919991	6.69352900
3.43929991	6.69352900
3.43939991	6.60064000
3.43949991	6.60064000
3.43959991	6.69352900
3.43969991	6.60064000
3.43979991	6.60064000
3.43989991	6.60064000
3.43999991	6.60064000
3.44009991	6.60064000
3.44019991	6.60064000
3.44029991	6.60064000
3.44039991	6.60064000
3.44049991	6.60064000
3.44059991	6.60064000
3.44069991	6.60064000
3.44079991	6.60064000
3.44089991	6.69352900
3.44099991	6.60064000
3.44109991	6.60064000
3.44119991	6.60064000
3.44129991	6.60064000
3.44139991	6.60064000
3.44149991	6.60064000
3.44159991	6.60064000
3.44169991	6.60064000
3.44179991	6.60064000
3.44189991	6.60064000
3.44199991	6.60064000
3.44209991	6.60064000
3.44219991	6.60064000
3.44229991	6.60064000
3.44239991	6.60064000
3.44249991	6.60064000
3.44259991	6.60064000
3.44269991	6.60064000
3.44279991	6.60064000
3.44289991	6.60064000
3.44299991	6.60064000
3.44309991	6.60064000
3.44319991	6.60064000
3.44329991	6.60064000
3.44339991	6.60064000
3.44349991	6.60064000
3.44359991	6.60064000
3.44369991	6.60064000
3.44379991	6.60064000
3.44389991	6.60064000
3.44399991	6.60064000
3.44409991	6.60064000
3.44419991	6.60064000
3.44429991	6.60064000
3.44439991	6.60064000
3.44449991	6.60064000
3.44459991	6.60064000
3.44469991	6.60064000
3.44479991	6.60064000
3.44489991	6.60064000
3.44499991	6.60064000
3.44509991	6.60064000
3.44519991	6.60064000
3.44529991	6.60064000
3.44539991	6.60064000
3.44549991	6.60064000
3.44559991	6.60064000
3.44569991	6.60064000
3.44579991	6.60064000
3.44589991	6.60064000
3.44599991	6.60064000
3.44609991	6.60064000
3.44619991	6.60064000
3.44629991	6.60064000
3.44639991	6.60064000
3.44649991	6.60064000
3.44659991	6.60064000
3.44669991	6.60064000
3.44679991	6.60064000
3.44689991	6.60064000
3.44699991	6.60064000
3.44709991	6.60064000
3.44719991	6.60064000
3.44729991	6.60064000
3.44739991	6.60064000
3.44749991	6.60064000
3.44759991	6.60064000
3.44769991	6.60064000
3.44779991	6.60064000
3.44789991	6.60064000
3.44799991	6.60064000
3.44809991	6.60064000
3.44819991	6.60064000
3.44829991	6.60064000
3.44839991	6.60064000
3.44849991	6.60064000
3.44859991	6.60064000
3.44869991	6.60064000
3.44879991	6.60064000
3.44889991	6.60064000
3.44899991	6.60064000
3.44909991	6.60064000
3.44919991	6.60064000
3.44929991	6.60064000
3.44939991	6.60064000
3.44949991	6.60064000
3.44959991	6.50775100
3.44969991	6.60064000
3.44979991	6.60064000
3.44989991	6.60064000
3.44999991	6.60064000
3.45009991	6.60064000
3.45019991	6.60064000
3.45029991	6.60064000
3.45039991	6.60064000
3.45049991	6.60064000
3.45059991	6.60064000
3.45069991	6.60064000
3.45079991	6.60064000
3.45089991	6.60064000
3.45099991	6.60064000
3.45109991	6.60064000
3.45119991	6.60064000
3.45129991	6.60064000
3.45139991	6.60064000
3.45149991	6.60064000
3.45159991	6.60064000
3.45169991	6.60064000
3.45179991	6.50775100
3.45189991	6.50775100
3.45199991	6.50775100
3.45209991	6.60064000
3.45219991	6.60064000
3.45229991	6.50775100
3.45239991	6.60064000
3.45249991	6.50775100
3.45259991	6.50775100
3.45269991	6.50775100
3.45279991	6.50775100
3.45289991	6.60064000
3.45299991	6.60064000
3.45309991	6.60064000
3.45319991	6.50775100
3.45329991	6.50775100
3.45339991	6.50775100
3.45349991	6.60064000
3.45359991	6.60064000
3.45369991	6.50775100
3.45379991	6.50775100
3.45389991	6.50775100
3.45399991	6.50775100
3.45409991	6.50775100
3.45419991	6.50775100
3.45429991	6.60064000
3.45439991	6.50775100
3.45449991	6.60064000
3.45459991	6.50775100
3.45469991	6.50775100
3.45479991	6.50775100
3.45489991	6.50775100
3.45499991	6.50775100
3.45509991	6.50775100
3.45519991	6.50775100
3.45529991	6.50775100
3.45539991	6.50775100
3.45549991	6.50775100
3.45559991	6.50775100
3.45569991	6.50775100
3.45579991	6.50775100
3.45589991	6.50775100
3.45599991	6.50775100
3.45609991	6.50775100
3.45619991	6.50775100
3.45629991	6.50775100
3.45639991	6.50775100
3.45649991	6.50775100
3.45659991	6.50775100
3.45669991	6.50775100
3.45679991	6.50775100
3.45689991	6.50775100
3.45699991	6.50775100
3.45709991	6.50775100
3.45719991	6.50775100
3.45729991	6.50775100
3.45739991	6.50775100
3.45749991	6.50775100
3.45759991	6.50775100
3.45769991	6.50775100
3.45779991	6.50775100
3.45789991	6.50775100
3.45799991	6.50775100
3.45809991	6.50775100
3.45819991	6.50775100
3.45829991	6.50775100
3.45839991	6.50775100
3.45849991	6.50775100
3.45859991	6.50775100
3.45869991	6.50775100
3.45879991	6.50775100
3.45889991	6.50775100
3.45899991	6.50775100
3.45909991	6.50775100
3.45919991	6.50775100
3.45929991	6.50775100
3.45939991	6.41455500
3.45949991	6.50775100
3.45959991	6.41455500
3.45969991	6.50775100
3.45979991	6.50775100
3.45989991	6.50775100
3.45999991	6.50775100
3.46009991	6.50775100
3.46019991	6.50775100
3.46029991	6.50775100
3.46039991	6.50775100
3.46049991	6.50775100
3.46059991	6.50775100
3.46069991	6.50775100
3.46079991	6.50775100
3.46089991	6.41455500
3.46099991	6.50775100
3.46109991	6.50775100
3.46119991	6.50775100
3.46129991	6.50775100
3.46139991	6.50775100
3.46149991	6.50775100
3.46159991	6.50775100
3.46169991	6.50775100
3.46179991	6.50775100
3.46189991	6.50775100
3.46199991	6.50775100
3.46209991	6.50775100
3.46219991	6.50775100
3.46229991	6.50775100
3.46239991	6.50775100
3.46249991	6.50775100
3.46259991	6.50775100
3.46269991	6.50775100
3.46279991	6.50775100
3.46289991	6.50775100
3.46299991	6.50775100
3.46309991	6.50775100
3.46319991	6.50775100
3.46329991	6.50775100
3.46339991	6.50775100
3.46349991	6.50775100
3.46359991	6.50775100
3.46369991	6.50775100
3.46379991	6.50775100
3.46389991	6.50775100
3.46399991	6.50775100
3.46409991	6.50775100
3.46419991	6.50775100
3.46429991	6.50775100
3.46439991	6.50775100
3.46449991	6.50775100
3.46459991	6.50775100
3.46469991	6.50775100
3.46479991	6.50775100
3.46489991	6.50775100
3.46499991	6.50775100
3.46509991	6.50775100
3.46519991	6.50775100
3.46529991	6.50775100
3.46539991	6.50775100
3.46549991	6.50775100
3.46559991	6.50775100
3.46569991	6.50775100
3.46579991	6.50775100
3.46589991	6.50775100
3.46599991	6.50775100
3.46609991	6.50775100
3.46619991	6.50775100
3.46629991	6.50775100
3.46639991	6.50775100
3.46649991	6.50775100
3.46659991	6.50775100
3.46669991	6.50775100
3.46679991	6.50775100
3.46689991	6.50775100
3.46699991	6.50775100
3.46709991	6.60064000
3.46719991	6.50775100
3.46729991	6.50775100
3.46739991	6.50775100
3.46749991	6.50775100
3.46759991	6.50775100
3.46769991	6.50775100
3.46779991	6.50775100
3.46789991	6.50775100
3.46799991	6.50775100
3.46809991	6.50775100
3.46819991	6.50775100
3.46829991	6.50775100
3.46839991	6.50775100
3.46849991	6.50775100
3.46859991	6.50775100
3.46869991	6.50775100
3.46879991	6.50775100
3.46889991	6.50775100
3.46899991	6.50775100
3.46909991	6.50775100
3.46919991	6.50775100
3.46929991	6.50775100
3.46939991	6.50775100
3.46949991	6.50775100
3.46959991	6.50775100
3.46969991	6.50775100
3.46979991	6.50775100
3.46989991	6.50775100
3.46999991	6.50775100
3.47009991	6.50775100
3.47019991	6.50775100
3.47029991	6.50775100
3.47039991	6.50775100
3.47049991	6.50775100
3.47059991	6.50775100
3.47069991	6.50775100
3.47079991	6.50775100
3.47089991	6.50775100
3.47099991	6.50775100
3.47109991	6.50775100
3.47119991	6.50775100
3.47129991	6.50775100
3.47139991	6.50775100
3.47149991	6.50775100
3.47159991	6.50775100
3.47169991	6.50775100
3.47179991	6.50775100
3.47189991	6.50775100
3.47199991	6.50775100
3.47209991	6.50775100
3.47219991	6.50775100
3.47229991	6.50775100
3.47239991	6.50775100
3.47249991	6.50775100
3.47259991	6.50775100
3.47269991	6.50775100
3.47279991	6.50775100
3.47289991	6.50775100
3.47299991	6.50775100
3.47309991	6.50775100
3.47319991	6.50775100
3.47329991	6.50775100
3.47339991	6.50775100
3.47349991	6.50775100
3.47359991	6.50775100
3.47369991	6.50775100
3.47379991	6.50775100
3.47389991	6.50775100
3.47399991	6.50775100
3.47409991	6.50775100
3.47419991	6.41455500
3.47429991	6.50775100
3.47439991	6.50775100
3.47449991	6.50775100
3.47459991	6.41455500
3.47469991	6.50775100
3.47479991	6.41455500
3.47489991	6.41455500
3.47499991	6.41455500
3.47509991	6.41455500
3.47519991	6.41455500
3.47529991	6.50775100
3.47539991	6.50775100
3.47549991	6.41455500
3.47559991	6.41455500
3.47569991	6.41455500
3.47579991	6.41455500
3.47589991	6.41455500
3.47599991	6.41455500
3.47609991	6.41455500
3.47619991	6.41455500
3.47629991	6.41455500
3.47639991	6.41455500
3.47649991	6.41455500
3.47659991	6.41455500
3.47669991	6.41455500
3.47679991	6.41455500
3.47689991	6.41455500
3.47699991	6.41455500
3.47709991	6.41455500
3.47719991	6.41455500
3.47729991	6.41455500
3.47739991	6.41455500
3.47749991	6.41455500
3.47759991	6.41455500
3.47769991	6.41455500
3.47779991	6.41455500
3.47789991	6.41455500
3.47799991	6.41455500
3.47809991	6.41455500
3.47819991	6.41455500
3.47829991	6.41455500
3.47839991	6.41455500
3.47849991	6.41455500
3.47859991	6.41455500
3.47869991	6.41455500
3.47879991	6.41455500
3.47889991	6.41455500
3.47899991	6.41455500
3.47909991	6.41455500
3.47919991	6.41455500
3.47929991	6.41455500
3.47939991	6.41455500
3.47949991	6.41455500
3.47959991	6.41455500
3.47969991	6.41455500
3.47979991	6.41455500
3.47989991	6.41455500
3.47999991	6.41455500
3.48009991	6.41455500
3.48019991	6.41455500
3.48029991	6.41455500
3.48039991	6.41455500
3.48049991	6.41455500
3.48059991	6.41455500
3.48069991	6.41455500
3.48079991	6.41455500
3.48089991	6.41455500
3.48099991	6.41455500
3.48109991	6.41455500
3.48119991	6.41455500
3.48129991	6.41455500
3.48139991	6.41455500
3.48149991	6.41455500
3.48159991	6.41455500
3.48169991	6.41455500
3.48179991	6.41455500
3.48189991	6.41455500
3.48199991	6.41455500
3.48209991	6.41455500
3.48219991	6.41455500
3.48229991	6.41455500
3.48239991	6.41455500
3.48249991	6.41455500
3.48259991	6.41455500
3.48269991	6.41455500
3.48279991	6.41455500
3.48289991	6.41455500
3.48299991	6.41455500
3.48309991	6.41455500
3.48319991	6.41455500
3.48329991	6.41455500
3.48339991	6.41455500
3.48349991	6.41455500
3.48359991	6.41455500
3.48369991	6.41455500
3.48379991	6.41455500
3.48389991	6.41455500
3.48399991	6.41455500
3.48409991	6.41455500
3.48419991	6.41455500
3.48429991	6.41455500
3.48439991	6.41455500
3.48449991	6.41455500
3.48459991	6.41455500
3.48469991	6.41455500
3.48479991	6.41455500
3.48489991	6.41455500
3.48499991	6.41455500
3.48509991	6.41455500
3.48519991	6.41455500
3.48529991	6.41455500
3.48539991	6.41455500
3.48549991	6.32166600
3.48559991	6.32166600
3.48569991	6.41455500
3.48579991	6.41455500
3.48589991	6.41455500
3.48599991	6.41455500
3.48609991	6.32166600
3.48619991	6.32166600
3.48629991	6.41455500
3.48639991	6.32166600
3.48649991	6.32166600
3.48659991	6.41455500
3.48669991	6.32166600
3.48679991	6.32166600
3.48689991	6.41455500
3.48699991	6.32166600
3.48709991	6.41455500
3.48719991	6.41455500
3.48729991	6.41455500
3.48739991	6.41455500
3.48749991	6.32166600
3.48759991	6.41455500
3.48769991	6.41455500
3.48779991	6.41455500
3.48789991	6.41455500
3.48799991	6.41455500
3.48809991	6.41455500
3.48819991	6.41455500
3.48829991	6.32166600
3.48839991	6.41455500
3.48849991	6.41455500
3.48859991	6.41455500
3.48869991	6.41455500
3.48879991	6.41455500
3.48889991	6.41455500
3.48899991	6.32166600
3.48909991	6.41455500
3.48919991	6.41455500
3.48929991	6.41455500
3.48939991	6.41455500
3.48949991	6.41455500
3.48959991	6.41455500
3.48969991	6.41455500
3.48979991	6.41455500
3.48989991	6.41455500
3.48999991	6.41455500
3.49009991	6.41455500
3.49019991	6.41455500
3.49029991	6.41455500
3.49039991	6.41455500
3.49049991	6.41455500
3.49059991	6.41455500
3.49069991	6.41455500
3.49079991	6.41455500
3.49089991	6.41455500
3.49099991	6.41455500
3.49109991	6.41455500
3.49119991	6.41455500
3.49129991	6.41455500
3.49139991	6.41455500
3.49149991	6.41455500
3.49159991	6.41455500
3.49169991	6.41455500
3.49179991	6.41455500
3.49189991	6.41455500
3.49199991	6.41455500
3.49209991	6.41455500
3.49219991	6.41455500
3.49229991	6.41455500
3.49239991	6.41455500
3.49249991	6.41455500
3.49259991	6.41455500
3.49269991	6.41455500
3.49279991	6.41455500
3.49289991	6.41455500
3.49299991	6.41455500
3.49309991	6.41455500
3.49319991	6.41455500
3.49329991	6.41455500
3.49339991	6.41455500
3.49349991	6.41455500
3.49359991	6.41455500
3.49369991	6.41455500
3.49379991	6.41455500
3.49389991	6.41455500
3.49399991	6.41455500
3.49409991	6.41455500
3.49419991	6.41455500
3.49429991	6.41455500
3.49439991	6.41455500
3.49449991	6.41455500
3.49459991	6.41455500
3.49469991	6.41455500
3.49479991	6.41455500
3.49489991	6.41455500
3.49499991	6.41455500
3.49509991	6.41455500
3.49519991	6.41455500
3.49529991	6.41455500
3.49539991	6.41455500
3.49549991	6.41455500
3.49559991	6.41455500
3.49569991	6.41455500
3.49579991	6.41455500
3.49589991	6.41455500
3.49599991	6.41455500
3.49609991	6.41455500
3.49619991	6.41455500
3.49629991	6.41455500
3.49639991	6.41455500
3.49649991	6.41455500
3.49659991	6.41455500
3.49669991	6.41455500
3.49679991	6.41455500
3.49689991	6.41455500
3.49699991	6.41455500
3.49709991	6.41455500
3.49719991	6.32166600
3.49729991	6.41455500
3.49739991	6.41455500
3.49749991	6.32166600
3.49759991	6.41455500
3.49769991	6.32166600
3.49779991	6.32166600
3.49789991	6.32166600
3.49799991	6.32166600
3.49809991	6.32166600
3.49819991	6.32166600
3.49829991	6.32166600
3.49839991	6.32166600
3.49849991	6.32166600
3.49859991	6.32166600
3.49869991	6.32166600
3.49879991	6.32166600
3.49889991	6.32166600
3.49899991	6.32166600
3.49909991	6.32166600
3.49919991	6.32166600
3.49929991	6.32166600
3.49939991	6.32166600
3.49949991	6.32166600
3.49959991	6.32166600
3.49969991	6.32166600
3.49979991	6.32166600
3.49989991	6.32166600
3.49999991	6.32166600
3.50009991	6.32166600
3.50019991	6.32166600
3.50029991	6.32166600
3.50039991	6.32166600
3.50049991	6.32166600
3.50059991	6.32166600
3.50069991	6.32166600
3.50079991	6.32166600
3.50089991	6.32166600
3.50099991	6.32166600
3.50109991	6.32166600
3.50119991	6.32166600
3.50129991	6.32166600
3.50139991	6.32166600
3.50149991	6.32166600
3.50159991	6.32166600
3.50169991	6.32166600
3.50179991	6.32166600
3.50189991	6.32166600
3.50199991	6.32166600
3.50209991	6.32166600
3.50219991	6.32166600
3.50229991	6.32166600
3.50239991	6.32166600
3.50249991	6.32166600
3.50259991	6.32166600
3.50269991	6.32166600
3.50279991	6.32166600
3.50289991	6.32166600
3.50299991	6.32166600
3.50309991	6.32166600
3.50319991	6.32166600
3.50329991	6.32166600
3.50339991	6.32166600
3.50349991	6.32166600
3.50359991	6.32166600
3.50369991	6.32166600
3.50379991	6.32166600
3.50389991	6.32166600
3.50399991	6.32166600
3.50409991	6.32166600
3.50419991	6.32166600
3.50429991	6.32166600
3.50439991	6.32166600
3.50449991	6.32166600
3.50459991	6.32166600
3.50469991	6.32166600
3.50479991	6.32166600
3.50489991	6.32166600
3.50499991	6.32166600
3.50509991	6.32166600
3.50519991	6.32166600
3.50529991	6.32166600
3.50539991	6.32166600
3.50549991	6.32166600
3.50559991	6.32166600
3.50569991	6.32166600
3.50579991	6.32166600
3.50589991	6.32166600
3.50599991	6.32166600
3.50609991	6.32166600
3.50619991	6.32166600
3.50629991	6.32166600
3.50639991	6.32166600
3.50649991	6.32166600
3.50659991	6.32166600
3.50669991	6.32166600
3.50679991	6.32166600
3.50689991	6.32166600
3.50699991	6.32166600
3.50709991	6.32166600
3.50719991	6.32166600
3.50729991	6.32166600
3.50739991	6.32166600
3.50749991	6.32166600
3.50759991	6.32166600
3.50769991	6.32166600
3.50779991	6.32166600
3.50789991	6.32166600
3.50799991	6.32166600
3.50809991	6.32166600
3.50819991	6.32166600
3.50829991	6.32166600
3.50839991	6.32166600
3.50849991	6.22877700
3.50859991	6.22877700
3.50869991	6.32166600
3.50879991	6.32166600
3.50889991	6.32166600
3.50899991	6.32166600
3.50909991	6.22877700
3.50919991	6.32166600
3.50929991	6.32166600
3.50939991	6.32166600
3.50949991	6.32166600
3.50959991	6.32166600
3.50969991	6.32166600
3.50979991	6.32166600
3.50989991	6.32166600
3.50999991	6.32166600
3.51009991	6.32166600
3.51019991	6.32166600
3.51029991	6.32166600
3.51039991	6.32166600
3.51049991	6.32166600
3.51059991	6.32166600
3.51069991	6.32166600
3.51079991	6.32166600
3.51089991	6.32166600
3.51099991	6.32166600
3.51109991	6.32166600
3.51119991	6.32166600
3.51129991	6.32166600
3.51139991	6.32166600
3.51149991	6.32166600
3.51159991	6.32166600
3.51169991	6.32166600
3.51179991	6.32166600
3.51189991	6.32166600
3.51199991	6.32166600
3.51209991	6.32166600
3.51219991	6.32166600
3.51229991	6.32166600
3.51239991	6.32166600
3.51249991	6.32166600
3.51259991	6.32166600
3.51269991	6.32166600
3.51279991	6.32166600
3.51289991	6.32166600
3.51299991	6.32166600
3.51309991	6.32166600
3.51319991	6.32166600
3.51329991	6.32166600
3.51339991	6.32166600
3.51349991	6.32166600
3.51359991	6.32166600
3.51369991	6.32166600
3.51379991	6.32166600
3.51389991	6.32166600
3.51399991	6.32166600
3.51409991	6.32166600
3.51419991	6.32166600
3.51429991	6.32166600
3.51439991	6.32166600
3.51449991	6.32166600
3.51459991	6.32166600
3.51469991	6.32166600
3.51479991	6.32166600
3.51489991	6.32166600
3.51499991	6.32166600
3.51509991	6.32166600
3.51519991	6.32166600
3.51529991	6.32166600
3.51539991	6.22877700
3.51549991	6.32166600
3.51559991	6.32166600
3.51569991	6.32166600
3.51579991	6.32166600
3.51589991	6.32166600
3.51599991	6.32166600
3.51609991	6.32166600
3.51619991	6.22877700
3.51629991	6.22877700
3.51639991	6.22877700
3.51649991	6.22877700
3.51659991	6.32166600
3.51669991	6.32166600
3.51679991	6.22877700
3.51689991	6.22877700
3.51699991	6.32166600
3.51709991	6.22877700
3.51719991	6.32166600
3.51729991	6.32166600
3.51739991	6.22877700
3.51749991	6.22877700
3.51759991	6.32166600
3.51769991	6.22877700
3.51779991	6.32166600
3.51789991	6.22877700
3.51799991	6.32166600
3.51809991	6.22877700
3.51819991	6.32166600
3.51829991	6.32166600
3.51839991	6.22877700
3.51849991	6.32166600
3.51859991	6.22877700
3.51869991	6.22877700
3.51879991	6.22877700
3.51889991	6.32166600
3.51899991	6.22877700
3.51909991	6.32166600
3.51919991	6.32166600
3.51929991	6.22877700
3.51939991	6.32166600
3.51949991	6.32166600
3.51959991	6.22877700
3.51969991	6.22877700
3.51979991	6.32166600
3.51989991	6.22877700
3.51999991	6.32166600
3.52009991	6.22877700
3.52019991	6.22877700
3.52029991	6.22877700
3.52039991	6.22877700
3.52049991	6.32166600
3.52059991	6.22877700
3.52069991	6.32166600
3.52079991	6.22877700
3.52089991	6.32166600
3.52099991	6.22877700
3.52109991	6.22877700
3.52119991	6.32166600
3.52129991	6.22877700
3.52139991	6.32166600
3.52149991	6.22877700
3.52159991	6.32166600
3.52169991	6.32166600
3.52179991	6.32166600
3.52189991	6.32166600
3.52199991	6.22877700
3.52209991	6.32166600
3.52219991	6.22877700
3.52229991	6.22877700
3.52239991	6.22877700
3.52249991	6.22877700
3.52259991	6.22877700
3.52269991	6.22877700
3.52279991	6.22877700
3.52289991	6.22877700
3.52299991	6.22877700
3.52309991	6.22877700
3.52319991	6.22877700
3.52329991	6.22877700
3.52339991	6.22877700
3.52349991	6.22877700
3.52359991	6.22877700
3.52369991	6.22877700
3.52379991	6.22877700
3.52389991	6.32166600
3.52399991	6.22877700
3.52409991	6.22877700
3.52419991	6.22877700
3.52429991	6.22877700
3.52439991	6.22877700
3.52449991	6.22877700
3.52459991	6.22877700
3.52469991	6.22877700
3.52479991	6.22877700
3.52489991	6.22877700
3.52499991	6.22877700
3.52509991	6.13588800
3.52519991	6.22877700
3.52529991	6.22877700
3.52539991	6.22877700
3.52549991	6.22877700
3.52559991	6.22877700
3.52569991	6.22877700
3.52579991	6.22877700
3.52589991	6.22877700
3.52599991	6.22877700
3.52609991	6.22877700
3.52619991	6.22877700
3.52629991	6.22877700
3.52639991	6.22877700
3.52649991	6.22877700
3.52659991	6.13588800
3.52669991	6.22877700
3.52679991	6.22877700
3.52689991	6.22877700
3.52699991	6.22877700
3.52709991	6.22877700
3.52719991	6.22877700
3.52729991	6.22877700
3.52739991	6.22877700
3.52749991	6.22877700
3.52759991	6.22877700
3.52769991	6.22877700
3.52779991	6.22877700
3.52789991	6.22877700
3.52799991	6.22877700
3.52809991	6.22877700
3.52819991	6.22877700
3.52829991	6.22877700
3.52839991	6.22877700
3.52849991	6.22877700
3.52859991	6.22877700
3.52869991	6.22877700
3.52879991	6.22877700
3.52889991	6.22877700
3.52899991	6.22877700
3.52909991	6.22877700
3.52919991	6.13588800
3.52929991	6.22877700
3.52939991	6.13588800
3.52949991	6.22877700
3.52959991	6.22877700
3.52969991	6.22877700
3.52979991	6.22877700
3.52989991	6.22877700
3.52999991	6.22877700
3.53009991	6.22877700
3.53019991	6.22877700
3.53029991	6.22877700
3.53039991	6.22877700
3.53049991	6.22877700
3.53059991	6.22877700
3.53069991	6.13588800
3.53079991	6.22877700
3.53089991	6.22877700
3.53099991	6.22877700
3.53109991	6.22877700
3.53119991	6.22877700
3.53129991	6.22877700
3.53139991	6.22877700
3.53149991	6.22877700
3.53159991	6.22877700
3.53169991	6.22877700
3.53179991	6.22877700
3.53189991	6.22877700
3.53199991	6.22877700
3.53209991	6.22877700
3.53219991	6.22877700
3.53229991	6.22877700
3.53239991	6.22877700
3.53249991	6.22877700
3.53259991	6.22877700
3.53269991	6.22877700
3.53279991	6.13588800
3.53289991	6.22877700
3.53299991	6.22877700
3.53309991	6.22877700
3.53319991	6.22877700
3.53329991	6.22877700
3.53339991	6.22877700
3.53349991	6.22877700
3.53359991	6.22877700
3.53369991	6.22877700
3.53379991	6.22877700
3.53389991	6.22877700
3.53399991	6.22877700
3.53409991	6.22877700
3.53419991	6.22877700
3.53429991	6.22877700
3.53439991	6.22877700
3.53449991	6.22877700
3.53459991	6.22877700
3.53469991	6.22877700
3.53479991	6.22877700
3.53489991	6.22877700
3.53499991	6.22877700
3.53509991	6.13588800
3.53519991	6.22877700
3.53529991	6.22877700
3.53539991	6.22877700
3.53549991	6.22877700
3.53559991	6.22877700
3.53569991	6.22877700
3.53579991	6.22877700
3.53589991	6.22877700
3.53599991	6.22877700
3.53609991	6.22877700
3.53619991	6.22877700
3.53629991	6.22877700
3.53639991	6.22877700
3.53649991	6.22877700
3.53659991	6.22877700
3.53669991	6.22877700
3.53679991	6.22877700
3.53689991	6.22877700
3.53699991	6.22877700
3.53709991	6.22877700
3.53719991	6.22877700
3.53729991	6.22877700
3.53739991	6.22877700
3.53749991	6.22877700
3.53759991	6.22877700
3.53769991	6.22877700
3.53779991	6.22877700
3.53789991	6.22877700
3.53799991	6.22877700
3.53809991	6.22877700
3.53819991	6.22877700
3.53829991	6.22877700
3.53839991	6.22877700
3.53849991	6.22877700
3.53859991	6.22877700
3.53869991	6.22877700
3.53879991	6.22877700
3.53889991	6.22877700
3.53899991	6.22877700
3.53909991	6.22877700
3.53919991	6.22877700
3.53929991	6.22877700
3.53939991	6.22877700
3.53949991	6.22877700
3.53959991	6.22877700
3.53969991	6.22877700
3.53979991	6.22877700
3.53989991	6.22877700
3.53999991	6.22877700
3.54009991	6.22877700
3.54019991	6.22877700
3.54029991	6.22877700
3.54039991	6.22877700
3.54049991	6.22877700
3.54059991	6.22877700
3.54069991	6.22877700
3.54079991	6.22877700
3.54089991	6.22877700
3.54099991	6.22877700
3.54109991	6.22877700
3.54119991	6.22877700
3.54129991	6.22877700
3.54139991	6.22877700
3.54149991	6.22877700
3.54159991	6.22877700
3.54169991	6.22877700
3.54179991	6.22877700
3.54189991	6.22877700
3.54199991	6.22877700
3.54209991	6.22877700
3.54219991	6.22877700
3.54229991	6.22877700
3.54239991	6.22877700
3.54249991	6.22877700
3.54259991	6.22877700
3.54269991	6.22877700
3.54279991	6.13588800
3.54289991	6.22877700
3.54299991	6.22877700
3.54309991	6.22877700
3.54319991	6.22877700
3.54329991	6.22877700
3.54339991	6.22877700
3.54349991	6.22877700
3.54359991	6.22877700
3.54369991	6.13588800
3.54379991	6.13588800
3.54389991	6.22877700
3.54399991	6.22877700
3.54409991	6.13588800
3.54419991	6.22877700
3.54429991	6.22877700
3.54439991	6.22877700
3.54449991	6.22877700
3.54459991	6.13588800
3.54469991	6.13588800
3.54479991	6.13588800
3.54489991	6.13588800
3.54499991	6.22877700
3.54509991	6.22877700
3.54519991	6.13588800
3.54529991	6.22877700
3.54539991	6.22877700
3.54549991	6.13588800
3.54559991	6.13588800
3.54569991	6.13588800
3.54579991	6.13588800
3.54589991	6.13588800
3.54599991	6.13588800
3.54609991	6.13588800
3.54619991	6.13588800
3.54629991	6.13588800
3.54639991	6.13588800
3.54649991	6.13588800
3.54659991	6.13588800
3.54669991	6.13588800
3.54679991	6.13588800
3.54689991	6.13588800
3.54699991	6.13588800
3.54709991	6.13588800
3.54719991	6.13588800
3.54729991	6.13588800
3.54739991	6.13588800
3.54749991	6.13588800
3.54759991	6.13588800
3.54769991	6.13588800
3.54779991	6.13588800
3.54789991	6.13588800
3.54799991	6.13588800
3.54809991	6.13588800
3.54819991	6.13588800
3.54829991	6.13588800
3.54839991	6.13588800
3.54849991	6.13588800
3.54859991	6.13588800
3.54869991	6.13588800
3.54879991	6.13588800
3.54889991	6.13588800
3.54899991	6.13588800
3.54909991	6.13588800
3.54919991	6.13588800
3.54929991	6.13588800
3.54939991	6.13588800
3.54949991	6.13588800
3.54959991	6.13588800
3.54969991	6.13588800
3.54979991	6.13588800
3.54989991	6.13588800
3.54999991	6.13588800
3.55009991	6.13588800
3.55019991	6.13588800
3.55029991	6.13588800
3.55039991	6.13588800
3.55049991	6.13588800
3.55059991	6.22877700
3.55069991	6.13588800
3.55079991	6.13588800
3.55089991	6.13588800
3.55099991	6.13588800
3.55109991	6.13588800
3.55119991	6.13588800
3.55129991	6.13588800
3.55139991	6.13588800
3.55149991	6.13588800
3.55159991	6.13588800
3.55169991	6.13588800
3.55179991	6.13588800
3.55189991	6.13588800
3.55199991	6.22877700
3.55209991	6.13588800
3.55219991	6.13588800
3.55229991	6.13588800
3.55239991	6.13588800
3.55249991	6.13588800
3.55259991	6.13588800
3.55269991	6.13588800
3.55279991	6.13588800
3.55289991	6.13588800
3.55299991	6.13588800
3.55309991	6.13588800
3.55319991	6.13588800
3.55329991	6.13588800
3.55339991	6.13588800
3.55349991	6.13588800
3.55359991	6.13588800
3.55369991	6.13588800
3.55379991	6.13588800
3.55389991	6.13588800
3.55399991	6.13588800
3.55409991	6.13588800
3.55419991	6.13588800
3.55429991	6.13588800
3.55439991	6.13588800
3.55449991	6.13588800
3.55459991	6.13588800
3.55469991	6.13588800
3.55479991	6.13588800
3.55489991	6.13588800
3.55499991	6.13588800
3.55509991	6.13588800
3.55519991	6.13588800
3.55529991	6.13588800
3.55539991	6.13588800
3.55549991	6.13588800
3.55559991	6.13588800
3.55569991	6.13588800
3.55579991	6.13588800
3.55589991	6.13588800
3.55599991	6.13588800
3.55609991	6.13588800
3.55619991	6.13588800
3.55629991	6.13588800
3.55639991	6.13588800
3.55649991	6.04269200
3.55659991	6.13588800
3.55669991	6.13588800
3.55679991	6.13588800
3.55689991	6.13588800
3.55699991	6.13588800
3.55709991	6.13588800
3.55719991	6.13588800
3.55729991	6.04269200
3.55739991	6.04269200
3.55749991	6.04269200
3.55759991	6.13588800
3.55769991	6.04269200
3.55779991	6.04269200
3.55789991	6.04269200
3.55799991	6.04269200
3.55809991	6.04269200
3.55819991	6.04269200
3.55829991	6.04269200
3.55839991	6.04269200
3.55849991	6.13588800
3.55859991	6.04269200
3.55869991	6.13588800
3.55879991	6.13588800
3.55889991	6.13588800
3.55899991	6.13588800
3.55909991	6.04269200
3.55919991	6.04269200
3.55929991	6.04269200
3.55939991	6.04269200
3.55949991	6.04269200
3.55959991	6.04269200
3.55969991	6.04269200
3.55979991	6.04269200
3.55989991	6.04269200
3.55999991	6.04269200
3.56009991	6.04269200
3.56019991	6.04269200
3.56029991	6.04269200
3.56039991	6.04269200
3.56049991	6.04269200
3.56059991	6.04269200
3.56069991	6.04269200
3.56079991	6.13588800
3.56089991	6.04269200
3.56099991	6.13588800
3.56109991	6.04269200
3.56119991	6.13588800
3.56129991	6.13588800
3.56139991	6.13588800
3.56149991	6.13588800
3.56159991	6.13588800
3.56169991	6.04269200
3.56179991	6.13588800
3.56189991	6.13588800
3.56199991	6.13588800
3.56209991	6.13588800
3.56219991	6.13588800
3.56229991	6.13588800
3.56239991	6.13588800
3.56249991	6.13588800
3.56259991	6.13588800
3.56269991	6.13588800
3.56279991	6.13588800
3.56289991	6.13588800
3.56299991	6.13588800
3.56309991	6.13588800
3.56319991	6.13588800
3.56329991	6.13588800
3.56339991	6.13588800
3.56349991	6.13588800
3.56359991	6.13588800
3.56369991	6.13588800
3.56379991	6.13588800
3.56389991	6.13588800
3.56399991	6.13588800
3.56409991	6.13588800
3.56419991	6.13588800
3.56429991	6.13588800
3.56439991	6.13588800
3.56449991	6.13588800
3.56459991	6.13588800
3.56469991	6.13588800
3.56479991	6.13588800
3.56489991	6.13588800
3.56499991	6.13588800
3.56509991	6.13588800
3.56519991	6.13588800
3.56529991	6.13588800
3.56539991	6.13588800
3.56549991	6.13588800
3.56559991	6.13588800
3.56569991	6.13588800
3.56579991	6.13588800
3.56589991	6.13588800
3.56599991	6.13588800
3.56609991	6.13588800
3.56619991	6.13588800
3.56629991	6.13588800
3.56639991	6.13588800
3.56649991	6.13588800
3.56659991	6.13588800
3.56669991	6.13588800
3.56679991	6.13588800
3.56689991	6.13588800
3.56699991	6.13588800
3.56709991	6.13588800
3.56719991	6.13588800
3.56729991	6.13588800
3.56739991	6.13588800
3.56749991	6.13588800
3.56759991	6.13588800
3.56769991	6.13588800
3.56779991	6.13588800
3.56789991	6.13588800
3.56799991	6.13588800
3.56809991	6.13588800
3.56819991	6.13588800
3.56829991	6.13588800
3.56839991	6.13588800
3.56849991	6.13588800
3.56859991	6.13588800
3.56869991	6.13588800
3.56879991	6.13588800
3.56889991	6.13588800
3.56899991	6.13588800
3.56909991	6.13588800
3.56919991	6.13588800
3.56929991	6.13588800
3.56939991	6.04269200
3.56949991	6.13588800
3.56959991	6.13588800
3.56969991	6.13588800
3.56979991	6.13588800
3.56989991	6.13588800
3.56999991	6.13588800
3.57009991	6.13588800
3.57019991	6.13588800
3.57029991	6.13588800
3.57039991	6.13588800
3.57049991	6.13588800
3.57059991	6.13588800
3.57069991	6.13588800
3.57079991	6.13588800
3.57089991	6.13588800
3.57099991	6.13588800
3.57109991	6.13588800
3.57119991	6.13588800
3.57129991	6.13588800
3.57139991	6.13588800
3.57149991	6.13588800
3.57159991	6.13588800
3.57169991	6.13588800
3.57179991	6.13588800
3.57189991	6.13588800
3.57199991	6.13588800
3.57209991	6.13588800
3.57219991	6.13588800
3.57229991	6.13588800
3.57239991	6.13588800
3.57249991	6.13588800
3.57259991	6.13588800
3.57269991	6.13588800
3.57279991	6.13588800
3.57289991	6.13588800
3.57299991	6.13588800
3.57309991	6.13588800
3.57319991	6.13588800
3.57329991	6.13588800
3.57339991	6.13588800
3.57349991	6.13588800
3.57359991	6.13588800
3.57369991	6.13588800
3.57379991	6.13588800
3.57389991	6.04269200
3.57399991	6.13588800
3.57409991	6.13588800
3.57419991	6.04269200
3.57429991	6.04269200
3.57439991	6.13588800
3.57449991	6.04269200
3.57459991	6.13588800
3.57469991	6.13588800
3.57479991	6.04269200
3.57489991	6.04269200
3.57499991	6.04269200
3.57509991	6.04269200
3.57519991	6.04269200
3.57529991	6.04269200
3.57539991	6.04269200
3.57549991	6.04269200
3.57559991	6.04269200
3.57569991	6.04269200
3.57579991	6.04269200
3.57589991	6.04269200
3.57599991	6.04269200
3.57609991	6.04269200
3.57619991	6.04269200
3.57629991	6.04269200
3.57639991	6.04269200
3.57649991	6.04269200
3.57659991	6.04269200
3.57669991	6.04269200
3.57679991	6.04269200
3.57689991	6.04269200
3.57699991	6.04269200
3.57709991	6.04269200
3.57719991	6.04269200
3.57729991	6.04269200
3.57739991	6.04269200
3.57749991	6.04269200
3.57759991	6.04269200
3.57769991	6.04269200
3.57779991	6.04269200
3.57789991	6.04269200
3.57799991	5.94980300
3.57809991	6.04269200
3.57819991	6.04269200
3.57829991	6.04269200
3.57839991	6.04269200
3.57849991	5.94980300
3.57859991	6.04269200
3.57869991	6.04269200
3.57879991	6.04269200
3.57889991	6.04269200
3.57899991	6.04269200
3.57909991	6.04269200
3.57919991	6.04269200
3.57929991	6.04269200
3.57939991	6.04269200
3.57949991	6.04269200
3.57959991	6.04269200
3.57969991	6.04269200
3.57979991	6.04269200
3.57989991	6.04269200
3.57999991	6.04269200
3.58009991	6.04269200
3.58019991	6.04269200
3.58029991	6.04269200
3.58039991	6.04269200
3.58049991	6.04269200
3.58059991	6.04269200
3.58069991	6.04269200
3.58079991	6.04269200
3.58089991	6.04269200
3.58099991	6.04269200
3.58109991	6.04269200
3.58119991	6.04269200
3.58129991	6.04269200
3.58139991	6.04269200
3.58149991	6.04269200
3.58159991	6.04269200
3.58169991	6.04269200
3.58179991	6.04269200
3.58189991	6.04269200
3.58199991	6.04269200
3.58209991	6.04269200
3.58219991	6.04269200
3.58229991	6.04269200
3.58239991	6.04269200
3.58249991	6.04269200
3.58259991	6.04269200
3.58269991	6.04269200
3.58279991	6.04269200
3.58289991	6.04269200
3.58299991	6.04269200
3.58309991	6.04269200
3.58319991	6.04269200
3.58329991	6.04269200
3.58339991	5.94980300
3.58349991	6.04269200
3.58359991	6.04269200
3.58369991	6.04269200
3.58379991	5.94980300
3.58389991	5.94980300
3.58399991	6.04269200
3.58409991	5.94980300
3.58419991	6.04269200
3.58429991	6.04269200
3.58439991	6.04269200
3.58449991	6.04269200
3.58459991	5.94980300
3.58469991	5.94980300
3.58479991	5.94980300
3.58489991	5.94980300
3.58499991	5.94980300
3.58509991	5.94980300
3.58519991	5.94980300
3.58529991	5.94980300
3.58539991	5.94980300
3.58549991	5.94980300
3.58559991	6.04269200
3.58569991	5.94980300
3.58579991	5.94980300
3.58589991	5.94980300
3.58599991	6.04269200
3.58609991	6.04269200
3.58619991	6.04269200
3.58629991	6.04269200
3.58639991	6.04269200
3.58649991	5.94980300
3.58659991	5.94980300
3.58669991	6.04269200
3.58679991	6.04269200
3.58689991	6.04269200
3.58699991	6.04269200
3.58709991	6.04269200
3.58719991	6.04269200
3.58729991	6.04269200
3.58739991	5.94980300
3.58749991	5.94980300
3.58759991	5.94980300
3.58769991	6.04269200
3.58779991	6.04269200
3.58789991	6.04269200
3.58799991	6.04269200
3.58809991	6.04269200
3.58819991	6.04269200
3.58829991	6.04269200
3.58839991	6.04269200
3.58849991	6.04269200
3.58859991	6.04269200
3.58869991	6.04269200
3.58879991	6.04269200
3.58889991	6.04269200
3.58899991	6.04269200
3.58909991	6.04269200
3.58919991	6.04269200
3.58929991	6.04269200
3.58939991	6.04269200
3.58949991	6.04269200
3.58959991	6.04269200
3.58969991	6.04269200
3.58979991	6.04269200
3.58989991	6.04269200
3.58999991	6.04269200
3.59009991	6.04269200
3.59019991	6.04269200
3.59029991	6.04269200
3.59039991	6.04269200
3.59049991	6.04269200
3.59059991	6.04269200
3.59069991	6.04269200
3.59079991	6.04269200
3.59089991	6.04269200
3.59099991	6.04269200
3.59109991	6.04269200
3.59119991	6.04269200
3.59129991	6.04269200
3.59139991	6.04269200
3.59149991	6.04269200
3.59159991	6.13588800
3.59169991	6.04269200
3.59179991	6.04269200
3.59189991	6.04269200
3.59199991	6.04269200
3.59209991	6.04269200
3.59219991	6.04269200
3.59229991	6.13588800
3.59239991	6.04269200
3.59249991	6.04269200
3.59259991	6.04269200
3.59269991	6.13588800
3.59279991	6.13588800
3.59289991	6.04269200
3.59299991	6.04269200
3.59309991	6.04269200
3.59319991	6.04269200
3.59329991	6.04269200
3.59339991	6.04269200
3.59349991	6.04269200
3.59359991	6.04269200
3.59369991	6.04269200
3.59379991	6.04269200
3.59389991	6.04269200
3.59399991	6.04269200
3.59409991	6.04269200
3.59419991	6.04269200
3.59429991	6.04269200
3.59439991	6.04269200
3.59449991	6.04269200
3.59459991	6.04269200
3.59469991	6.04269200
3.59479991	6.04269200
3.59489991	6.04269200
3.59499991	6.04269200
3.59509991	6.04269200
3.59519991	6.04269200
3.59529991	6.04269200
3.59539991	6.04269200
3.59549991	6.04269200
3.59559991	6.04269200
3.59569991	6.04269200
3.59579991	6.04269200
3.59589991	6.04269200
3.59599991	6.04269200
3.59609991	6.04269200
3.59619991	6.04269200
3.59629991	6.04269200
3.59639991	6.04269200
3.59649991	6.04269200
3.59659991	6.04269200
3.59669991	6.04269200
3.59679991	6.04269200
3.59689991	6.04269200
3.59699991	5.94980300
3.59709991	5.94980300
3.59719991	5.94980300
3.59729991	6.04269200
3.59739991	5.94980300
3.59749991	6.04269200
3.59759991	6.04269200
3.59769991	6.04269200
3.59779991	6.04269200
3.59789991	6.04269200
3.59799991	5.94980300
3.59809991	6.04269200
3.59819991	5.94980300
3.59829991	5.94980300
3.59839991	6.04269200
3.59849991	6.04269200
3.59859991	5.94980300
3.59869991	5.94980300
3.59879991	6.04269200
3.59889991	5.94980300
3.59899991	6.04269200
3.59909991	5.94980300
3.59919991	5.94980300
3.59929991	6.04269200
3.59939991	5.94980300
3.59949991	6.04269200
3.59959991	6.04269200
3.59969991	6.04269200
3.59979991	6.04269200
3.59989991	6.04269200
3.59999991	6.04269200
3.60009991	5.94980300
3.60019991	5.94980300
3.60029991	6.04269200
3.60039991	6.04269200
3.60049991	6.04269200
3.60059991	5.94980300
3.60069991	5.94980300
3.60079991	5.94980300
3.60089991	5.94980300
3.60099991	5.94980300
3.60109991	5.94980300
3.60119991	5.94980300
3.60129991	5.94980300
3.60139991	5.94980300
3.60149991	5.94980300
3.60159991	5.94980300
3.60169991	6.04269200
3.60179991	5.94980300
3.60189991	6.04269200
3.60199991	5.94980300
3.60209991	6.04269200
3.60219991	5.94980300
3.60229991	5.94980300
3.60239991	6.04269200
3.60249991	5.94980300
3.60259991	5.94980300
3.60269991	5.94980300
3.60279991	5.94980300
3.60289991	5.94980300
3.60299991	5.94980300
3.60309991	5.94980300
3.60319991	5.94980300
3.60329991	5.94980300
3.60339991	5.94980300
3.60349991	5.94980300
3.60359991	5.94980300
3.60369991	5.94980300
3.60379991	5.94980300
3.60389991	5.94980300
3.60399991	5.94980300
3.60409991	5.94980300
3.60419991	5.94980300
3.60429991	5.94980300
3.60439991	5.94980300
3.60449991	5.94980300
3.60459991	5.94980300
3.60469991	5.94980300
3.60479991	5.94980300
3.60489991	5.94980300
3.60499991	5.94980300
3.60509991	5.94980300
3.60519991	5.94980300
3.60529991	5.94980300
3.60539991	5.94980300
3.60549991	5.94980300
3.60559991	5.94980300
3.60569991	5.85691500
3.60579991	5.94980300
3.60589991	5.94980300
3.60599991	5.94980300
3.60609991	5.94980300
3.60619991	5.85691500
3.60629991	5.94980300
3.60639991	5.94980300
3.60649991	5.94980300
3.60659991	5.85691500
3.60669991	5.94980300
3.60679991	5.94980300
3.60689991	5.94980300
3.60699991	5.94980300
3.60709991	5.94980300
3.60719991	5.94980300
3.60729991	5.94980300
3.60739991	5.94980300
3.60749991	5.94980300
3.60759991	5.94980300
3.60769991	5.94980300
3.60779991	5.94980300
3.60789991	5.94980300
3.60799991	5.94980300
3.60809991	5.94980300
3.60819991	5.94980300
3.60829991	5.94980300
3.60839991	5.94980300
3.60849991	5.94980300
3.60859991	5.94980300
3.60869991	5.94980300
3.60879991	5.94980300
3.60889991	5.94980300
3.60899991	5.94980300
3.60909991	5.94980300
3.60919991	5.94980300
3.60929991	5.94980300
3.60939991	5.94980300
3.60949991	5.94980300
3.60959991	5.94980300
3.60969991	5.94980300
3.60979991	5.94980300
3.60989991	5.94980300
3.60999991	5.94980300
3.61009991	5.94980300
3.61019991	5.94980300
3.61029991	5.94980300
3.61039991	5.94980300
3.61049991	5.94980300
3.61059991	5.94980300
3.61069991	5.94980300
3.61079991	5.94980300
3.61089991	6.04269200
3.61099991	5.94980300
3.61109991	6.04269200
3.61119991	5.94980300
3.61129991	5.94980300
3.61139991	5.94980300
3.61149991	5.94980300
3.61159991	5.94980300
3.61169991	5.94980300
3.61179991	5.94980300
3.61189991	5.94980300
3.61199991	5.94980300
3.61209991	5.94980300
3.61219991	5.94980300
3.61229991	5.94980300
3.61239991	5.94980300
3.61249991	5.94980300
3.61259991	5.94980300
3.61269991	5.94980300
3.61279991	5.94980300
3.61289991	5.94980300
3.61299991	5.94980300
3.61309991	5.94980300
3.61319991	5.94980300
3.61329991	5.94980300
3.61339991	6.04269200
3.61349991	5.94980300
3.61359991	5.94980300
3.61369991	5.94980300
3.61379991	5.94980300
3.61389991	5.94980300
3.61399991	5.94980300
3.61409991	5.94980300
3.61419991	5.94980300
3.61429991	5.94980300
3.61439991	5.94980300
3.61449991	5.94980300
3.61459991	5.94980300
3.61469991	5.94980300
3.61479991	5.94980300
3.61489991	5.94980300
3.61499991	5.94980300
3.61509991	5.94980300
3.61519991	5.94980300
3.61529991	6.04269200
3.61539991	5.94980300
3.61549991	5.94980300
3.61559991	5.94980300
3.61569991	5.94980300
3.61579991	5.94980300
3.61589991	5.94980300
3.61599991	5.94980300
3.61609991	5.94980300
3.61619991	5.94980300
3.61629991	5.94980300
3.61639991	5.94980300
3.61649991	5.94980300
3.61659991	5.94980300
3.61669991	5.94980300
3.61679991	5.94980300
3.61689991	5.94980300
3.61699991	5.94980300
3.61709991	5.94980300
3.61719991	5.94980300
3.61729991	5.94980300
3.61739991	5.94980300
3.61749991	5.94980300
3.61759991	5.94980300
3.61769991	5.94980300
3.61779991	5.94980300
3.61789991	5.94980300
3.61799991	5.94980300
3.61809991	5.94980300
3.61819991	5.94980300
3.61829991	5.94980300
3.61839991	5.94980300
3.61849991	5.94980300
3.61859991	5.94980300
3.61869991	5.94980300
3.61879991	5.94980300
3.61889991	5.94980300
3.61899991	5.94980300
3.61909991	5.94980300
3.61919991	5.94980300
3.61929991	5.94980300
3.61939991	5.94980300
3.61949991	5.94980300
3.61959991	5.94980300
3.61969991	5.94980300
3.61979991	5.94980300
3.61989991	5.94980300
3.61999991	5.94980300
3.62009991	5.94980300
3.62019991	5.94980300
3.62029991	5.94980300
3.62039991	5.94980300
3.62049991	5.94980300
3.62059991	5.94980300
3.62069991	5.94980300
3.62079991	5.94980300
3.62089991	5.94980300
3.62099991	5.94980300
3.62109991	5.94980300
3.62119991	5.94980300
3.62129991	5.94980300
3.62139991	5.94980300
3.62149991	5.94980300
3.62159991	5.94980300
3.62169991	5.94980300
3.62179991	5.94980300
3.62189991	5.94980300
3.62199991	5.94980300
3.62209991	5.94980300
3.62219991	5.94980300
3.62229991	5.94980300
3.62239991	5.94980300
3.62249991	5.94980300
3.62259991	5.94980300
3.62269991	5.94980300
3.62279991	5.94980300
3.62289991	5.94980300
3.62299991	5.94980300
3.62309991	5.94980300
3.62319991	5.94980300
3.62329991	5.94980300
3.62339991	5.94980300
3.62349991	5.94980300
3.62359991	5.94980300
3.62369991	5.94980300
3.62379991	5.94980300
3.62389991	5.94980300
3.62399991	5.94980300
3.62409991	5.94980300
3.62419991	5.94980300
3.62429991	5.85691500
3.62439991	5.94980300
3.62449991	5.85691500
3.62459991	5.94980300
3.62469991	5.85691500
3.62479991	5.85691500
3.62489991	5.85691500
3.62499991	5.85691500
3.62509991	5.85691500
3.62519991	5.94980300
3.62529991	5.85691500
3.62539991	5.85691500
3.62549991	5.85691500
3.62559991	5.94980300
3.62569991	5.85691500
3.62579991	5.94980300
3.62589991	5.85691500
3.62599991	5.94980300
3.62609991	5.94980300
3.62619991	5.94980300
3.62629991	5.85691500
3.62639991	5.94980300
3.62649991	5.94980300
3.62659991	5.85691500
3.62669991	5.85691500
3.62679991	5.85691500
3.62689991	5.85691500
3.62699991	5.85691500
3.62709991	5.85691500
3.62719991	5.85691500
3.62729991	5.85691500
3.62739991	5.85691500
3.62749991	5.85691500
3.62759991	5.85691500
3.62769991	5.85691500
3.62779991	5.85691500
3.62789991	5.85691500
3.62799991	5.85691500
3.62809991	5.85691500
3.62819991	5.94980300
3.62829991	5.85691500
3.62839991	5.94980300
3.62849991	5.85691500
3.62859991	5.85691500
3.62869991	5.85691500
3.62879991	5.85691500
3.62889991	5.94980300
3.62899991	5.85691500
3.62909991	5.85691500
3.62919991	5.94980300
3.62929991	5.85691500
3.62939991	5.85691500
3.62949991	5.85691500
3.62959991	5.85691500
3.62969991	5.85691500
3.62979991	5.94980300
3.62989991	5.94980300
3.62999991	5.85691500
3.63009991	5.94980300
3.63019991	5.94980300
3.63029991	5.94980300
3.63039991	5.85691500
3.63049991	5.94980300
3.63059991	5.85691500
3.63069991	5.85691500
3.63079991	5.85691500
3.63089991	5.85691500
3.63099991	5.94980300
3.63109991	5.85691500
3.63119991	5.85691500
3.63129991	5.85691500
3.63139991	5.85691500
3.63149991	5.85691500
3.63159991	5.85691500
3.63169991	5.85691500
3.63179991	5.85691500
3.63189991	5.85691500
3.63199991	5.94980300
3.63209991	5.85691500
3.63219991	5.85691500
3.63229991	5.85691500
3.63239991	5.94980300
3.63249991	5.94980300
3.63259991	5.94980300
3.63269991	5.94980300
3.63279991	5.85691500
3.63289991	5.94980300
3.63299991	5.94980300
3.63309991	5.94980300
3.63319991	5.94980300
3.63329991	5.94980300
3.63339991	5.94980300
3.63349991	5.94980300
3.63359991	5.94980300
3.63369991	5.94980300
3.63379991	5.94980300
3.63389991	5.94980300
3.63399991	5.85691500
3.63409991	5.85691500
3.63419991	5.94980300
3.63429991	5.94980300
3.63439991	5.85691500
3.63449991	5.94980300
3.63459991	5.94980300
3.63469991	5.94980300
3.63479991	5.94980300
3.63489991	5.94980300
3.63499991	5.94980300
3.63509991	5.94980300
3.63519991	5.94980300
3.63529991	5.94980300
3.63539991	5.94980300
3.63549991	5.94980300
3.63559991	5.85691500
3.63569991	5.94980300
3.63579991	5.94980300
3.63589991	5.85691500
3.63599991	5.85691500
3.63609991	5.85691500
3.63619991	5.85691500
3.63629991	5.85691500
3.63639991	5.85691500
3.63649991	5.94980300
3.63659991	5.94980300
3.63669991	5.94980300
3.63679991	5.94980300
3.63689991	5.85691500
3.63699991	5.85691500
3.63709991	5.94980300
3.63719991	5.94980300
3.63729991	5.94980300
3.63739991	5.85691500
3.63749991	5.94980300
3.63759991	5.94980300
3.63769991	5.94980300
3.63779991	5.94980300
3.63789991	5.94980300
3.63799991	5.85691500
3.63809991	5.85691500
3.63819991	5.85691500
3.63829991	5.85691500
3.63839991	5.85691500
3.63849991	5.94980300
3.63859991	5.85691500
3.63869991	5.85691500
3.63879991	5.85691500
3.63889991	5.94980300
3.63899991	5.94980300
3.63909991	5.94980300
3.63919991	5.94980300
3.63929991	5.94980300
3.63939991	5.94980300
3.63949991	5.94980300
3.63959991	5.85691500
3.63969991	5.94980300
3.63979991	5.94980300
3.63989991	5.94980300
3.63999991	5.94980300
3.64009991	5.94980300
3.64019991	5.94980300
3.64029991	5.85691500
3.64039991	5.85691500
3.64049991	5.94980300
3.64059991	5.85691500
3.64069991	5.85691500
3.64079991	5.85691500
3.64089991	5.85691500
3.64099991	5.94980300
3.64109991	5.94980300
3.64119991	5.94980300
3.64129991	5.94980300
3.64139991	5.94980300
3.64149991	5.85691500
3.64159991	5.85691500
3.64169991	5.94980300
3.64179991	5.85691500
3.64189991	5.85691500
3.64199991	5.85691500
3.64209991	5.85691500
3.64219991	5.85691500
3.64229991	5.85691500
3.64239991	5.85691500
3.64249991	5.85691500
3.64259991	5.85691500
3.64269991	5.85691500
3.64279991	5.85691500
3.64289991	5.85691500
3.64299991	5.85691500
3.64309991	5.85691500
3.64319991	5.85691500
3.64329991	5.85691500
3.64339991	5.85691500
3.64349991	5.85691500
3.64359991	5.85691500
3.64369991	5.85691500
3.64379991	5.85691500
3.64389991	5.85691500
3.64399991	5.85691500
3.64409991	5.85691500
3.64419991	5.85691500
3.64429991	5.85691500
3.64439991	5.85691500
3.64449991	5.85691500
3.64459991	5.85691500
3.64469991	5.85691500
3.64479991	5.85691500
3.64489991	5.85691500
3.64499991	5.85691500
3.64509991	5.85691500
3.64519991	5.85691500
3.64529991	5.85691500
3.64539991	5.85691500
3.64549991	5.85691500
3.64559991	5.85691500
3.64569991	5.85691500
3.64579991	5.85691500
3.64589991	5.85691500
3.64599991	5.85691500
3.64609991	5.85691500
3.64619991	5.85691500
3.64629991	5.85691500
3.64639991	5.85691500
3.64649991	5.85691500
3.64659991	5.85691500
3.64669991	5.85691500
3.64679991	5.85691500
3.64689991	5.85691500
3.64699991	5.85691500
3.64709991	5.85691500
3.64719991	5.85691500
3.64729991	5.85691500
3.64739991	5.85691500
3.64749991	5.85691500
3.64759991	5.85691500
3.64769991	5.85691500
3.64779991	5.85691500
3.64789991	5.85691500
3.64799991	5.85691500
3.64809991	5.85691500
3.64819991	5.85691500
3.64829991	5.85691500
3.64839991	5.85691500
3.64849991	5.85691500
3.64859991	5.85691500
3.64869991	5.85691500
3.64879991	5.85691500
3.64889991	5.85691500
3.64899991	5.85691500
3.64909991	5.85691500
3.64919991	5.85691500
3.64929991	5.85691500
3.64939991	5.85691500
3.64949991	5.85691500
3.64959991	5.85691500
3.64969991	5.85691500
3.64979991	5.85691500
3.64989991	5.85691500
3.64999991	5.85691500
3.65009991	5.85691500
3.65019991	5.85691500
3.65029991	5.85691500
3.65039991	5.85691500
3.65049991	5.85691500
3.65059991	5.85691500
3.65069991	5.85691500
3.65079991	5.85691500
3.65089991	5.85691500
3.65099991	5.85691500
3.65109991	5.85691500
3.65119991	5.85691500
3.65129991	5.85691500
3.65139991	5.85691500
3.65149991	5.85691500
3.65159991	5.85691500
3.65169991	5.85691500
3.65179991	5.85691500
3.65189991	5.85691500
3.65199991	5.85691500
3.65209991	5.85691500
3.65219991	5.85691500
3.65229991	5.85691500
3.65239991	5.85691500
3.65249991	5.85691500
3.65259991	5.85691500
3.65269991	5.85691500
3.65279991	5.85691500
3.65289991	5.85691500
3.65299991	5.85691500
3.65309991	5.85691500
3.65319991	5.85691500
3.65329991	5.85691500
3.65339991	5.85691500
3.65349991	5.85691500
3.65359991	5.85691500
3.65369991	5.85691500
3.65379991	5.85691500
3.65389991	5.85691500
3.65399991	5.85691500
3.65409991	5.85691500
3.65419991	5.85691500
3.65429991	5.85691500
3.65439991	5.85691500
3.65449991	5.85691500
3.65459991	5.85691500
3.65469991	5.85691500
3.65479991	5.85691500
3.65489991	5.85691500
3.65499991	5.85691500
3.65509991	5.85691500
3.65519991	5.85691500
3.65529991	5.85691500
3.65539991	5.85691500
3.65549991	5.85691500
3.65559991	5.85691500
3.65569991	5.85691500
3.65579991	5.85691500
3.65589991	5.85691500
3.65599991	5.85691500
3.65609991	5.85691500
3.65619991	5.85691500
3.65629991	5.85691500
3.65639991	5.85691500
3.65649991	5.85691500
3.65659991	5.85691500
3.65669991	5.85691500
3.65679991	5.85691500
3.65689991	5.85691500
3.65699991	5.85691500
3.65709991	5.85691500
3.65719991	5.85691500
3.65729991	5.85691500
3.65739991	5.85691500
3.65749991	5.85691500
3.65759991	5.85691500
3.65769991	5.85691500
3.65779991	5.85691500
3.65789991	5.85691500
3.65799991	5.85691500
3.65809991	5.85691500
3.65819991	5.85691500
3.65829991	5.85691500
3.65839991	5.85691500
3.65849991	5.85691500
3.65859991	5.85691500
3.65869991	5.85691500
3.65879991	5.76371800
3.65889991	5.85691500
3.65899991	5.85691500
3.65909991	5.85691500
3.65919991	5.85691500
3.65929991	5.85691500
3.65939991	5.85691500
3.65949991	5.85691500
3.65959991	5.85691500
3.65969991	5.85691500
3.65979991	5.85691500
3.65989991	5.85691500
3.65999991	5.85691500
3.66009991	5.85691500
3.66019991	5.85691500
3.66029991	5.85691500
3.66039991	5.85691500
3.66049991	5.85691500
3.66059991	5.85691500
3.66069991	5.85691500
3.66079991	5.85691500
3.66089991	5.76371800
3.66099991	5.85691500
3.66109991	5.85691500
3.66119991	5.85691500
3.66129991	5.85691500
3.66139991	5.85691500
3.66149991	5.85691500
3.66159991	5.85691500
3.66169991	5.85691500
3.66179991	5.85691500
3.66189991	5.85691500
3.66199991	5.85691500
3.66209991	5.85691500
3.66219991	5.85691500
3.66229991	5.85691500
3.66239991	5.85691500
3.66249991	5.85691500
3.66259991	5.85691500
3.66269991	5.85691500
3.66279991	5.85691500
3.66289991	5.76371800
3.66299991	5.85691500
3.66309991	5.85691500
3.66319991	5.76371800
3.66329991	5.85691500
3.66339991	5.76371800
3.66349991	5.85691500
3.66359991	5.85691500
3.66369991	5.85691500
3.66379991	5.85691500
3.66389991	5.85691500
3.66399991	5.85691500
3.66409991	5.85691500
3.66419991	5.85691500
3.66429991	5.85691500
3.66439991	5.85691500
3.66449991	5.85691500
3.66459991	5.85691500
3.66469991	5.85691500
3.66479991	5.85691500
3.66489991	5.76371800
3.66499991	5.85691500
3.66509991	5.85691500
3.66519991	5.76371800
3.66529991	5.85691500
3.66539991	5.76371800
3.66549991	5.85691500
3.66559991	5.76371800
3.66569991	5.85691500
3.66579991	5.85691500
3.66589991	5.85691500
3.66599991	5.85691500
3.66609991	5.85691500
3.66619991	5.85691500
3.66629991	5.85691500
3.66639991	5.85691500
3.66649991	5.85691500
3.66659991	5.85691500
3.66669991	5.85691500
3.66679991	5.85691500
3.66689991	5.85691500
3.66699991	5.85691500
3.66709991	5.85691500
3.66719991	5.76371800
3.66729991	5.85691500
3.66739991	5.85691500
3.66749991	5.85691500
3.66759991	5.76371800
3.66769991	5.85691500
3.66779991	5.85691500
3.66789991	5.85691500
3.66799991	5.85691500
3.66809991	5.85691500
3.66819991	5.76371800
3.66829991	5.76371800
3.66839991	5.85691500
3.66849991	5.85691500
3.66859991	5.85691500
3.66869991	5.85691500
3.66879991	5.76371800
3.66889991	5.85691500
3.66899991	5.76371800
3.66909991	5.85691500
3.66919991	5.85691500
3.66929991	5.85691500
3.66939991	5.85691500
3.66949991	5.85691500
3.66959991	5.85691500
3.66969991	5.85691500
3.66979991	5.85691500
3.66989991	5.85691500
3.66999991	5.85691500
3.67009991	5.85691500
3.67019991	5.85691500
3.67029991	5.85691500
3.67039991	5.85691500
3.67049991	5.85691500
3.67059991	5.85691500
3.67069991	5.85691500
3.67079991	5.85691500
3.67089991	5.85691500
3.67099991	5.85691500
3.67109991	5.85691500
3.67119991	5.85691500
3.67129991	5.85691500
3.67139991	5.85691500
3.67149991	5.85691500
3.67159991	5.85691500
3.67169991	5.85691500
3.67179991	5.85691500
3.67189991	5.85691500
3.67199991	5.85691500
3.67209991	5.85691500
3.67219991	5.85691500
3.67229991	5.85691500
3.67239991	5.85691500
3.67249991	5.85691500
3.67259991	5.85691500
3.67269991	5.85691500
3.67279991	5.85691500
3.67289991	5.85691500
3.67299991	5.85691500
3.67309991	5.85691500
3.67319991	5.85691500
3.67329991	5.85691500
3.67339991	5.85691500
3.67349991	5.85691500
3.67359991	5.85691500
3.67369991	5.85691500
3.67379991	5.85691500
3.67389991	5.85691500
3.67399991	5.85691500
3.67409991	5.85691500
3.67419991	5.85691500
3.67429991	5.85691500
3.67439991	5.85691500
3.67449991	5.85691500
3.67459991	5.85691500
3.67469991	5.85691500
3.67479991	5.85691500
3.67489991	5.85691500
3.67499991	5.76371800
3.67509991	5.85691500
3.67519991	5.85691500
3.67529991	5.76371800
3.67539991	5.85691500
3.67549991	5.85691500
3.67559991	5.85691500
3.67569991	5.85691500
3.67579991	5.85691500
3.67589991	5.85691500
3.67599991	5.76371800
3.67609991	5.76371800
3.67619991	5.76371800
3.67629991	5.76371800
3.67639991	5.76371800
3.67649991	5.76371800
3.67659991	5.76371800
3.67669991	5.76371800
3.67679991	5.76371800
3.67689991	5.76371800
3.67699991	5.76371800
3.67709991	5.85691500
3.67719991	5.76371800
3.67729991	5.76371800
3.67739991	5.76371800
3.67749991	5.76371800
3.67759991	5.85691500
3.67769991	5.76371800
3.67779991	5.76371800
3.67789991	5.76371800
3.67799991	5.76371800
3.67809991	5.76371800
3.67819991	5.76371800
3.67829991	5.76371800
3.67839991	5.76371800
3.67849991	5.76371800
3.67859991	5.76371800
3.67869991	5.76371800
3.67879991	5.76371800
3.67889991	5.76371800
3.67899991	5.76371800
3.67909991	5.76371800
3.67919991	5.76371800
3.67929991	5.76371800
3.67939991	5.76371800
3.67949991	5.76371800
3.67959991	5.76371800
3.67969991	5.76371800
3.67979991	5.76371800
3.67989991	5.76371800
3.67999991	5.76371800
3.68009991	5.85691500
3.68019991	5.76371800
3.68029991	5.76371800
3.68039991	5.76371800
3.68049991	5.76371800
3.68059991	5.76371800
3.68069991	5.76371800
3.68079991	5.76371800
3.68089991	5.76371800
3.68099991	5.76371800
3.68109991	5.76371800
3.68119991	5.76371800
3.68129991	5.76371800
3.68139991	5.76371800
3.68149991	5.76371800
3.68159991	5.76371800
3.68169991	5.76371800
3.68179991	5.76371800
3.68189991	5.76371800
3.68199991	5.76371800
3.68209991	5.76371800
3.68219991	5.76371800
3.68229991	5.76371800
3.68239991	5.76371800
3.68249991	5.76371800
3.68259991	5.76371800
3.68269991	5.76371800
3.68279991	5.85691500
3.68289991	5.76371800
3.68299991	5.76371800
3.68309991	5.76371800
3.68319991	5.76371800
3.68329991	5.76371800
3.68339991	5.76371800
3.68349991	5.76371800
3.68359991	5.76371800
3.68369991	5.76371800
3.68379991	5.76371800
3.68389991	5.76371800
3.68399991	5.76371800
3.68409991	5.76371800
3.68419991	5.76371800
3.68429991	5.76371800
3.68439991	5.76371800
3.68449991	5.76371800
3.68459991	5.76371800
3.68469991	5.76371800
3.68479991	5.76371800
3.68489991	5.76371800
3.68499991	5.76371800
3.68509991	5.76371800
3.68519991	5.76371800
3.68529991	5.76371800
3.68539991	5.76371800
3.68549991	5.76371800
3.68559991	5.76371800
3.68569991	5.76371800
3.68579991	5.76371800
3.68589991	5.76371800
3.68599991	5.76371800
3.68609991	5.76371800
3.68619991	5.76371800
3.68629991	5.76371800
3.68639991	5.76371800
3.68649991	5.76371800
3.68659991	5.76371800
3.68669991	5.76371800
3.68679991	5.76371800
3.68689991	5.76371800
3.68699991	5.76371800
3.68709991	5.76371800
3.68719991	5.76371800
3.68729991	5.76371800
3.68739991	5.76371800
3.68749991	5.76371800
3.68759991	5.76371800
3.68769991	5.76371800
3.68779991	5.76371800
3.68789991	5.76371800
3.68799991	5.76371800
3.68809991	5.76371800
3.68819991	5.76371800
3.68829991	5.76371800
3.68839991	5.76371800
3.68849991	5.76371800
3.68859991	5.76371800
3.68869991	5.76371800
3.68879991	5.76371800
3.68889991	5.76371800
3.68899991	5.76371800
3.68909991	5.76371800
3.68919991	5.76371800
3.68929991	5.76371800
3.68939991	5.85691500
3.68949991	5.76371800
3.68959991	5.76371800
3.68969991	5.76371800
3.68979991	5.76371800
3.68989991	5.76371800
3.68999991	5.76371800
3.69009991	5.76371800
3.69019991	5.76371800
3.69029991	5.76371800
3.69039991	5.76371800
3.69049991	5.76371800
3.69059991	5.85691500
3.69069991	5.85691500
3.69079991	5.76371800
3.69089991	5.76371800
3.69099991	5.85691500
3.69109991	5.76371800
3.69119991	5.76371800
3.69129991	5.76371800
3.69139991	5.76371800
3.69149991	5.76371800
3.69159991	5.76371800
3.69169991	5.85691500
3.69179991	5.76371800
3.69189991	5.76371800
3.69199991	5.85691500
3.69209991	5.76371800
3.69219991	5.85691500
3.69229991	5.76371800
3.69239991	5.76371800
3.69249991	5.76371800
3.69259991	5.76371800
3.69269991	5.76371800
3.69279991	5.76371800
3.69289991	5.76371800
3.69299991	5.85691500
3.69309991	5.76371800
3.69319991	5.76371800
3.69329991	5.76371800
3.69339991	5.76371800
3.69349991	5.76371800
3.69359991	5.76371800
3.69369991	5.76371800
3.69379991	5.76371800
3.69389991	5.85691500
3.69399991	5.76371800
3.69409991	5.76371800
3.69419991	5.76371800
3.69429991	5.76371800
3.69439991	5.76371800
3.69449991	5.76371800
3.69459991	5.76371800
3.69469991	5.76371800
3.69479991	5.76371800
3.69489991	5.76371800
3.69499991	5.76371800
3.69509991	5.76371800
3.69519991	5.76371800
3.69529991	5.76371800
3.69539991	5.76371800
3.69549991	5.76371800
3.69559991	5.76371800
3.69569991	5.76371800
3.69579991	5.76371800
3.69589991	5.76371800
3.69599991	5.76371800
3.69609991	5.76371800
3.69619991	5.76371800
3.69629991	5.76371800
3.69639991	5.76371800
3.69649991	5.76371800
3.69659991	5.76371800
3.69669991	5.76371800
3.69679991	5.76371800
3.69689991	5.76371800
3.69699991	5.76371800
3.69709991	5.76371800
3.69719991	5.76371800
3.69729991	5.76371800
3.69739991	5.76371800
3.69749991	5.76371800
3.69759991	5.76371800
3.69769991	5.76371800
3.69779991	5.76371800
3.69789991	5.76371800
3.69799991	5.76371800
3.69809991	5.76371800
3.69819991	5.76371800
3.69829991	5.76371800
3.69839991	5.76371800
3.69849991	5.76371800
3.69859991	5.76371800
3.69869991	5.76371800
3.69879991	5.76371800
3.69889991	5.76371800
3.69899991	5.76371800
3.69909991	5.76371800
3.69919991	5.76371800
3.69929991	5.76371800
3.69939991	5.76371800
3.69949991	5.76371800
3.69959991	5.76371800
3.69969991	5.76371800
3.69979991	5.76371800
3.69989991	5.76371800
3.69999991	5.76371800
3.70009991	5.76371800
3.70019991	5.76371800
3.70029991	5.76371800
3.70039991	5.76371800
3.70049991	5.76371800
3.70059991	5.76371800
3.70069991	5.76371800
3.70079991	5.76371800
3.70089991	5.76371800
3.70099991	5.76371800
3.70109991	5.76371800
3.70119991	5.76371800
3.70129991	5.76371800
3.70139991	5.76371800
3.70149991	5.76371800
3.70159991	5.76371800
3.70169991	5.76371800
3.70179991	5.76371800
3.70189991	5.76371800
3.70199991	5.76371800
3.70209991	5.76371800
3.70219991	5.76371800
3.70229991	5.76371800
3.70239991	5.76371800
3.70249991	5.76371800
3.70259991	5.76371800
3.70269991	5.76371800
3.70279991	5.76371800
3.70289991	5.76371800
3.70299991	5.76371800
3.70309991	5.76371800
3.70319991	5.76371800
3.70329991	5.76371800
3.70339991	5.76371800
3.70349991	5.76371800
3.70359991	5.76371800
3.70369991	5.76371800
3.70379991	5.76371800
3.70389991	5.76371800
3.70399991	5.76371800
3.70409991	5.76371800
3.70419991	5.76371800
3.70429991	5.76371800
3.70439991	5.76371800
3.70449991	5.76371800
3.70459991	5.76371800
3.70469991	5.76371800
3.70479991	5.76371800
3.70489991	5.76371800
3.70499991	5.76371800
3.70509991	5.76371800
3.70519991	5.76371800
3.70529991	5.76371800
3.70539991	5.76371800
3.70549991	5.76371800
3.70559991	5.76371800
3.70569991	5.76371800
3.70579991	5.76371800
3.70589991	5.76371800
3.70599991	5.76371800
3.70609991	5.76371800
3.70619991	5.76371800
3.70629991	5.76371800
3.70639991	5.67082900
3.70649991	5.67082900
3.70659991	5.76371800
3.70669991	5.76371800
3.70679991	5.76371800
3.70689991	5.76371800
3.70699991	5.76371800
3.70709991	5.76371800
3.70719991	5.67082900
3.70729991	5.76371800
3.70739991	5.76371800
3.70749991	5.76371800
3.70759991	5.76371800
3.70769991	5.67082900
3.70779991	5.76371800
3.70789991	5.76371800
3.70799991	5.76371800
3.70809991	5.67082900
3.70819991	5.76371800
3.70829991	5.76371800
3.70839991	5.76371800
3.70849991	5.76371800
3.70859991	5.76371800
3.70869991	5.76371800
3.70879991	5.67082900
3.70889991	5.76371800
3.70899991	5.76371800
3.70909991	5.76371800
3.70919991	5.76371800
3.70929991	5.76371800
3.70939991	5.76371800
3.70949991	5.76371800
3.70959991	5.76371800
3.70969991	5.67082900
3.70979991	5.67082900
3.70989991	5.76371800
3.70999991	5.76371800
3.71009991	5.76371800
3.71019991	5.76371800
3.71029991	5.76371800
3.71039991	5.76371800
3.71049991	5.76371800
3.71059991	5.76371800
3.71069991	5.76371800
3.71079991	5.76371800
3.71089991	5.76371800
3.71099991	5.76371800
3.71109991	5.76371800
3.71119991	5.76371800
3.71129991	5.76371800
3.71139991	5.76371800
3.71149991	5.76371800
3.71159991	5.76371800
3.71169991	5.76371800
3.71179991	5.76371800
3.71189991	5.76371800
3.71199991	5.76371800
3.71209991	5.76371800
3.71219991	5.76371800
3.71229991	5.76371800
3.71239991	5.76371800
3.71249991	5.76371800
3.71259991	5.76371800
3.71269991	5.76371800
3.71279991	5.76371800
3.71289991	5.67082900
3.71299991	5.76371800
3.71309991	5.76371800
3.71319991	5.76371800
3.71329991	5.76371800
3.71339991	5.76371800
3.71349991	5.76371800
3.71359991	5.76371800
3.71369991	5.76371800
3.71379991	5.76371800
3.71389991	5.76371800
3.71399991	5.76371800
3.71409991	5.76371800
3.71419991	5.76371800
3.71429991	5.76371800
3.71439991	5.76371800
3.71449991	5.76371800
3.71459991	5.76371800
3.71469991	5.76371800
3.71479991	5.76371800
3.71489991	5.76371800
3.71499991	5.76371800
3.71509991	5.76371800
3.71519991	5.76371800
3.71529991	5.76371800
3.71539991	5.76371800
3.71549991	5.76371800
3.71559991	5.76371800
3.71569991	5.76371800
3.71579991	5.76371800
3.71589991	5.76371800
3.71599991	5.76371800
3.71609991	5.76371800
3.71619991	5.76371800
3.71629991	5.76371800
3.71639991	5.67082900
3.71649991	5.76371800
3.71659991	5.76371800
3.71669991	5.76371800
3.71679991	5.76371800
3.71689991	5.76371800
3.71699991	5.76371800
3.71709991	5.76371800
3.71719991	5.76371800
3.71729991	5.67082900
3.71739991	5.76371800
3.71749991	5.76371800
3.71759991	5.76371800
3.71769991	5.76371800
3.71779991	5.76371800
3.71789991	5.76371800
3.71799991	5.76371800
3.71809991	5.76371800
3.71819991	5.76371800
3.71829991	5.76371800
3.71839991	5.76371800
3.71849991	5.76371800
3.71859991	5.76371800
3.71869991	5.76371800
3.71879991	5.76371800
3.71889991	5.76371800
3.71899991	5.76371800
3.71909991	5.76371800
3.71919991	5.76371800
3.71929991	5.67082900
3.71939991	5.76371800
3.71949991	5.76371800
3.71959991	5.76371800
3.71969991	5.76371800
3.71979991	5.76371800
3.71989991	5.76371800
3.71999991	5.76371800
3.72009991	5.76371800
3.72019991	5.76371800
3.72029991	5.76371800
3.72039991	5.76371800
3.72049991	5.76371800
3.72059991	5.76371800
3.72069991	5.76371800
3.72079991	5.76371800
3.72089991	5.76371800
3.72099991	5.76371800
3.72109991	5.76371800
3.72119991	5.76371800
3.72129991	5.76371800
3.72139991	5.76371800
3.72149991	5.76371800
3.72159991	5.76371800
3.72169991	5.76371800
3.72179991	5.76371800
3.72189991	5.76371800
3.72199991	5.76371800
3.72209991	5.76371800
3.72219991	5.76371800
3.72229991	5.76371800
3.72239991	5.76371800
3.72249991	5.76371800
3.72259991	5.76371800
3.72269991	5.76371800
3.72279991	5.76371800
3.72289991	5.76371800
3.72299991	5.76371800
3.72309991	5.76371800
3.72319991	5.76371800
3.72329991	5.76371800
3.72339991	5.76371800
3.72349991	5.76371800
3.72359991	5.76371800
3.72369991	5.76371800
3.72379991	5.76371800
3.72389991	5.76371800
3.72399991	5.76371800
3.72409991	5.76371800
3.72419991	5.76371800
3.72429991	5.76371800
3.72439991	5.76371800
3.72449991	5.67082900
3.72459991	5.76371800
3.72469991	5.67082900
3.72479991	5.76371800
3.72489991	5.67082900
3.72499991	5.76371800
3.72509991	5.76371800
3.72519991	5.76371800
3.72529991	5.67082900
3.72539991	5.76371800
3.72549991	5.76371800
3.72559991	5.67082900
3.72569991	5.76371800
3.72579991	5.67082900
3.72589991	5.67082900
3.72599991	5.67082900
3.72609991	5.67082900
3.72619991	5.67082900
3.72629991	5.67082900
3.72639991	5.67082900
3.72649991	5.67082900
3.72659991	5.67082900
3.72669991	5.67082900
3.72679991	5.67082900
3.72689991	5.67082900
3.72699991	5.67082900
3.72709991	5.67082900
3.72719991	5.67082900
3.72729991	5.67082900
3.72739991	5.67082900
3.72749991	5.67082900
3.72759991	5.67082900
3.72769991	5.67082900
3.72779991	5.67082900
3.72789991	5.67082900
3.72799991	5.67082900
3.72809991	5.67082900
3.72819991	5.67082900
3.72829991	5.67082900
3.72839991	5.67082900
3.72849991	5.67082900
3.72859991	5.67082900
3.72869991	5.67082900
3.72879991	5.67082900
3.72889991	5.67082900
3.72899991	5.67082900
3.72909991	5.67082900
3.72919991	5.76371800
3.72929991	5.67082900
3.72939991	5.67082900
3.72949991	5.67082900
3.72959991	5.67082900
3.72969991	5.67082900
3.72979991	5.67082900
3.72989991	5.67082900
3.72999991	5.67082900
3.73009991	5.67082900
3.73019991	5.67082900
3.73029991	5.67082900
3.73039991	5.67082900
3.73049991	5.67082900
3.73059991	5.76371800
3.73069991	5.76371800
3.73079991	5.67082900
3.73089991	5.76371800
3.73099991	5.67082900
3.73109991	5.76371800
3.73119991	5.67082900
3.73129991	5.76371800
3.73139991	5.67082900
3.73149991	5.67082900
3.73159991	5.67082900
3.73169991	5.67082900
3.73179991	5.76371800
3.73189991	5.67082900
3.73199991	5.67082900
3.73209991	5.67082900
3.73219991	5.67082900
3.73229991	5.67082900
3.73239991	5.67082900
3.73249991	5.76371800
3.73259991	5.76371800
3.73269991	5.67082900
3.73279991	5.76371800
3.73289991	5.67082900
3.73299991	5.76371800
3.73309991	5.67082900
3.73319991	5.76371800
3.73329991	5.67082900
3.73339991	5.76371800
3.73349991	5.67082900
3.73359991	5.76371800
3.73369991	5.76371800
3.73379991	5.67082900
3.73389991	5.76371800
3.73399991	5.67082900
3.73409991	5.76371800
3.73419991	5.67082900
3.73429991	5.76371800
3.73439991	5.67082900
3.73449991	5.67082900
3.73459991	5.67082900
3.73469991	5.76371800
3.73479991	5.76371800
3.73489991	5.76371800
3.73499991	5.67082900
3.73509991	5.76371800
3.73519991	5.76371800
3.73529991	5.76371800
3.73539991	5.67082900
3.73549991	5.76371800
3.73559991	5.76371800
3.73569991	5.76371800
3.73579991	5.67082900
3.73589991	5.76371800
3.73599991	5.67082900
3.73609991	5.67082900
3.73619991	5.67082900
3.73629991	5.67082900
3.73639991	5.76371800
3.73649991	5.76371800
3.73659991	5.76371800
3.73669991	5.76371800
3.73679991	5.67082900
3.73689991	5.67082900
3.73699991	5.67082900
3.73709991	5.67082900
3.73719991	5.76371800
3.73729991	5.67082900
3.73739991	5.67082900
3.73749991	5.67082900
3.73759991	5.67082900
3.73769991	5.76371800
3.73779991	5.67082900
3.73789991	5.67082900
3.73799991	5.67082900
3.73809991	5.67082900
3.73819991	5.76371800
3.73829991	5.67082900
3.73839991	5.76371800
3.73849991	5.67082900
3.73859991	5.67082900
3.73869991	5.67082900
3.73879991	5.76371800
3.73889991	5.67082900
3.73899991	5.67082900
3.73909991	5.67082900
3.73919991	5.76371800
3.73929991	5.67082900
3.73939991	5.67082900
3.73949991	5.67082900
3.73959991	5.67082900
3.73969991	5.76371800
3.73979991	5.67082900
3.73989991	5.67082900
3.73999991	5.67082900
3.74009991	5.67082900
3.74019991	5.67082900
3.74029991	5.67082900
3.74039991	5.76371800
3.74049991	5.67082900
3.74059991	5.67082900
3.74069991	5.76371800
3.74079991	5.76371800
3.74089991	5.67082900
3.74099991	5.67082900
3.74109991	5.76371800
3.74119991	5.67082900
3.74129991	5.67082900
3.74139991	5.67082900
3.74149991	5.67082900
3.74159991	5.67082900
3.74169991	5.67082900
3.74179991	5.67082900
3.74189991	5.67082900
3.74199991	5.67082900
3.74209991	5.67082900
3.74219991	5.67082900
3.74229991	5.67082900
3.74239991	5.67082900
3.74249991	5.67082900
3.74259991	5.67082900
3.74269991	5.67082900
3.74279991	5.67082900
3.74289991	5.76371800
3.74299991	5.76371800
3.74309991	5.67082900
3.74319991	5.67082900
3.74329991	5.67082900
3.74339991	5.67082900
3.74349991	5.76371800
3.74359991	5.67082900
3.74369991	5.76371800
3.74379991	5.67082900
3.74389991	5.67082900
3.74399991	5.67082900
3.74409991	5.67082900
3.74419991	5.67082900
3.74429991	5.67082900
3.74439991	5.67082900
3.74449991	5.67082900
3.74459991	5.67082900
3.74469991	5.67082900
3.74479991	5.67082900
3.74489991	5.76371800
3.74499991	5.67082900
3.74509991	5.76371800
3.74519991	5.67082900
3.74529991	5.67082900
3.74539991	5.67082900
3.74549991	5.67082900
3.74559991	5.67082900
3.74569991	5.67082900
3.74579991	5.67082900
3.74589991	5.67082900
3.74599991	5.67082900
3.74609991	5.67082900
3.74619991	5.76371800
3.74629991	5.67082900
3.74639991	5.67082900
3.74649991	5.67082900
3.74659991	5.67082900
3.74669991	5.67082900
3.74679991	5.67082900
3.74689991	5.67082900
3.74699991	5.67082900
3.74709991	5.67082900
3.74719991	5.67082900
3.74729991	5.67082900
3.74739991	5.67082900
3.74749991	5.67082900
3.74759991	5.67082900
3.74769991	5.67082900
3.74779991	5.67082900
3.74789991	5.67082900
3.74799991	5.67082900
3.74809991	5.67082900
3.74819991	5.67082900
3.74829991	5.67082900
3.74839991	5.67082900
3.74849991	5.67082900
3.74859991	5.67082900
3.74869991	5.67082900
3.74879991	5.67082900
3.74889991	5.67082900
3.74899991	5.67082900
3.74909991	5.67082900
3.74919991	5.67082900
3.74929991	5.76371800
3.74939991	5.67082900
3.74949991	5.67082900
3.74959991	5.67082900
3.74969991	5.67082900
3.74979991	5.76371800
3.74989991	5.67082900
3.74999991	5.67082900
3.75009991	5.67082900
3.75019991	5.67082900
3.75029991	5.67082900
3.75039991	5.67082900
3.75049991	5.67082900
3.75059991	5.67082900
3.75069991	5.67082900
3.75079991	5.67082900
3.75089991	5.67082900
3.75099991	5.67082900
3.75109991	5.67082900
3.75119991	5.67082900
3.75129991	5.67082900
3.75139991	5.67082900
3.75149991	5.67082900
3.75159991	5.67082900
3.75169991	5.67082900
3.75179991	5.76371800
3.75189991	5.67082900
3.75199991	5.67082900
3.75209991	5.67082900
3.75219991	5.67082900
3.75229991	5.67082900
3.75239991	5.67082900
3.75249991	5.67082900
3.75259991	5.67082900
3.75269991	5.67082900
3.75279991	5.67082900
3.75289991	5.67082900
3.75299991	5.67082900
3.75309991	5.67082900
3.75319991	5.67082900
3.75329991	5.67082900
3.75339991	5.67082900
3.75349991	5.67082900
3.75359991	5.67082900
3.75369991	5.67082900
3.75379991	5.76371800
3.75389991	5.67082900
3.75399991	5.67082900
3.75409991	5.67082900
3.75419991	5.67082900
3.75429991	5.67082900
3.75439991	5.67082900
3.75449991	5.67082900
3.75459991	5.67082900
3.75469991	5.67082900
3.75479991	5.67082900
3.75489991	5.67082900
3.75499991	5.67082900
3.75509991	5.67082900
3.75519991	5.67082900
3.75529991	5.67082900
3.75539991	5.67082900
3.75549991	5.67082900
3.75559991	5.67082900
3.75569991	5.67082900
3.75579991	5.67082900
3.75589991	5.67082900
3.75599991	5.67082900
3.75609991	5.67082900
3.75619991	5.67082900
3.75629991	5.67082900
3.75639991	5.67082900
3.75649991	5.67082900
3.75659991	5.67082900
3.75669991	5.67082900
3.75679991	5.67082900
3.75689991	5.67082900
3.75699991	5.67082900
3.75709991	5.67082900
3.75719991	5.67082900
3.75729991	5.67082900
3.75739991	5.67082900
3.75749991	5.67082900
3.75759991	5.67082900
3.75769991	5.67082900
3.75779991	5.67082900
3.75789991	5.67082900
3.75799991	5.76371800
3.75809991	5.67082900
3.75819991	5.67082900
3.75829991	5.67082900
3.75839991	5.67082900
3.75849991	5.67082900
3.75859991	5.67082900
3.75869991	5.67082900
3.75879991	5.67082900
3.75889991	5.67082900
3.75899991	5.67082900
3.75909991	5.67082900
3.75919991	5.67082900
3.75929991	5.67082900
3.75939991	5.67082900
3.75949991	5.67082900
3.75959991	5.67082900
3.75969991	5.67082900
3.75979991	5.67082900
3.75989991	5.67082900
3.75999991	5.67082900
3.76009991	5.67082900
3.76019991	5.67082900
3.76029991	5.67082900
3.76039991	5.67082900
3.76049991	5.67082900
3.76059990	5.67082900
3.76069990	5.67082900
3.76079990	5.67082900
3.76089990	5.67082900
3.76099990	5.67082900
3.76109990	5.67082900
3.76119990	5.67082900
3.76129990	5.67082900
3.76139990	5.67082900
3.76149990	5.67082900
3.76159990	5.67082900
3.76169990	5.67082900
3.76179990	5.67082900
3.76189990	5.67082900
3.76199990	5.67082900
3.76209990	5.67082900
3.76219990	5.67082900
3.76229990	5.67082900
3.76239990	5.67082900
3.76249990	5.67082900
3.76259990	5.67082900
3.76269990	5.67082900
3.76279990	5.67082900
3.76289990	5.67082900
3.76299990	5.67082900
3.76309990	5.67082900
3.76319990	5.67082900
3.76329990	5.67082900
3.76339990	5.67082900
3.76349990	5.67082900
3.76359990	5.67082900
3.76369990	5.67082900
3.76379990	5.67082900
3.76389990	5.67082900
3.76399990	5.67082900
3.76409990	5.67082900
3.76419990	5.67082900
3.76429990	5.67082900
3.76439990	5.67082900
3.76449990	5.67082900
3.76459990	5.67082900
3.76469990	5.67082900
3.76479990	5.67082900
3.76489990	5.67082900
3.76499990	5.67082900
3.76509990	5.67082900
3.76519990	5.67082900
3.76529990	5.67082900
3.76539990	5.67082900
3.76549990	5.67082900
3.76559990	5.67082900
3.76569990	5.67082900
3.76579990	5.67082900
3.76589990	5.67082900
3.76599990	5.67082900
3.76609990	5.67082900
3.76619990	5.67082900
3.76629990	5.67082900
3.76639990	5.67082900
3.76649990	5.67082900
3.76659990	5.67082900
3.76669990	5.67082900
3.76679990	5.67082900
3.76689990	5.67082900
3.76699990	5.67082900
3.76709990	5.67082900
3.76719990	5.67082900
3.76729990	5.67082900
3.76739990	5.67082900
3.76749990	5.67082900
3.76759990	5.67082900
3.76769990	5.67082900
3.76779990	5.67082900
3.76789990	5.67082900
3.76799990	5.67082900
3.76809990	5.67082900
3.76819990	5.67082900
3.76829990	5.67082900
3.76839990	5.67082900
3.76849990	5.67082900
3.76859990	5.67082900
3.76869990	5.67082900
3.76879990	5.67082900
3.76889990	5.67082900
3.76899990	5.67082900
3.76909990	5.67082900
3.76919990	5.67082900
3.76929990	5.67082900
3.76939990	5.67082900
3.76949990	5.67082900
3.76959990	5.67082900
3.76969990	5.67082900
3.76979990	5.67082900
3.76989990	5.67082900
3.76999990	5.67082900
3.77009990	5.67082900
3.77019990	5.67082900
3.77029990	5.67082900
3.77039990	5.67082900
3.77049990	5.67082900
3.77059990	5.67082900
3.77069990	5.67082900
3.77079990	5.67082900
3.77089990	5.67082900
3.77099990	5.67082900
3.77109990	5.67082900
3.77119990	5.67082900
3.77129990	5.67082900
3.77139990	5.67082900
3.77149990	5.67082900
3.77159990	5.67082900
3.77169990	5.67082900
3.77179990	5.67082900
3.77189990	5.67082900
3.77199990	5.67082900
3.77209990	5.67082900
3.77219990	5.67082900
3.77229990	5.67082900
3.77239990	5.67082900
3.77249990	5.67082900
3.77259990	5.67082900
3.77269990	5.67082900
3.77279990	5.67082900
3.77289990	5.67082900
3.77299990	5.67082900
3.77309990	5.67082900
3.77319990	5.67082900
3.77329990	5.67082900
3.77339990	5.67082900
3.77349990	5.67082900
3.77359990	5.67082900
3.77369990	5.67082900
3.77379990	5.67082900
3.77389990	5.67082900
3.77399990	5.67082900
3.77409990	5.67082900
3.77419990	5.67082900
3.77429990	5.67082900
3.77439990	5.67082900
3.77449990	5.67082900
3.77459990	5.67082900
3.77469990	5.67082900
3.77479990	5.67082900
3.77489990	5.67082900
3.77499990	5.67082900
3.77509990	5.67082900
3.77519990	5.67082900
3.77529990	5.67082900
3.77539990	5.67082900
3.77549990	5.67082900
3.77559990	5.67082900
3.77569990	5.67082900
3.77579990	5.67082900
3.77589990	5.67082900
3.77599990	5.67082900
3.77609990	5.67082900
3.77619990	5.67082900
3.77629990	5.67082900
3.77639990	5.67082900
3.77649990	5.67082900
3.77659990	5.67082900
3.77669990	5.67082900
3.77679990	5.67082900
3.77689990	5.67082900
3.77699990	5.67082900
3.77709990	5.67082900
3.77719990	5.67082900
3.77729990	5.67082900
3.77739990	5.67082900
3.77749990	5.67082900
3.77759990	5.67082900
3.77769990	5.67082900
3.77779990	5.67082900
3.77789990	5.67082900
3.77799990	5.67082900
3.77809990	5.67082900
3.77819990	5.67082900
3.77829990	5.67082900
3.77839990	5.67082900
3.77849990	5.67082900
3.77859990	5.67082900
3.77869990	5.67082900
3.77879990	5.67082900
3.77889990	5.67082900
3.77899990	5.67082900
3.77909990	5.67082900
3.77919990	5.67082900
3.77929990	5.67082900
3.77939990	5.67082900
3.77949990	5.67082900
3.77959990	5.67082900
3.77969990	5.67082900
3.77979990	5.67082900
3.77989990	5.67082900
3.77999990	5.67082900
3.78009990	5.67082900
3.78019990	5.67082900
3.78029990	5.67082900
3.78039990	5.67082900
3.78049990	5.67082900
3.78059990	5.67082900
3.78069990	5.67082900
3.78079990	5.67082900
3.78089990	5.67082900
3.78099990	5.67082900
3.78109990	5.67082900
3.78119990	5.67082900
3.78129990	5.67082900
3.78139990	5.57794000
3.78149990	5.67082900
3.78159990	5.67082900
3.78169990	5.67082900
3.78179990	5.67082900
3.78189990	5.67082900
3.78199990	5.67082900
3.78209990	5.67082900
3.78219990	5.67082900
3.78229990	5.67082900
3.78239990	5.67082900
3.78249990	5.67082900
3.78259990	5.67082900
3.78269990	5.67082900
3.78279990	5.67082900
3.78289990	5.67082900
3.78299990	5.67082900
3.78309990	5.67082900
3.78319990	5.67082900
3.78329990	5.67082900
3.78339990	5.67082900
3.78349990	5.67082900
3.78359990	5.57794000
3.78369990	5.67082900
3.78379990	5.67082900
3.78389990	5.67082900
3.78399990	5.67082900
3.78409990	5.67082900
3.78419990	5.67082900
3.78429990	5.67082900
3.78439990	5.67082900
3.78449990	5.67082900
3.78459990	5.67082900
3.78469990	5.67082900
3.78479990	5.67082900
3.78489990	5.67082900
3.78499990	5.67082900
3.78509990	5.67082900
3.78519990	5.67082900
3.78529990	5.67082900
3.78539990	5.67082900
3.78549990	5.67082900
3.78559990	5.67082900
3.78569990	5.67082900
3.78579990	5.67082900
3.78589990	5.67082900
3.78599990	5.67082900
3.78609990	5.67082900
3.78619990	5.67082900
3.78629990	5.67082900
3.78639990	5.67082900
3.78649990	5.67082900
3.78659990	5.67082900
3.78669990	5.67082900
3.78679990	5.67082900
3.78689990	5.67082900
3.78699990	5.67082900
3.78709990	5.67082900
3.78719990	5.67082900
3.78729990	5.67082900
3.78739990	5.67082900
3.78749990	5.67082900
3.78759990	5.67082900
3.78769990	5.67082900
3.78779990	5.67082900
3.78789990	5.67082900
3.78799990	5.67082900
3.78809990	5.67082900
3.78819990	5.67082900
3.78829990	5.67082900
3.78839990	5.67082900
3.78849990	5.67082900
3.78859990	5.67082900
3.78869990	5.67082900
3.78879990	5.67082900
3.78889990	5.67082900
3.78899990	5.67082900
3.78909990	5.67082900
3.78919990	5.67082900
3.78929990	5.67082900
3.78939990	5.67082900
3.78949990	5.67082900
3.78959990	5.67082900
3.78969990	5.67082900
3.78979990	5.67082900
3.78989990	5.67082900
3.78999990	5.67082900
3.79009990	5.67082900
3.79019990	5.67082900
3.79029990	5.67082900
3.79039990	5.67082900
3.79049990	5.67082900
3.79059990	5.67082900
3.79069990	5.67082900
3.79079990	5.67082900
3.79089990	5.67082900
3.79099990	5.67082900
3.79109990	5.67082900
3.79119990	5.67082900
3.79129990	5.67082900
3.79139990	5.67082900
3.79149990	5.67082900
3.79159990	5.67082900
3.79169990	5.67082900
3.79179990	5.67082900
3.79189990	5.67082900
3.79199990	5.67082900
3.79209990	5.67082900
3.79219990	5.67082900
3.79229990	5.67082900
3.79239990	5.67082900
3.79249990	5.67082900
3.79259990	5.67082900
3.79269990	5.67082900
3.79279990	5.67082900
3.79289990	5.67082900
3.79299990	5.67082900
3.79309990	5.67082900
3.79319990	5.67082900
3.79329990	5.67082900
3.79339990	5.67082900
3.79349990	5.67082900
3.79359990	5.67082900
3.79369990	5.67082900
3.79379990	5.67082900
3.79389990	5.67082900
3.79399990	5.67082900
3.79409990	5.67082900
3.79419990	5.67082900
3.79429990	5.67082900
3.79439990	5.67082900
3.79449990	5.67082900
3.79459990	5.67082900
3.79469990	5.67082900
3.79479990	5.67082900
3.79489990	5.67082900
3.79499990	5.67082900
3.79509990	5.67082900
3.79519990	5.67082900
3.79529990	5.67082900
3.79539990	5.67082900
3.79549990	5.67082900
3.79559990	5.67082900
3.79569990	5.67082900
3.79579990	5.67082900
3.79589990	5.67082900
3.79599990	5.67082900
3.79609990	5.67082900
3.79619990	5.67082900
3.79629990	5.67082900
3.79639990	5.67082900
3.79649990	5.67082900
3.79659990	5.67082900
3.79669990	5.67082900
3.79679990	5.67082900
3.79689990	5.57794000
3.79699990	5.67082900
3.79709990	5.67082900
3.79719990	5.67082900
3.79729990	5.67082900
3.79739990	5.67082900
3.79749990	5.67082900
3.79759990	5.67082900
3.79769990	5.67082900
3.79779990	5.67082900
3.79789990	5.67082900
3.79799990	5.67082900
3.79809990	5.67082900
3.79819990	5.67082900
3.79829990	5.67082900
3.79839990	5.67082900
3.79849990	5.67082900
3.79859990	5.67082900
3.79869990	5.67082900
3.79879990	5.67082900
3.79889990	5.67082900
3.79899990	5.67082900
3.79909990	5.67082900
3.79919990	5.67082900
3.79929990	5.67082900
3.79939990	5.67082900
3.79949990	5.67082900
3.79959990	5.67082900
3.79969990	5.67082900
3.79979990	5.67082900
3.79989990	5.67082900
3.79999990	5.67082900
3.80009990	5.67082900
3.80019990	5.67082900
3.80029990	5.67082900
3.80039990	5.67082900
3.80049990	5.67082900
3.80059990	5.67082900
3.80069990	5.67082900
3.80079990	5.67082900
3.80089990	5.67082900
3.80099990	5.67082900
3.80109990	5.67082900
3.80119990	5.57794000
3.80129990	5.67082900
3.80139990	5.67082900
3.80149990	5.57794000
3.80159990	5.67082900
3.80169990	5.67082900
3.80179990	5.67082900
3.80189990	5.67082900
3.80199990	5.67082900
3.80209990	5.67082900
3.80219990	5.67082900
3.80229990	5.67082900
3.80239990	5.67082900
3.80249990	5.67082900
3.80259990	5.67082900
3.80269990	5.67082900
3.80279990	5.67082900
3.80289990	5.67082900
3.80299990	5.67082900
3.80309990	5.67082900
3.80319990	5.67082900
3.80329990	5.67082900
3.80339990	5.67082900
3.80349990	5.67082900
3.80359990	5.67082900
3.80369990	5.57794000
3.80379990	5.67082900
3.80389990	5.67082900
3.80399990	5.67082900
3.80409990	5.67082900
3.80419990	5.67082900
3.80429990	5.67082900
3.80439990	5.67082900
3.80449990	5.67082900
3.80459990	5.67082900
3.80469990	5.67082900
3.80479990	5.67082900
3.80489990	5.67082900
3.80499990	5.67082900
3.80509990	5.67082900
3.80519990	5.67082900
3.80529990	5.67082900
3.80539990	5.67082900
3.80549990	5.67082900
3.80559990	5.67082900
3.80569990	5.67082900
3.80579990	5.67082900
3.80589990	5.67082900
3.80599990	5.67082900
3.80609990	5.67082900
3.80619990	5.67082900
3.80629990	5.67082900
3.80639990	5.67082900
3.80649990	5.67082900
3.80659990	5.67082900
3.80669990	5.67082900
3.80679990	5.67082900
3.80689990	5.67082900
3.80699990	5.67082900
3.80709990	5.67082900
3.80719990	5.67082900
3.80729990	5.67082900
3.80739990	5.67082900
3.80749990	5.67082900
3.80759990	5.67082900
3.80769990	5.67082900
3.80779990	5.57794000
3.80789990	5.67082900
3.80799990	5.67082900
3.80809990	5.57794000
3.80819990	5.67082900
3.80829990	5.67082900
3.80839990	5.67082900
3.80849990	5.67082900
3.80859990	5.67082900
3.80869990	5.67082900
3.80879990	5.67082900
3.80889990	5.67082900
3.80899990	5.67082900
3.80909990	5.67082900
3.80919990	5.67082900
3.80929990	5.67082900
3.80939990	5.67082900
3.80949990	5.67082900
3.80959990	5.67082900
3.80969990	5.67082900
3.80979990	5.67082900
3.80989990	5.67082900
3.80999990	5.67082900
3.81009990	5.67082900
3.81019990	5.67082900
3.81029990	5.67082900
3.81039990	5.67082900
3.81049990	5.67082900
3.81059990	5.57794000
3.81069990	5.57794000
3.81079990	5.67082900
3.81089990	5.67082900
3.81099990	5.57794000
3.81109990	5.67082900
3.81119990	5.67082900
3.81129990	5.67082900
3.81139990	5.67082900
3.81149990	5.67082900
3.81159990	5.67082900
3.81169990	5.67082900
3.81179990	5.67082900
3.81189990	5.67082900
3.81199990	5.67082900
3.81209990	5.67082900
3.81219990	5.67082900
3.81229990	5.67082900
3.81239990	5.67082900
3.81249990	5.67082900
3.81259990	5.67082900
3.81269990	5.67082900
3.81279990	5.67082900
3.81289990	5.67082900
3.81299990	5.67082900
3.81309990	5.67082900
3.81319990	5.67082900
3.81329990	5.67082900
3.81339990	5.67082900
3.81349990	5.67082900
3.81359990	5.67082900
3.81369990	5.67082900
3.81379990	5.67082900
3.81389990	5.67082900
3.81399990	5.67082900
3.81409990	5.67082900
3.81419990	5.67082900
3.81429990	5.67082900
3.81439990	5.57794000
3.81449990	5.67082900
3.81459990	5.67082900
3.81469990	5.67082900
3.81479990	5.67082900
3.81489990	5.67082900
3.81499990	5.67082900
3.81509990	5.67082900
3.81519990	5.67082900
3.81529990	5.67082900
3.81539990	5.67082900
3.81549990	5.67082900
3.81559990	5.67082900
3.81569990	5.67082900
3.81579990	5.67082900
3.81589990	5.57794000
3.81599990	5.57794000
3.81609990	5.67082900
3.81619990	5.67082900
3.81629990	5.67082900
3.81639990	5.67082900
3.81649990	5.67082900
3.81659990	5.67082900
3.81669990	5.67082900
3.81679990	5.67082900
3.81689990	5.67082900
3.81699990	5.67082900
3.81709990	5.67082900
3.81719990	5.67082900
3.81729990	5.67082900
3.81739990	5.67082900
3.81749990	5.67082900
3.81759990	5.67082900
3.81769990	5.67082900
3.81779990	5.67082900
3.81789990	5.67082900
3.81799990	5.67082900
3.81809990	5.67082900
3.81819990	5.57794000
3.81829990	5.67082900
3.81839990	5.67082900
3.81849990	5.67082900
3.81859990	5.67082900
3.81869990	5.67082900
3.81879990	5.67082900
3.81889990	5.67082900
3.81899990	5.67082900
3.81909990	5.67082900
3.81919990	5.57794000
3.81929990	5.67082900
3.81939990	5.67082900
3.81949990	5.67082900
3.81959990	5.67082900
3.81969990	5.67082900
3.81979990	5.67082900
3.81989990	5.67082900
3.81999990	5.67082900
3.82009990	5.67082900
3.82019990	5.67082900
3.82029990	5.57794000
3.82039990	5.67082900
3.82049990	5.67082900
3.82059990	5.67082900
3.82069990	5.67082900
3.82079990	5.67082900
3.82089990	5.67082900
3.82099990	5.57794000
3.82109990	5.67082900
3.82119990	5.67082900
3.82129990	5.67082900
3.82139990	5.67082900
3.82149990	5.67082900
3.82159990	5.67082900
3.82169990	5.67082900
3.82179990	5.67082900
3.82189990	5.67082900
3.82199990	5.67082900
3.82209990	5.67082900
3.82219990	5.67082900
3.82229990	5.67082900
3.82239990	5.67082900
3.82249990	5.67082900
3.82259990	5.67082900
3.82269990	5.67082900
3.82279990	5.57794000
3.82289990	5.67082900
3.82299990	5.67082900
3.82309990	5.67082900
3.82319990	5.67082900
3.82329990	5.67082900
3.82339990	5.67082900
3.82349990	5.67082900
3.82359990	5.67082900
3.82369990	5.67082900
3.82379990	5.67082900
3.82389990	5.67082900
3.82399990	5.67082900
3.82409990	5.67082900
3.82419990	5.67082900
3.82429990	5.67082900
3.82439990	5.67082900
3.82449990	5.67082900
3.82459990	5.67082900
3.82469990	5.67082900
3.82479990	5.57794000
3.82489990	5.67082900
3.82499990	5.67082900
3.82509990	5.67082900
3.82519990	5.57794000
3.82529990	5.67082900
3.82539990	5.67082900
3.82549990	5.67082900
3.82559990	5.67082900
3.82569990	5.67082900
3.82579990	5.57794000
3.82589990	5.57794000
3.82599990	5.67082900
3.82609990	5.67082900
3.82619990	5.67082900
3.82629990	5.67082900
3.82639990	5.67082900
3.82649990	5.67082900
3.82659990	5.67082900
3.82669990	5.67082900
3.82679990	5.67082900
3.82689990	5.67082900
3.82699990	5.67082900
3.82709990	5.67082900
3.82719990	5.67082900
3.82729990	5.67082900
3.82739990	5.67082900
3.82749990	5.67082900
3.82759990	5.67082900
3.82769990	5.67082900
3.82779990	5.67082900
3.82789990	5.67082900
3.82799990	5.67082900
3.82809990	5.67082900
3.82819990	5.67082900
3.82829990	5.67082900
3.82839990	5.67082900
3.82849990	5.67082900
3.82859990	5.67082900
3.82869990	5.67082900
3.82879990	5.67082900
3.82889990	5.67082900
3.82899990	5.67082900
3.82909990	5.67082900
3.82919990	5.67082900
3.82929990	5.67082900
3.82939990	5.67082900
3.82949990	5.67082900
3.82959990	5.67082900
3.82969990	5.67082900
3.82979990	5.67082900
3.82989990	5.57794000
3.82999990	5.67082900
3.83009990	5.67082900
3.83019990	5.67082900
3.83029990	5.57794000
3.83039990	5.57794000
3.83049990	5.67082900
3.83059990	5.67082900
3.83069990	5.67082900
3.83079990	5.67082900
3.83089990	5.57794000
3.83099990	5.67082900
3.83109990	5.67082900
3.83119990	5.67082900
3.83129990	5.67082900
3.83139990	5.67082900
3.83149990	5.67082900
3.83159990	5.57794000
3.83169990	5.67082900
3.83179990	5.67082900
3.83189990	5.67082900
3.83199990	5.67082900
3.83209990	5.67082900
3.83219990	5.67082900
3.83229990	5.67082900
3.83239990	5.57794000
3.83249990	5.67082900
3.83259990	5.67082900
3.83269990	5.67082900
3.83279990	5.67082900
3.83289990	5.67082900
3.83299990	5.67082900
3.83309990	5.67082900
3.83319990	5.67082900
3.83329990	5.67082900
3.83339990	5.67082900
3.83349990	5.67082900
3.83359990	5.57794000
3.83369990	5.67082900
3.83379990	5.67082900
3.83389990	5.67082900
3.83399990	5.67082900
3.83409990	5.67082900
3.83419990	5.67082900
3.83429990	5.67082900
3.83439990	5.67082900
3.83449990	5.67082900
3.83459990	5.67082900
3.83469990	5.67082900
3.83479990	5.67082900
3.83489990	5.67082900
3.83499990	5.67082900
3.83509990	5.67082900
3.83519990	5.67082900
3.83529990	5.67082900
3.83539990	5.67082900
3.83549990	5.67082900
3.83559990	5.67082900
3.83569990	5.67082900
3.83579990	5.67082900
3.83589990	5.67082900
3.83599990	5.67082900
3.83609990	5.67082900
3.83619990	5.67082900
3.83629990	5.67082900
3.83639990	5.67082900
3.83649990	5.67082900
3.83659990	5.67082900
3.83669990	5.67082900
3.83679990	5.67082900
3.83689990	5.67082900
3.83699990	5.67082900
3.83709990	5.67082900
3.83719990	5.57794000
3.83729990	5.67082900
3.83739990	5.67082900
3.83749990	5.67082900
3.83759990	5.67082900
3.83769990	5.67082900
3.83779990	5.67082900
3.83789990	5.67082900
3.83799990	5.67082900
3.83809990	5.67082900
3.83819990	5.67082900
3.83829990	5.67082900
3.83839990	5.67082900
3.83849990	5.67082900
3.83859990	5.67082900
3.83869990	5.67082900
3.83879990	5.67082900
3.83889990	5.57794000
3.83899990	5.67082900
3.83909990	5.67082900
3.83919990	5.57794000
3.83929990	5.67082900
3.83939990	5.67082900
3.83949990	5.67082900
3.83959990	5.67082900
3.83969990	5.67082900
3.83979990	5.67082900
3.83989990	5.67082900
3.83999990	5.67082900
3.84009990	5.67082900
3.84019990	5.67082900
3.84029990	5.67082900
3.84039990	5.67082900
3.84049990	5.67082900
3.84059990	5.67082900
3.84069990	5.57794000
3.84079990	5.57794000
3.84089990	5.67082900
3.84099990	5.67082900
3.84109990	5.67082900
3.84119990	5.67082900
3.84129990	5.67082900
3.84139990	5.67082900
3.84149990	5.67082900
3.84159990	5.67082900
3.84169990	5.67082900
3.84179990	5.67082900
3.84189990	5.67082900
3.84199990	5.67082900
3.84209990	5.67082900
3.84219990	5.67082900
3.84229990	5.67082900
3.84239990	5.67082900
3.84249990	5.67082900
3.84259990	5.67082900
3.84269990	5.67082900
3.84279990	5.67082900
3.84289990	5.67082900
3.84299990	5.57794000
3.84309990	5.67082900
3.84319990	5.67082900
3.84329990	5.67082900
3.84339990	5.67082900
3.84349990	5.67082900
3.84359990	5.67082900
3.84369990	5.67082900
3.84379990	5.67082900
3.84389990	5.67082900
3.84399990	5.57794000
3.84409990	5.67082900
3.84419990	5.67082900
3.84429990	5.67082900
3.84439990	5.67082900
3.84449990	5.57794000
3.84459990	5.67082900
3.84469990	5.57794000
3.84479990	5.67082900
3.84489990	5.67082900
3.84499990	5.67082900
3.84509990	5.67082900
3.84519990	5.67082900
3.84529990	5.67082900
3.84539990	5.67082900
3.84549990	5.67082900
3.84559990	5.67082900
3.84569990	5.67082900
3.84579990	5.57794000
3.84589990	5.67082900
3.84599990	5.67082900
3.84609990	5.67082900
3.84619990	5.57794000
3.84629990	5.67082900
3.84639990	5.67082900
3.84649990	5.67082900
3.84659990	5.67082900
3.84669990	5.67082900
3.84679990	5.67082900
3.84689990	5.67082900
3.84699990	5.67082900
3.84709990	5.67082900
3.84719990	5.67082900
3.84729990	5.67082900
3.84739990	5.67082900
3.84749990	5.67082900
3.84759990	5.67082900
3.84769990	5.67082900
3.84779990	5.67082900
3.84789990	5.67082900
3.84799990	5.67082900
3.84809990	5.67082900
3.84819990	5.67082900
3.84829990	5.67082900
3.84839990	5.67082900
3.84849990	5.67082900
3.84859990	5.67082900
3.84869990	5.67082900
3.84879990	5.67082900
3.84889990	5.67082900
3.84899990	5.67082900
3.84909990	5.67082900
3.84919990	5.67082900
3.84929990	5.67082900
3.84939990	5.57794000
3.84949990	5.67082900
3.84959990	5.67082900
3.84969990	5.67082900
3.84979990	5.67082900
3.84989990	5.67082900
3.84999990	5.67082900
3.85009990	5.67082900
3.85019990	5.67082900
3.85029990	5.67082900
3.85039990	5.67082900
3.85049990	5.67082900
3.85059990	5.67082900
3.85069990	5.67082900
3.85079990	5.67082900
3.85089990	5.57794000
3.85099990	5.67082900
3.85109990	5.67082900
3.85119990	5.67082900
3.85129990	5.67082900
3.85139990	5.67082900
3.85149990	5.67082900
3.85159990	5.57794000
3.85169990	5.67082900
3.85179990	5.67082900
3.85189990	5.67082900
3.85199990	5.67082900
3.85209990	5.57794000
3.85219990	5.67082900
3.85229990	5.67082900
3.85239990	5.67082900
3.85249990	5.67082900
3.85259990	5.67082900
3.85269990	5.67082900
3.85279990	5.57794000
3.85289990	5.67082900
3.85299990	5.67082900
3.85309990	5.57794000
3.85319990	5.67082900
3.85329990	5.67082900
3.85339990	5.67082900
3.85349990	5.67082900
3.85359990	5.67082900
3.85369990	5.67082900
3.85379990	5.57794000
3.85389990	5.67082900
3.85399990	5.67082900
3.85409990	5.67082900
3.85419990	5.67082900
3.85429990	5.67082900
3.85439990	5.67082900
3.85449990	5.67082900
3.85459990	5.67082900
3.85469990	5.67082900
3.85479990	5.57794000
3.85489990	5.67082900
3.85499990	5.67082900
3.85509990	5.67082900
3.85519990	5.57794000
3.85529990	5.57794000
3.85539990	5.67082900
3.85549990	5.57794000
3.85559990	5.67082900
3.85569990	5.67082900
3.85579990	5.67082900
3.85589990	5.67082900
3.85599990	5.67082900
3.85609990	5.67082900
3.85619990	5.67082900
3.85629990	5.67082900
3.85639990	5.67082900
3.85649990	5.67082900
3.85659990	5.67082900
3.85669990	5.57794000
3.85679990	5.67082900
3.85689990	5.67082900
3.85699990	5.67082900
3.85709990	5.67082900
3.85719990	5.67082900
3.85729990	5.67082900
3.85739990	5.67082900
3.85749990	5.67082900
3.85759990	5.67082900
3.85769990	5.67082900
3.85779990	5.67082900
3.85789990	5.67082900
3.85799990	5.67082900
3.85809990	5.67082900
3.85819990	5.67082900
3.85829990	5.67082900
3.85839990	5.67082900
3.85849990	5.67082900
3.85859990	5.67082900
3.85869990	5.67082900
3.85879990	5.67082900
3.85889990	5.67082900
3.85899990	5.67082900
3.85909990	5.67082900
3.85919990	5.67082900
3.85929990	5.67082900
3.85939990	5.67082900
3.85949990	5.67082900
3.85959990	5.67082900
3.85969990	5.67082900
3.85979990	5.67082900
3.85989990	5.67082900
3.85999990	5.67082900
3.86009990	5.67082900
3.86019990	5.67082900
3.86029990	5.67082900
3.86039990	5.67082900
3.86049990	5.67082900
3.86059990	5.67082900
3.86069990	5.67082900
3.86079990	5.67082900
3.86089990	5.67082900
3.86099990	5.57794000
3.86109990	5.67082900
3.86119990	5.67082900
3.86129990	5.67082900
3.86139990	5.57794000
3.86149990	5.67082900
3.86159990	5.67082900
3.86169990	5.57794000
3.86179990	5.67082900
3.86189990	5.67082900
3.86199990	5.67082900
3.86209990	5.67082900
3.86219990	5.67082900
3.86229990	5.67082900
3.86239990	5.67082900
3.86249990	5.57794000
3.86259990	5.67082900
3.86269990	5.67082900
3.86279990	5.67082900
3.86289990	5.67082900
3.86299990	5.67082900
3.86309990	5.67082900
3.86319990	5.67082900
3.86329990	5.67082900
3.86339990	5.67082900
3.86349990	5.67082900
3.86359990	5.67082900
3.86369990	5.67082900
3.86379990	5.67082900
3.86389990	5.67082900
3.86399990	5.67082900
3.86409990	5.67082900
3.86419990	5.67082900
3.86429990	5.67082900
3.86439990	5.57794000
3.86449990	5.67082900
3.86459990	5.67082900
3.86469990	5.67082900
3.86479990	5.67082900
3.86489990	5.67082900
3.86499990	5.67082900
3.86509990	5.67082900
3.86519990	5.67082900
3.86529990	5.67082900
3.86539990	5.67082900
3.86549990	5.67082900
3.86559990	5.67082900
3.86569990	5.67082900
3.86579990	5.67082900
3.86589990	5.67082900
3.86599990	5.67082900
3.86609990	5.67082900
3.86619990	5.67082900
3.86629990	5.67082900
3.86639990	5.67082900
3.86649990	5.67082900
3.86659990	5.67082900
3.86669990	5.67082900
3.86679990	5.67082900
3.86689990	5.67082900
3.86699990	5.67082900
3.86709990	5.67082900
3.86719990	5.67082900
3.86729990	5.57794000
3.86739990	5.67082900
3.86749990	5.67082900
3.86759990	5.67082900
3.86769990	5.67082900
3.86779990	5.67082900
3.86789990	5.67082900
3.86799990	5.67082900
3.86809990	5.57794000
3.86819990	5.67082900
3.86829990	5.67082900
3.86839990	5.67082900
3.86849990	5.67082900
3.86859990	5.67082900
3.86869990	5.67082900
3.86879990	5.67082900
3.86889990	5.67082900
3.86899990	5.67082900
3.86909990	5.67082900
3.86919990	5.67082900
3.86929990	5.67082900
3.86939990	5.67082900
3.86949990	5.67082900
3.86959990	5.67082900
3.86969990	5.67082900
3.86979990	5.67082900
3.86989990	5.67082900
3.86999990	5.67082900
3.87009990	5.67082900
3.87019990	5.67082900
3.87029990	5.67082900
3.87039990	5.67082900
3.87049990	5.67082900
3.87059990	5.67082900
3.87069990	5.67082900
3.87079990	5.67082900
3.87089990	5.67082900
3.87099990	5.67082900
3.87109990	5.67082900
3.87119990	5.67082900
3.87129990	5.67082900
3.87139990	5.67082900
3.87149990	5.67082900
3.87159990	5.67082900
3.87169990	5.67082900
3.87179990	5.67082900
3.87189990	5.67082900
3.87199990	5.67082900
3.87209990	5.57794000
3.87219990	5.67082900
3.87229990	5.67082900
3.87239990	5.67082900
3.87249990	5.67082900
3.87259990	5.67082900
3.87269990	5.67082900
3.87279990	5.67082900
3.87289990	5.67082900
3.87299990	5.67082900
3.87309990	5.67082900
3.87319990	5.67082900
3.87329990	5.67082900
3.87339990	5.67082900
3.87349990	5.67082900
3.87359990	5.57794000
3.87369990	5.67082900
3.87379990	5.67082900
3.87389990	5.67082900
3.87399990	5.67082900
3.87409990	5.67082900
3.87419990	5.67082900
3.87429990	5.67082900
3.87439990	5.67082900
3.87449990	5.67082900
3.87459990	5.67082900
3.87469990	5.67082900
3.87479990	5.67082900
3.87489990	5.67082900
3.87499990	5.67082900
3.87509990	5.67082900
3.87519990	5.67082900
3.87529990	5.67082900
3.87539990	5.67082900
3.87549990	5.67082900
3.87559990	5.67082900
3.87569990	5.67082900
3.87579990	5.67082900
3.87589990	5.67082900
3.87599990	5.67082900
3.87609990	5.67082900
3.87619990	5.67082900
3.87629990	5.67082900
3.87639990	5.67082900
3.87649990	5.67082900
3.87659990	5.67082900
3.87669990	5.67082900
3.87679990	5.67082900
3.87689990	5.57794000
3.87699990	5.67082900
3.87709990	5.67082900
3.87719990	5.67082900
3.87729990	5.67082900
3.87739990	5.67082900
3.87749990	5.67082900
3.87759990	5.67082900
3.87769990	5.67082900
3.87779990	5.67082900
3.87789990	5.67082900
3.87799990	5.67082900
3.87809990	5.67082900
3.87819990	5.67082900
3.87829990	5.67082900
3.87839990	5.67082900
3.87849990	5.67082900
3.87859990	5.67082900
3.87869990	5.67082900
3.87879990	5.67082900
3.87889990	5.67082900
3.87899990	5.67082900
3.87909990	5.67082900
3.87919990	5.67082900
3.87929990	5.67082900
3.87939990	5.67082900
3.87949990	5.67082900
3.87959990	5.67082900
3.87969990	5.67082900
3.87979990	5.67082900
3.87989990	5.67082900
3.87999990	5.67082900
3.88009990	5.67082900
3.88019990	5.67082900
3.88029990	5.67082900
3.88039990	5.67082900
3.88049990	5.67082900
3.88059990	5.67082900
3.88069990	5.67082900
3.88079990	5.67082900
3.88089990	5.67082900
3.88099990	5.67082900
3.88109990	5.67082900
3.88119990	5.67082900
3.88129990	5.67082900
3.88139990	5.67082900
3.88149990	5.57794000
3.88159990	5.67082900
3.88169990	5.67082900
3.88179990	5.67082900
3.88189990	5.67082900
3.88199990	5.67082900
3.88209990	5.67082900
3.88219990	5.67082900
3.88229990	5.67082900
3.88239990	5.57794000
3.88249990	5.67082900
3.88259990	5.67082900
3.88269990	5.67082900
3.88279990	5.67082900
3.88289990	5.67082900
3.88299990	5.67082900
3.88309990	5.67082900
3.88319990	5.67082900
3.88329990	5.67082900
3.88339990	5.67082900
3.88349990	5.67082900
3.88359990	5.67082900
3.88369990	5.67082900
3.88379990	5.67082900
3.88389990	5.67082900
3.88399990	5.67082900
3.88409990	5.67082900
3.88419990	5.67082900
3.88429990	5.57794000
3.88439990	5.67082900
3.88449990	5.67082900
3.88459990	5.67082900
3.88469990	5.67082900
3.88479990	5.67082900
3.88489990	5.67082900
3.88499990	5.67082900
3.88509990	5.67082900
3.88519990	5.67082900
3.88529990	5.67082900
3.88539990	5.67082900
3.88549990	5.67082900
3.88559990	5.67082900
3.88569990	5.67082900
3.88579990	5.67082900
3.88589990	5.67082900
3.88599990	5.67082900
3.88609990	5.67082900
3.88619990	5.67082900
3.88629990	5.67082900
3.88639990	5.67082900
3.88649990	5.67082900
3.88659990	5.67082900
3.88669990	5.67082900
3.88679990	5.67082900
3.88689990	5.67082900
3.88699990	5.67082900
3.88709990	5.67082900
3.88719990	5.67082900
3.88729990	5.67082900
3.88739990	5.67082900
3.88749990	5.67082900
3.88759990	5.67082900
3.88769990	5.67082900
3.88779990	5.67082900
3.88789990	5.67082900
3.88799990	5.67082900
3.88809990	5.67082900
3.88819990	5.67082900
3.88829990	5.67082900
3.88839990	5.67082900
3.88849990	5.67082900
3.88859990	5.67082900
3.88869990	5.67082900
3.88879990	5.67082900
3.88889990	5.67082900
3.88899990	5.67082900
3.88909990	5.67082900
3.88919990	5.67082900
3.88929990	5.67082900
3.88939990	5.67082900
3.88949990	5.67082900
3.88959990	5.67082900
3.88969990	5.67082900
3.88979990	5.67082900
3.88989990	5.67082900
3.88999990	5.67082900
3.89009990	5.67082900
3.89019990	5.67082900
3.89029990	5.67082900
3.89039990	5.67082900
3.89049990	5.67082900
3.89059990	5.67082900
3.89069990	5.67082900
3.89079990	5.67082900
3.89089990	5.67082900
3.89099990	5.67082900
3.89109990	5.67082900
3.89119990	5.67082900
3.89129990	5.67082900
3.89139990	5.67082900
3.89149990	5.57794000
3.89159990	5.67082900
3.89169990	5.67082900
3.89179990	5.67082900
3.89189990	5.67082900
3.89199990	5.67082900
3.89209990	5.67082900
3.89219990	5.67082900
3.89229990	5.67082900
3.89239990	5.67082900
3.89249990	5.67082900
3.89259990	5.67082900
3.89269990	5.67082900
3.89279990	5.67082900
3.89289990	5.67082900
3.89299990	5.67082900
3.89309990	5.67082900
3.89319990	5.67082900
3.89329990	5.67082900
3.89339990	5.67082900
3.89349990	5.67082900
3.89359990	5.67082900
3.89369990	5.67082900
3.89379990	5.67082900
3.89389990	5.67082900
3.89399990	5.67082900
3.89409990	5.67082900
3.89419990	5.67082900
3.89429990	5.67082900
3.89439990	5.67082900
3.89449990	5.57794000
3.89459990	5.67082900
3.89469990	5.67082900
3.89479990	5.67082900
3.89489990	5.67082900
3.89499990	5.67082900
3.89509990	5.57794000
3.89519990	5.67082900
3.89529990	5.57794000
3.89539990	5.67082900
3.89549990	5.67082900
3.89559990	5.67082900
3.89569990	5.67082900
3.89579990	5.57794000
3.89589990	5.67082900
3.89599990	5.67082900
3.89609990	5.67082900
3.89619990	5.67082900
3.89629990	5.67082900
3.89639990	5.67082900
3.89649990	5.67082900
3.89659990	5.67082900
3.89669990	5.67082900
3.89679990	5.67082900
3.89689990	5.67082900
3.89699990	5.67082900
3.89709990	5.67082900
3.89719990	5.67082900
3.89729990	5.67082900
3.89739990	5.67082900
3.89749990	5.67082900
3.89759990	5.67082900
3.89769990	5.67082900
3.89779990	5.67082900
3.89789990	5.67082900
3.89799990	5.67082900
3.89809990	5.67082900
3.89819990	5.67082900
3.89829990	5.67082900
3.89839990	5.67082900
3.89849990	5.67082900
3.89859990	5.67082900
3.89869990	5.67082900
3.89879990	5.67082900
3.89889990	5.67082900
3.89899990	5.67082900
3.89909990	5.67082900
3.89919990	5.67082900
3.89929990	5.67082900
3.89939990	5.67082900
3.89949990	5.67082900
3.89959990	5.67082900
3.89969990	5.67082900
3.89979990	5.67082900
3.89989990	5.67082900
3.89999990	5.67082900
3.90009990	5.67082900
3.90019990	5.67082900
3.90029990	5.67082900
3.90039990	5.67082900
3.90049990	5.67082900
3.90059990	5.67082900
3.90069990	5.67082900
3.90079990	5.67082900
3.90089990	5.67082900
3.90099990	5.67082900
3.90109990	5.67082900
3.90119990	5.67082900
3.90129990	5.67082900
3.90139990	5.67082900
3.90149990	5.67082900
3.90159990	5.67082900
3.90169990	5.67082900
3.90179990	5.67082900
3.90189990	5.67082900
3.90199990	5.67082900
3.90209990	5.67082900
3.90219990	5.67082900
3.90229990	5.67082900
3.90239990	5.67082900
3.90249990	5.67082900
3.90259990	5.67082900
3.90269990	5.67082900
3.90279990	5.67082900
3.90289990	5.67082900
3.90299990	5.67082900
3.90309990	5.67082900
3.90319990	5.67082900
3.90329990	5.67082900
3.90339990	5.67082900
3.90349990	5.67082900
3.90359990	5.67082900
3.90369990	5.67082900
3.90379990	5.67082900
3.90389990	5.67082900
3.90399990	5.67082900
3.90409990	5.67082900
3.90419990	5.67082900
3.90429990	5.67082900
3.90439990	5.67082900
3.90449990	5.67082900
3.90459990	5.67082900
3.90469990	5.67082900
3.90479990	5.67082900
3.90489990	5.67082900
3.90499990	5.67082900
3.90509990	5.67082900
3.90519990	5.67082900
3.90529990	5.67082900
3.90539990	5.67082900
3.90549990	5.67082900
3.90559990	5.67082900
3.90569990	5.67082900
3.90579990	5.67082900
3.90589990	5.67082900
3.90599990	5.67082900
3.90609990	5.67082900
3.90619990	5.67082900
3.90629990	5.67082900
3.90639990	5.67082900
3.90649990	5.67082900
3.90659990	5.67082900
3.90669990	5.67082900
3.90679990	5.67082900
3.90689990	5.67082900
3.90699990	5.67082900
3.90709990	5.67082900
3.90719990	5.67082900
3.90729990	5.67082900
3.90739990	5.67082900
3.90749990	5.67082900
3.90759990	5.67082900
3.90769990	5.67082900
3.90779990	5.67082900
3.90789990	5.67082900
3.90799990	5.67082900
3.90809990	5.67082900
3.90819990	5.67082900
3.90829990	5.67082900
3.90839990	5.67082900
3.90849990	5.67082900
3.90859990	5.67082900
3.90869990	5.67082900
3.90879990	5.67082900
3.90889990	5.67082900
3.90899990	5.67082900
3.90909990	5.67082900
3.90919990	5.67082900
3.90929990	5.67082900
3.90939990	5.67082900
3.90949990	5.67082900
3.90959990	5.67082900
3.90969990	5.67082900
3.90979990	5.67082900
3.90989990	5.67082900
3.90999990	5.67082900
3.91009990	5.67082900
3.91019990	5.67082900
3.91029990	5.67082900
3.91039990	5.67082900
3.91049990	5.67082900
3.91059990	5.67082900
3.91069990	5.67082900
3.91079990	5.67082900
3.91089990	5.67082900
3.91099990	5.67082900
3.91109990	5.67082900
3.91119990	5.67082900
3.91129990	5.67082900
3.91139990	5.67082900
3.91149990	5.67082900
3.91159990	5.67082900
3.91169990	5.67082900
3.91179990	5.67082900
3.91189990	5.67082900
3.91199990	5.67082900
3.91209990	5.67082900
3.91219990	5.67082900
3.91229990	5.67082900
3.91239990	5.67082900
3.91249990	5.67082900
3.91259990	5.67082900
3.91269990	5.67082900
3.91279990	5.67082900
3.91289990	5.67082900
3.91299990	5.67082900
3.91309990	5.67082900
3.91319990	5.67082900
3.91329990	5.67082900
3.91339990	5.67082900
3.91349990	5.67082900
3.91359990	5.57794000
3.91369990	5.67082900
3.91379990	5.67082900
3.91389990	5.67082900
3.91399990	5.67082900
3.91409990	5.67082900
3.91419990	5.67082900
3.91429990	5.67082900
3.91439990	5.67082900
3.91449990	5.67082900
3.91459990	5.67082900
3.91469990	5.67082900
3.91479990	5.67082900
3.91489990	5.57794000
3.91499990	5.67082900
3.91509990	5.67082900
3.91519990	5.67082900
3.91529990	5.67082900
3.91539990	5.67082900
3.91549990	5.67082900
3.91559990	5.67082900
3.91569990	5.67082900
3.91579990	5.67082900
3.91589990	5.67082900
3.91599990	5.67082900
3.91609990	5.67082900
3.91619990	5.67082900
3.91629990	5.67082900
3.91639990	5.67082900
3.91649990	5.67082900
3.91659990	5.67082900
3.91669990	5.67082900
3.91679990	5.67082900
3.91689990	5.67082900
3.91699990	5.67082900
3.91709990	5.67082900
3.91719990	5.67082900
3.91729990	5.67082900
3.91739990	5.67082900
3.91749990	5.67082900
3.91759990	5.67082900
3.91769990	5.67082900
3.91779990	5.67082900
3.91789990	5.67082900
3.91799990	5.67082900
3.91809990	5.67082900
3.91819990	5.67082900
3.91829990	5.67082900
3.91839990	5.67082900
3.91849990	5.67082900
3.91859990	5.67082900
3.91869990	5.67082900
3.91879990	5.67082900
3.91889990	5.67082900
3.91899990	5.67082900
3.91909990	5.67082900
3.91919990	5.67082900
3.91929990	5.67082900
3.91939990	5.67082900
3.91949990	5.67082900
3.91959990	5.67082900
3.91969990	5.67082900
3.91979990	5.67082900
3.91989990	5.67082900
3.91999990	5.67082900
3.92009990	5.67082900
3.92019990	5.67082900
3.92029990	5.67082900
3.92039990	5.67082900
3.92049990	5.67082900
3.92059990	5.67082900
3.92069990	5.67082900
3.92079990	5.67082900
3.92089990	5.67082900
3.92099990	5.67082900
3.92109990	5.67082900
3.92119990	5.67082900
3.92129990	5.67082900
3.92139990	5.67082900
3.92149990	5.67082900
3.92159990	5.67082900
3.92169990	5.67082900
3.92179990	5.67082900
3.92189990	5.67082900
3.92199990	5.67082900
3.92209990	5.67082900
3.92219990	5.67082900
3.92229990	5.67082900
3.92239990	5.67082900
3.92249990	5.67082900
3.92259990	5.67082900
3.92269990	5.67082900
3.92279990	5.67082900
3.92289990	5.67082900
3.92299990	5.67082900
3.92309990	5.67082900
3.92319990	5.67082900
3.92329990	5.67082900
3.92339990	5.67082900
3.92349990	5.67082900
3.92359990	5.67082900
3.92369990	5.67082900
3.92379990	5.67082900
3.92389990	5.67082900
3.92399990	5.67082900
3.92409990	5.67082900
3.92419990	5.67082900
3.92429990	5.67082900
3.92439990	5.67082900
3.92449990	5.67082900
3.92459990	5.67082900
3.92469990	5.67082900
3.92479990	5.67082900
3.92489990	5.67082900
3.92499990	5.67082900
3.92509990	5.67082900
3.92519990	5.67082900
3.92529990	5.67082900
3.92539990	5.67082900
3.92549990	5.67082900
3.92559990	5.67082900
3.92569990	5.67082900
3.92579990	5.67082900
3.92589990	5.67082900
3.92599990	5.67082900
3.92609990	5.67082900
3.92619990	5.67082900
3.92629990	5.67082900
3.92639990	5.67082900
3.92649990	5.67082900
3.92659990	5.67082900
3.92669990	5.76371800
3.92679990	5.67082900
3.92689990	5.67082900
3.92699990	5.67082900
3.92709990	5.67082900
3.92719990	5.67082900
3.92729990	5.76371800
3.92739990	5.67082900
3.92749990	5.76371800
3.92759990	5.67082900
3.92769990	5.67082900
3.92779990	5.67082900
3.92789990	5.67082900
3.92799990	5.67082900
3.92809990	5.67082900
3.92819990	5.67082900
3.92829990	5.67082900
3.92839990	5.67082900
3.92849990	5.67082900
3.92859990	5.67082900
3.92869990	5.76371800
3.92879990	5.67082900
3.92889990	5.67082900
3.92899990	5.67082900
3.92909990	5.67082900
3.92919990	5.67082900
3.92929990	5.67082900
3.92939990	5.67082900
3.92949990	5.67082900
3.92959990	5.67082900
3.92969990	5.67082900
3.92979990	5.67082900
3.92989990	5.67082900
3.92999990	5.67082900
3.93009990	5.67082900
3.93019990	5.67082900
3.93029990	5.67082900
3.93039990	5.67082900
3.93049990	5.67082900
3.93059990	5.67082900
3.93069990	5.67082900
3.93079990	5.67082900
3.93089990	5.67082900
3.93099990	5.67082900
3.93109990	5.67082900
3.93119990	5.67082900
3.93129990	5.67082900
3.93139990	5.67082900
3.93149990	5.67082900
3.93159990	5.67082900
3.93169990	5.67082900
3.93179990	5.67082900
3.93189990	5.67082900
3.93199990	5.67082900
3.93209990	5.67082900
3.93219990	5.67082900
3.93229990	5.67082900
3.93239990	5.67082900
3.93249990	5.67082900
3.93259990	5.67082900
3.93269990	5.67082900
3.93279990	5.67082900
3.93289990	5.67082900
3.93299990	5.67082900
3.93309990	5.67082900
3.93319990	5.67082900
3.93329990	5.67082900
3.93339990	5.67082900
3.93349990	5.67082900
3.93359990	5.67082900
3.93369990	5.67082900
3.93379990	5.67082900
3.93389990	5.67082900
3.93399990	5.67082900
3.93409990	5.67082900
3.93419990	5.67082900
3.93429990	5.67082900
3.93439990	5.67082900
3.93449990	5.67082900
3.93459990	5.67082900
3.93469990	5.67082900
3.93479990	5.67082900
3.93489990	5.67082900
3.93499990	5.67082900
3.93509990	5.67082900
3.93519990	5.67082900
3.93529990	5.67082900
3.93539990	5.67082900
3.93549990	5.67082900
3.93559990	5.67082900
3.93569990	5.67082900
3.93579990	5.67082900
3.93589990	5.67082900
3.93599990	5.67082900
3.93609990	5.67082900
3.93619990	5.67082900
3.93629990	5.67082900
3.93639990	5.67082900
3.93649990	5.67082900
3.93659990	5.67082900
3.93669990	5.67082900
3.93679990	5.67082900
3.93689990	5.67082900
3.93699990	5.67082900
3.93709990	5.67082900
3.93719990	5.67082900
3.93729990	5.67082900
3.93739990	5.67082900
3.93749990	5.67082900
3.93759990	5.67082900
3.93769990	5.67082900
3.93779990	5.67082900
3.93789990	5.67082900
3.93799990	5.67082900
3.93809990	5.67082900
3.93819990	5.67082900
3.93829990	5.67082900
3.93839990	5.67082900
3.93849990	5.67082900
3.93859990	5.67082900
3.93869990	5.67082900
3.93879990	5.67082900
3.93889990	5.67082900
3.93899990	5.67082900
3.93909990	5.67082900
3.93919990	5.67082900
3.93929990	5.67082900
3.93939990	5.67082900
3.93949990	5.67082900
3.93959990	5.67082900
3.93969990	5.67082900
3.93979990	5.67082900
3.93989990	5.67082900
3.93999990	5.67082900
3.94009990	5.67082900
3.94019990	5.67082900
3.94029990	5.67082900
3.94039990	5.67082900
3.94049990	5.67082900
3.94059990	5.67082900
3.94069990	5.67082900
3.94079990	5.67082900
3.94089990	5.67082900
3.94099990	5.67082900
3.94109990	5.67082900
3.94119990	5.67082900
3.94129990	5.67082900
3.94139990	5.67082900
3.94149990	5.67082900
3.94159990	5.67082900
3.94169990	5.67082900
3.94179990	5.67082900
3.94189990	5.67082900
3.94199990	5.67082900
3.94209990	5.67082900
3.94219990	5.67082900
3.94229990	5.67082900
3.94239990	5.67082900
3.94249990	5.67082900
3.94259990	5.67082900
3.94269990	5.67082900
3.94279990	5.67082900
3.94289990	5.67082900
3.94299990	5.67082900
3.94309990	5.67082900
3.94319990	5.67082900
3.94329990	5.67082900
3.94339990	5.67082900
3.94349990	5.67082900
3.94359990	5.67082900
3.94369990	5.67082900
3.94379990	5.76371800
3.94389990	5.67082900
3.94399990	5.67082900
3.94409990	5.76371800
3.94419990	5.67082900
3.94429990	5.67082900
3.94439990	5.67082900
3.94449990	5.76371800
3.94459990	5.67082900
3.94469990	5.67082900
3.94479990	5.67082900
3.94489990	5.76371800
3.94499990	5.67082900
3.94509990	5.76371800
3.94519990	5.67082900
3.94529990	5.67082900
3.94539990	5.67082900
3.94549990	5.67082900
3.94559990	5.67082900
3.94569990	5.67082900
3.94579990	5.67082900
3.94589990	5.76371800
3.94599990	5.76371800
3.94609990	5.67082900
3.94619990	5.76371800
3.94629990	5.67082900
3.94639990	5.76371800
3.94649990	5.76371800
3.94659990	5.76371800
3.94669990	5.76371800
3.94679990	5.67082900
3.94689990	5.67082900
3.94699990	5.67082900
3.94709990	5.76371800
3.94719990	5.67082900
3.94729990	5.76371800
3.94739990	5.76371800
3.94749990	5.76371800
3.94759990	5.76371800
3.94769990	5.76371800
3.94779990	5.76371800
3.94789990	5.76371800
3.94799990	5.76371800
3.94809990	5.76371800
3.94819990	5.76371800
3.94829990	5.76371800
3.94839990	5.76371800
3.94849990	5.76371800
3.94859990	5.76371800
3.94869990	5.76371800
3.94879990	5.76371800
3.94889990	5.76371800
3.94899990	5.76371800
3.94909990	5.76371800
3.94919990	5.76371800
3.94929990	5.76371800
3.94939990	5.67082900
3.94949990	5.76371800
3.94959990	5.76371800
3.94969990	5.76371800
3.94979990	5.76371800
3.94989990	5.67082900
3.94999990	5.76371800
3.95009990	5.76371800
3.95019990	5.76371800
3.95029990	5.67082900
3.95039990	5.76371800
3.95049990	5.76371800
3.95059990	5.76371800
3.95069990	5.76371800
3.95079990	5.76371800
3.95089990	5.67082900
3.95099990	5.76371800
3.95109990	5.67082900
3.95119990	5.76371800
3.95129990	5.76371800
3.95139990	5.76371800
3.95149990	5.76371800
3.95159990	5.76371800
3.95169990	5.76371800
3.95179990	5.76371800
3.95189990	5.67082900
3.95199990	5.76371800
3.95209990	5.76371800
3.95219990	5.67082900
3.95229990	5.76371800
3.95239990	5.67082900
3.95249990	5.67082900
3.95259990	5.67082900
3.95269990	5.67082900
3.95279990	5.76371800
3.95289990	5.67082900
3.95299990	5.67082900
3.95309990	5.76371800
3.95319990	5.67082900
3.95329990	5.67082900
3.95339990	5.67082900
3.95349990	5.67082900
3.95359990	5.67082900
3.95369990	5.76371800
3.95379990	5.67082900
3.95389990	5.67082900
3.95399990	5.67082900
3.95409990	5.67082900
3.95419990	5.67082900
3.95429990	5.67082900
3.95439990	5.67082900
3.95449990	5.67082900
3.95459990	5.67082900
3.95469990	5.67082900
3.95479990	5.67082900
3.95489990	5.67082900
3.95499990	5.67082900
3.95509990	5.67082900
3.95519990	5.67082900
3.95529990	5.67082900
3.95539990	5.67082900
3.95549990	5.67082900
3.95559990	5.67082900
3.95569990	5.67082900
3.95579990	5.67082900
3.95589990	5.67082900
3.95599990	5.67082900
3.95609990	5.67082900
3.95619990	5.67082900
3.95629990	5.67082900
3.95639990	5.67082900
3.95649990	5.67082900
3.95659990	5.67082900
3.95669990	5.76371800
3.95679990	5.67082900
3.95689990	5.67082900
3.95699990	5.67082900
3.95709990	5.67082900
3.95719990	5.67082900
3.95729990	5.76371800
3.95739990	5.76371800
3.95749990	5.67082900
3.95759990	5.76371800
3.95769990	5.67082900
3.95779990	5.67082900
3.95789990	5.67082900
3.95799990	5.76371800
3.95809990	5.67082900
3.95819990	5.67082900
3.95829990	5.67082900
3.95839990	5.67082900
3.95849990	5.67082900
3.95859990	5.67082900
3.95869990	5.67082900
3.95879990	5.67082900
3.95889990	5.67082900
3.95899990	5.67082900
3.95909990	5.67082900
3.95919990	5.67082900
3.95929990	5.76371800
3.95939990	5.67082900
3.95949990	5.67082900
3.95959990	5.67082900
3.95969990	5.67082900
3.95979990	5.67082900
3.95989990	5.67082900
3.95999990	5.76371800
3.96009990	5.67082900
3.96019990	5.67082900
3.96029990	5.67082900
3.96039990	5.67082900
3.96049990	5.67082900
3.96059990	5.67082900
3.96069990	5.67082900
3.96079990	5.67082900
3.96089990	5.67082900
3.96099990	5.67082900
3.96109990	5.67082900
3.96119990	5.67082900
3.96129990	5.67082900
3.96139990	5.76371800
3.96149990	5.67082900
3.96159990	5.67082900
3.96169990	5.67082900
3.96179990	5.76371800
3.96189990	5.67082900
3.96199990	5.67082900
3.96209990	5.67082900
3.96219990	5.67082900
3.96229990	5.67082900
3.96239990	5.67082900
3.96249990	5.67082900
3.96259990	5.67082900
3.96269990	5.67082900
3.96279990	5.67082900
3.96289990	5.67082900
3.96299990	5.67082900
3.96309990	5.67082900
3.96319990	5.67082900
3.96329990	5.67082900
3.96339990	5.67082900
3.96349990	5.67082900
3.96359990	5.67082900
3.96369990	5.67082900
3.96379990	5.67082900
3.96389990	5.67082900
3.96399990	5.67082900
3.96409990	5.67082900
3.96419990	5.67082900
3.96429990	5.67082900
3.96439990	5.67082900
3.96449990	5.67082900
3.96459990	5.67082900
3.96469990	5.76371800
3.96479990	5.67082900
3.96489990	5.67082900
3.96499990	5.67082900
3.96509990	5.67082900
3.96519990	5.76371800
3.96529990	5.76371800
3.96539990	5.76371800
3.96549990	5.67082900
3.96559990	5.67082900
3.96569990	5.76371800
3.96579990	5.67082900
3.96589990	5.76371800
3.96599990	5.67082900
3.96609990	5.76371800
3.96619990	5.76371800
3.96629990	5.76371800
3.96639990	5.76371800
3.96649990	5.67082900
3.96659990	5.67082900
3.96669990	5.76371800
3.96679990	5.76371800
3.96689990	5.67082900
3.96699990	5.76371800
3.96709990	5.76371800
3.96719990	5.76371800
3.96729990	5.76371800
3.96739990	5.76371800
3.96749990	5.76371800
3.96759990	5.76371800
3.96769990	5.76371800
3.96779990	5.76371800
3.96789990	5.76371800
3.96799990	5.76371800
3.96809990	5.76371800
3.96819990	5.76371800
3.96829990	5.76371800
3.96839990	5.76371800
3.96849990	5.76371800
3.96859990	5.76371800
3.96869990	5.76371800
3.96879990	5.76371800
3.96889990	5.76371800
3.96899990	5.76371800
3.96909990	5.76371800
3.96919990	5.76371800
3.96929990	5.76371800
3.96939990	5.76371800
3.96949990	5.76371800
3.96959990	5.76371800
3.96969990	5.76371800
3.96979990	5.76371800
3.96989990	5.76371800
3.96999990	5.76371800
3.97009990	5.76371800
3.97019990	5.76371800
3.97029990	5.76371800
3.97039990	5.76371800
3.97049990	5.76371800
3.97059990	5.76371800
3.97069990	5.76371800
3.97079990	5.76371800
3.97089990	5.76371800
3.97099990	5.67082900
3.97109990	5.67082900
3.97119990	5.76371800
3.97129990	5.76371800
3.97139990	5.76371800
3.97149990	5.76371800
3.97159990	5.76371800
3.97169990	5.76371800
3.97179990	5.76371800
3.97189990	5.67082900
3.97199990	5.67082900
3.97209990	5.76371800
3.97219990	5.67082900
3.97229990	5.67082900
3.97239990	5.76371800
3.97249990	5.76371800
3.97259990	5.67082900
3.97269990	5.76371800
3.97279990	5.67082900
3.97289990	5.76371800
3.97299990	5.76371800
3.97309990	5.76371800
3.97319990	5.76371800
3.97329990	5.76371800
3.97339990	5.76371800
3.97349990	5.76371800
3.97359990	5.76371800
3.97369990	5.76371800
3.97379990	5.67082900
3.97389990	5.67082900
3.97399990	5.76371800
3.97409990	5.67082900
3.97419990	5.67082900
3.97429990	5.67082900
3.97439990	5.67082900
3.97449990	5.67082900
3.97459990	5.67082900
3.97469990	5.76371800
3.97479990	5.76371800
3.97489990	5.76371800
3.97499990	5.76371800
3.97509990	5.67082900
3.97519990	5.67082900
3.97529990	5.76371800
3.97539990	5.67082900
3.97549990	5.67082900
3.97559990	5.76371800
3.97569990	5.76371800
3.97579990	5.76371800
3.97589990	5.76371800
3.97599990	5.76371800
3.97609990	5.76371800
3.97619990	5.76371800
3.97629990	5.67082900
3.97639990	5.76371800
3.97649990	5.76371800
3.97659990	5.67082900
3.97669990	5.76371800
3.97679990	5.76371800
3.97689990	5.67082900
3.97699990	5.67082900
3.97709990	5.67082900
3.97719990	5.76371800
3.97729990	5.76371800
3.97739990	5.76371800
3.97749990	5.76371800
3.97759990	5.76371800
3.97769990	5.76371800
3.97779990	5.76371800
3.97789990	5.76371800
3.97799990	5.76371800
3.97809990	5.76371800
3.97819990	5.76371800
3.97829990	5.76371800
3.97839990	5.76371800
3.97849990	5.76371800
3.97859990	5.67082900
3.97869990	5.76371800
3.97879990	5.67082900
3.97889990	5.67082900
3.97899990	5.67082900
3.97909990	5.67082900
3.97919990	5.76371800
3.97929990	5.67082900
3.97939990	5.76371800
3.97949990	5.67082900
3.97959990	5.67082900
3.97969990	5.76371800
3.97979990	5.67082900
3.97989990	5.76371800
3.97999990	5.76371800
3.98009990	5.76371800
3.98019990	5.76371800
3.98029990	5.67082900
3.98039990	5.76371800
3.98049990	5.76371800
3.98059990	5.67082900
3.98069990	5.67082900
3.98079990	5.67082900
3.98089990	5.76371800
3.98099990	5.67082900
3.98109990	5.67082900
3.98119990	5.76371800
3.98129990	5.67082900
3.98139990	5.67082900
3.98149990	5.67082900
3.98159990	5.76371800
3.98169990	5.76371800
3.98179990	5.67082900
3.98189990	5.67082900
3.98199990	5.67082900
3.98209990	5.67082900
3.98219990	5.76371800
3.98229990	5.67082900
3.98239990	5.76371800
3.98249990	5.76371800
3.98259990	5.76371800
3.98269990	5.76371800
3.98279990	5.76371800
3.98289990	5.76371800
3.98299990	5.67082900
3.98309990	5.76371800
3.98319990	5.67082900
3.98329990	5.76371800
3.98339990	5.67082900
3.98349990	5.76371800
3.98359990	5.76371800
3.98369990	5.76371800
3.98379990	5.76371800
3.98389990	5.76371800
3.98399990	5.76371800
3.98409990	5.76371800
3.98419990	5.67082900
3.98429990	5.76371800
3.98439990	5.76371800
3.98449990	5.76371800
3.98459990	5.76371800
3.98469990	5.76371800
3.98479990	5.76371800
3.98489990	5.76371800
3.98499990	5.76371800
3.98509990	5.76371800
3.98519990	5.76371800
3.98529990	5.76371800
3.98539990	5.76371800
3.98549990	5.76371800
3.98559990	5.76371800
3.98569990	5.76371800
3.98579990	5.76371800
3.98589990	5.76371800
3.98599990	5.76371800
3.98609990	5.76371800
3.98619990	5.76371800
3.98629990	5.76371800
3.98639990	5.76371800
3.98649990	5.76371800
3.98659990	5.76371800
3.98669990	5.76371800
3.98679990	5.76371800
3.98689990	5.76371800
3.98699990	5.76371800
3.98709990	5.76371800
3.98719990	5.76371800
3.98729990	5.76371800
3.98739990	5.76371800
3.98749990	5.76371800
3.98759990	5.76371800
3.98769990	5.76371800
3.98779990	5.76371800
3.98789990	5.76371800
3.98799990	5.76371800
3.98809990	5.76371800
3.98819990	5.76371800
3.98829990	5.76371800
3.98839990	5.76371800
3.98849990	5.76371800
3.98859990	5.76371800
3.98869990	5.76371800
3.98879990	5.76371800
3.98889990	5.76371800
3.98899990	5.76371800
3.98909990	5.76371800
3.98919990	5.76371800
3.98929990	5.76371800
3.98939990	5.76371800
3.98949990	5.76371800
3.98959990	5.76371800
3.98969990	5.76371800
3.98979990	5.76371800
3.98989990	5.76371800
3.98999990	5.76371800
3.99009990	5.76371800
3.99019990	5.76371800
3.99029990	5.76371800
3.99039990	5.76371800
3.99049990	5.76371800
3.99059990	5.76371800
3.99069990	5.76371800
3.99079990	5.76371800
3.99089990	5.76371800
3.99099990	5.76371800
3.99109990	5.76371800
3.99119990	5.76371800
3.99129990	5.76371800
3.99139990	5.76371800
3.99149990	5.76371800
3.99159990	5.76371800
3.99169990	5.76371800
3.99179990	5.76371800
3.99189990	5.76371800
3.99199990	5.76371800
3.99209990	5.76371800
3.99219990	5.76371800
3.99229990	5.67082900
3.99239990	5.76371800
3.99249990	5.76371800
3.99259990	5.67082900
3.99269990	5.76371800
3.99279990	5.76371800
3.99289990	5.76371800
3.99299990	5.76371800
3.99309990	5.76371800
3.99319990	5.76371800
3.99329990	5.76371800
3.99339990	5.76371800
3.99349990	5.76371800
3.99359990	5.76371800
3.99369990	5.76371800
3.99379990	5.76371800
3.99389990	5.76371800
3.99399990	5.76371800
3.99409990	5.76371800
3.99419990	5.76371800
3.99429990	5.76371800
3.99439990	5.76371800
3.99449990	5.76371800
3.99459990	5.76371800
3.99469990	5.76371800
3.99479990	5.76371800
3.99489990	5.76371800
3.99499990	5.76371800
3.99509990	5.76371800
3.99519990	5.76371800
3.99529990	5.76371800
3.99539990	5.76371800
3.99549990	5.76371800
3.99559990	5.76371800
3.99569990	5.76371800
3.99579990	5.76371800
3.99589990	5.76371800
3.99599990	5.76371800
3.99609990	5.76371800
3.99619990	5.76371800
3.99629990	5.76371800
3.99639990	5.76371800
3.99649990	5.76371800
3.99659990	5.76371800
3.99669990	5.76371800
3.99679990	5.76371800
3.99689990	5.76371800
3.99699990	5.76371800
3.99709990	5.76371800
3.99719990	5.76371800
3.99729990	5.76371800
3.99739990	5.76371800
3.99749990	5.76371800
3.99759990	5.76371800
3.99769990	5.76371800
3.99779990	5.76371800
3.99789990	5.76371800
3.99799990	5.76371800
3.99809990	5.76371800
3.99819990	5.76371800
3.99829990	5.76371800
3.99839990	5.76371800
3.99849990	5.76371800
3.99859990	5.76371800
3.99869990	5.85691500
3.99879990	5.76371800
3.99889990	5.76371800
3.99899990	5.76371800
3.99909990	5.76371800
3.99919990	5.76371800
3.99929990	5.76371800
3.99939990	5.76371800
3.99949990	5.76371800
3.99959990	5.76371800
3.99969990	5.76371800
3.99979990	5.76371800
3.99989990	5.76371800
3.99999990	5.76371800
4.00009990	5.76371800
4.00019990	5.76371800
4.00029990	5.76371800
4.00039990	5.76371800
4.00049990	5.76371800
4.00059990	5.76371800
4.00069990	5.76371800
4.00079990	5.76371800
4.00089990	5.76371800
4.00099990	5.76371800
4.00109990	5.76371800
4.00119990	5.76371800
4.00129990	5.76371800
4.00139990	5.76371800
4.00149990	5.76371800
4.00159990	5.76371800
4.00169990	5.76371800
4.00179990	5.76371800
4.00189990	5.76371800
4.00199990	5.76371800
4.00209990	5.76371800
4.00219990	5.76371800
4.00229990	5.76371800
4.00239990	5.76371800
4.00249990	5.76371800
4.00259990	5.76371800
4.00269990	5.76371800
4.00279990	5.76371800
4.00289990	5.76371800
4.00299990	5.76371800
4.00309990	5.76371800
4.00319990	5.76371800
4.00329990	5.76371800
4.00339990	5.76371800
4.00349990	5.76371800
4.00359990	5.76371800
4.00369990	5.76371800
4.00379990	5.76371800
4.00389990	5.76371800
4.00399990	5.85691500
4.00409990	5.85691500
4.00419990	5.76371800
4.00429990	5.76371800
4.00439990	5.76371800
4.00449990	5.76371800
4.00459990	5.76371800
4.00469990	5.76371800
4.00479990	5.76371800
4.00489990	5.76371800
4.00499990	5.76371800
4.00509990	5.76371800
4.00519990	5.76371800
4.00529990	5.76371800
4.00539990	5.76371800
4.00549990	5.76371800
4.00559990	5.76371800
4.00569990	5.76371800
4.00579990	5.85691500
4.00589990	5.76371800
4.00599990	5.76371800
4.00609990	5.76371800
4.00619990	5.76371800
4.00629990	5.76371800
4.00639990	5.76371800
4.00649990	5.76371800
4.00659990	5.76371800
4.00669990	5.76371800
4.00679990	5.85691500
4.00689990	5.76371800
4.00699990	5.76371800
4.00709990	5.76371800
4.00719990	5.85691500
4.00729990	5.76371800
4.00739990	5.76371800
4.00749990	5.76371800
4.00759990	5.76371800
4.00769990	5.76371800
4.00779990	5.76371800
4.00789990	5.85691500
4.00799990	5.76371800
4.00809990	5.85691500
4.00819990	5.76371800
4.00829990	5.76371800
4.00839990	5.85691500
4.00849990	5.85691500
4.00859990	5.76371800
4.00869990	5.85691500
4.00879990	5.76371800
4.00889990	5.85691500
4.00899990	5.76371800
4.00909990	5.76371800
4.00919990	5.76371800
4.00929990	5.85691500
4.00939990	5.76371800
4.00949990	5.76371800
4.00959990	5.76371800
4.00969990	5.76371800
4.00979990	5.76371800
4.00989990	5.76371800
4.00999990	5.76371800
4.01009990	5.76371800
4.01019990	5.76371800
4.01029990	5.76371800
4.01039990	5.76371800
4.01049990	5.76371800
4.01059990	5.76371800
4.01069990	5.76371800
4.01079990	5.76371800
4.01089990	5.76371800
4.01099990	5.76371800
4.01109990	5.76371800
4.01119990	5.76371800
4.01129990	5.76371800
4.01139990	5.76371800
4.01149990	5.76371800
4.01159990	5.76371800
4.01169990	5.76371800
4.01179990	5.76371800
4.01189990	5.76371800
4.01199990	5.76371800
4.01209990	5.76371800
4.01219990	5.76371800
4.01229990	5.76371800
4.01239990	5.76371800
4.01249990	5.76371800
4.01259990	5.76371800
4.01269990	5.76371800
4.01279990	5.76371800
4.01289990	5.76371800
4.01299990	5.76371800
4.01309990	5.76371800
4.01319990	5.76371800
4.01329990	5.76371800
4.01339990	5.76371800
4.01349990	5.76371800
4.01359990	5.76371800
4.01369990	5.76371800
4.01379990	5.76371800
4.01389990	5.76371800
4.01399990	5.76371800
4.01409990	5.76371800
4.01419990	5.76371800
4.01429990	5.76371800
4.01439990	5.76371800
4.01449990	5.76371800
4.01459990	5.76371800
4.01469990	5.76371800
4.01479990	5.76371800
4.01489990	5.76371800
4.01499990	5.76371800
4.01509990	5.76371800
4.01519990	5.76371800
4.01529990	5.76371800
4.01539990	5.76371800
4.01549990	5.76371800
4.01559990	5.76371800
4.01569990	5.76371800
4.01579990	5.76371800
4.01589990	5.76371800
4.01599990	5.76371800
4.01609990	5.76371800
4.01619990	5.76371800
4.01629990	5.76371800
4.01639990	5.76371800
4.01649990	5.76371800
4.01659990	5.76371800
4.01669990	5.76371800
4.01679990	5.76371800
4.01689990	5.76371800
4.01699990	5.76371800
4.01709990	5.76371800
4.01719990	5.76371800
4.01729990	5.76371800
4.01739990	5.76371800
4.01749990	5.76371800
4.01759990	5.76371800
4.01769990	5.76371800
4.01779990	5.76371800
4.01789990	5.76371800
4.01799990	5.76371800
4.01809990	5.76371800
4.01819990	5.76371800
4.01829990	5.76371800
4.01839990	5.76371800
4.01849990	5.76371800
4.01859990	5.76371800
4.01869990	5.76371800
4.01879990	5.76371800
4.01889990	5.76371800
4.01899990	5.76371800
4.01909990	5.76371800
4.01919990	5.76371800
4.01929990	5.76371800
4.01939990	5.76371800
4.01949990	5.76371800
4.01959990	5.76371800
4.01969990	5.76371800
4.01979990	5.76371800
4.01989990	5.76371800
4.01999990	5.76371800
4.02009990	5.76371800
4.02019990	5.76371800
4.02029990	5.76371800
4.02039990	5.76371800
4.02049990	5.76371800
4.02059990	5.76371800
4.02069990	5.76371800
4.02079990	5.76371800
4.02089990	5.76371800
4.02099990	5.76371800
4.02109990	5.76371800
4.02119990	5.76371800
4.02129990	5.76371800
4.02139990	5.76371800
4.02149990	5.76371800
4.02159990	5.76371800
4.02169990	5.76371800
4.02179990	5.76371800
4.02189990	5.76371800
4.02199990	5.76371800
4.02209990	5.76371800
4.02219990	5.85691500
4.02229990	5.76371800
4.02239990	5.76371800
4.02249990	5.76371800
4.02259990	5.76371800
4.02269990	5.76371800
4.02279990	5.76371800
4.02289990	5.76371800
4.02299990	5.76371800
4.02309990	5.76371800
4.02319990	5.76371800
4.02329990	5.76371800
4.02339990	5.76371800
4.02349990	5.76371800
4.02359990	5.85691500
4.02369990	5.85691500
4.02379990	5.76371800
4.02389990	5.85691500
4.02399990	5.85691500
4.02409990	5.85691500
4.02419990	5.85691500
4.02429990	5.85691500
4.02439990	5.85691500
4.02449990	5.85691500
4.02459990	5.76371800
4.02469990	5.85691500
4.02479990	5.76371800
4.02489990	5.76371800
4.02499990	5.85691500
4.02509990	5.76371800
4.02519990	5.85691500
4.02529990	5.85691500
4.02539990	5.85691500
4.02549990	5.85691500
4.02559990	5.85691500
4.02569990	5.85691500
4.02579990	5.85691500
4.02589990	5.85691500
4.02599990	5.85691500
4.02609990	5.85691500
4.02619990	5.85691500
4.02629990	5.85691500
4.02639990	5.85691500
4.02649990	5.85691500
4.02659990	5.85691500
4.02669990	5.85691500
4.02679990	5.85691500
4.02689990	5.85691500
4.02699990	5.85691500
4.02709990	5.85691500
4.02719990	5.85691500
4.02729990	5.85691500
4.02739990	5.85691500
4.02749990	5.85691500
4.02759990	5.85691500
4.02769990	5.85691500
4.02779990	5.85691500
4.02789990	5.85691500
4.02799990	5.85691500
4.02809990	5.85691500
4.02819990	5.85691500
4.02829990	5.85691500
4.02839990	5.85691500
4.02849990	5.85691500
4.02859990	5.85691500
4.02869990	5.85691500
4.02879990	5.85691500
4.02889990	5.85691500
4.02899990	5.85691500
4.02909990	5.85691500
4.02919990	5.85691500
4.02929990	5.85691500
4.02939990	5.85691500
4.02949990	5.85691500
4.02959990	5.85691500
4.02969990	5.85691500
4.02979990	5.85691500
4.02989990	5.85691500
4.02999990	5.85691500
4.03009990	5.85691500
4.03019990	5.85691500
4.03029990	5.85691500
4.03039990	5.85691500
4.03049990	5.85691500
4.03059990	5.85691500
4.03069990	5.85691500
4.03079990	5.85691500
4.03089990	5.85691500
4.03099990	5.85691500
4.03109990	5.85691500
4.03119990	5.85691500
4.03129990	5.85691500
4.03139990	5.85691500
4.03149990	5.85691500
4.03159990	5.85691500
4.03169990	5.85691500
4.03179990	5.85691500
4.03189990	5.85691500
4.03199990	5.85691500
4.03209990	5.85691500
4.03219990	5.85691500
4.03229990	5.85691500
4.03239990	5.85691500
4.03249990	5.76371800
4.03259990	5.85691500
4.03269990	5.85691500
4.03279990	5.76371800
4.03289990	5.85691500
4.03299990	5.85691500
4.03309990	5.85691500
4.03319990	5.85691500
4.03329990	5.76371800
4.03339990	5.85691500
4.03349990	5.76371800
4.03359990	5.85691500
4.03369990	5.76371800
4.03379990	5.76371800
4.03389990	5.76371800
4.03399990	5.76371800
4.03409990	5.76371800
4.03419990	5.76371800
4.03429990	5.76371800
4.03439990	5.76371800
4.03449990	5.76371800
4.03459990	5.85691500
4.03469990	5.76371800
4.03479990	5.76371800
4.03489990	5.76371800
4.03499990	5.76371800
4.03509990	5.76371800
4.03519990	5.76371800
4.03529990	5.76371800
4.03539990	5.76371800
4.03549990	5.76371800
4.03559990	5.76371800
4.03569990	5.76371800
4.03579990	5.76371800
4.03589990	5.76371800
4.03599990	5.76371800
4.03609990	5.76371800
4.03619990	5.76371800
4.03629990	5.76371800
4.03639990	5.76371800
4.03649990	5.76371800
4.03659990	5.76371800
4.03669990	5.76371800
4.03679990	5.76371800
4.03689990	5.76371800
4.03699990	5.76371800
4.03709990	5.76371800
4.03719990	5.76371800
4.03729990	5.76371800
4.03739990	5.76371800
4.03749990	5.76371800
4.03759990	5.76371800
4.03769990	5.76371800
4.03779990	5.76371800
4.03789990	5.76371800
4.03799990	5.76371800
4.03809990	5.76371800
4.03819990	5.76371800
4.03829990	5.76371800
4.03839990	5.76371800
4.03849990	5.76371800
4.03859990	5.76371800
4.03869990	5.76371800
4.03879990	5.76371800
4.03889990	5.76371800
4.03899990	5.76371800
4.03909990	5.76371800
4.03919990	5.76371800
4.03929990	5.76371800
4.03939990	5.76371800
4.03949990	5.76371800
4.03959990	5.76371800
4.03969990	5.76371800
4.03979990	5.76371800
4.03989990	5.76371800
4.03999990	5.76371800
4.04009990	5.76371800
4.04019990	5.76371800
4.04029990	5.76371800
4.04039990	5.76371800
4.04049990	5.76371800
4.04059990	5.76371800
4.04069990	5.76371800
4.04079990	5.76371800
4.04089990	5.76371800
4.04099990	5.76371800
4.04109990	5.76371800
4.04119990	5.76371800
4.04129990	5.76371800
4.04139990	5.76371800
4.04149990	5.76371800
4.04159990	5.76371800
4.04169990	5.76371800
4.04179990	5.76371800
4.04189990	5.76371800
4.04199990	5.76371800
4.04209990	5.85691500
4.04219990	5.85691500
4.04229990	5.76371800
4.04239990	5.76371800
4.04249990	5.85691500
4.04259990	5.76371800
4.04269990	5.76371800
4.04279990	5.85691500
4.04289990	5.85691500
4.04299990	5.76371800
4.04309990	5.76371800
4.04319990	5.76371800
4.04329990	5.76371800
4.04339990	5.85691500
4.04349990	5.76371800
4.04359990	5.76371800
4.04369990	5.76371800
4.04379990	5.76371800
4.04389990	5.85691500
4.04399990	5.85691500
4.04409990	5.85691500
4.04419990	5.85691500
4.04429990	5.85691500
4.04439990	5.85691500
4.04449990	5.85691500
4.04459990	5.85691500
4.04469990	5.85691500
4.04479990	5.85691500
4.04489990	5.85691500
4.04499990	5.85691500
4.04509990	5.85691500
4.04519990	5.85691500
4.04529990	5.85691500
4.04539990	5.85691500
4.04549990	5.85691500
4.04559990	5.85691500
4.04569990	5.85691500
4.04579990	5.85691500
4.04589990	5.85691500
4.04599990	5.85691500
4.04609990	5.85691500
4.04619990	5.85691500
4.04629990	5.85691500
4.04639990	5.85691500
4.04649990	5.85691500
4.04659990	5.85691500
4.04669990	5.85691500
4.04679990	5.85691500
4.04689990	5.85691500
4.04699990	5.85691500
4.04709990	5.85691500
4.04719990	5.85691500
4.04729990	5.85691500
4.04739990	5.85691500
4.04749990	5.85691500
4.04759990	5.85691500
4.04769990	5.85691500
4.04779990	5.85691500
4.04789990	5.85691500
4.04799990	5.85691500
4.04809990	5.85691500
4.04819990	5.85691500
4.04829990	5.85691500
4.04839990	5.94980300
4.04849990	5.85691500
4.04859990	5.85691500
4.04869990	5.85691500
4.04879990	5.94980300
4.04889990	5.94980300
4.04899990	5.94980300
4.04909990	5.94980300
4.04919990	5.94980300
4.04929990	5.94980300
4.04939990	5.94980300
4.04949990	5.94980300
4.04959990	5.85691500
4.04969990	5.94980300
4.04979990	5.85691500
4.04989990	5.85691500
4.04999990	5.85691500
4.05009990	5.85691500
4.05019990	5.85691500
4.05029990	5.85691500
4.05039990	5.94980300
4.05049990	5.85691500
4.05059990	5.85691500
4.05069990	5.94980300
4.05079990	5.94980300
4.05089990	5.85691500
4.05099990	5.94980300
4.05109990	5.94980300
4.05119990	5.94980300
4.05129990	5.85691500
4.05139990	5.94980300
4.05149990	5.94980300
4.05159990	5.85691500
4.05169990	5.85691500
4.05179990	5.85691500
4.05189990	5.85691500
4.05199990	5.85691500
4.05209990	5.85691500
4.05219990	5.85691500
4.05229990	5.85691500
4.05239990	5.85691500
4.05249990	5.85691500
4.05259990	5.85691500
4.05269990	5.85691500
4.05279990	5.85691500
4.05289990	5.85691500
4.05299990	5.85691500
4.05309990	5.85691500
4.05319990	5.85691500
4.05329990	5.85691500
4.05339990	5.85691500
4.05349990	5.85691500
4.05359990	5.85691500
4.05369990	5.85691500
4.05379990	5.85691500
4.05389990	5.85691500
4.05399990	5.85691500
4.05409990	5.85691500
4.05419990	5.85691500
4.05429990	5.85691500
4.05439990	5.76371800
4.05449990	5.85691500
4.05459990	5.85691500
4.05469990	5.76371800
4.05479990	5.85691500
4.05489990	5.85691500
4.05499990	5.85691500
4.05509990	5.85691500
4.05519990	5.85691500
4.05529990	5.85691500
4.05539990	5.85691500
4.05549990	5.85691500
4.05559990	5.85691500
4.05569990	5.85691500
4.05579990	5.85691500
4.05589990	5.85691500
4.05599990	5.85691500
4.05609990	5.85691500
4.05619990	5.85691500
4.05629990	5.85691500
4.05639990	5.85691500
4.05649990	5.85691500
4.05659990	5.85691500
4.05669990	5.85691500
4.05679990	5.85691500
4.05689990	5.85691500
4.05699990	5.85691500
4.05709990	5.85691500
4.05719990	5.85691500
4.05729990	5.85691500
4.05739990	5.85691500
4.05749990	5.85691500
4.05759990	5.85691500
4.05769990	5.85691500
4.05779990	5.85691500
4.05789990	5.85691500
4.05799990	5.85691500
4.05809990	5.85691500
4.05819990	5.85691500
4.05829990	5.85691500
4.05839990	5.85691500
4.05849990	5.85691500
4.05859990	5.76371800
4.05869990	5.85691500
4.05879990	5.85691500
4.05889990	5.85691500
4.05899990	5.76371800
4.05909990	5.85691500
4.05919990	5.76371800
4.05929990	5.85691500
4.05939990	5.85691500
4.05949990	5.85691500
4.05959990	5.76371800
4.05969990	5.85691500
4.05979990	5.85691500
4.05989990	5.85691500
4.05999990	5.85691500
4.06009990	5.85691500
4.06019990	5.85691500
4.06029990	5.85691500
4.06039990	5.85691500
4.06049990	5.76371800
4.06059990	5.85691500
4.06069990	5.85691500
4.06079990	5.85691500
4.06089990	5.85691500
4.06099990	5.85691500
4.06109990	5.76371800
4.06119990	5.85691500
4.06129990	5.85691500
4.06139990	5.76371800
4.06149990	5.85691500
4.06159990	5.76371800
4.06169990	5.76371800
4.06179990	5.85691500
4.06189990	5.85691500
4.06199990	5.85691500
4.06209990	5.85691500
4.06219990	5.85691500
4.06229990	5.76371800
4.06239990	5.76371800
4.06249990	5.76371800
4.06259990	5.76371800
4.06269990	5.76371800
4.06279990	5.76371800
4.06289990	5.76371800
4.06299990	5.76371800
4.06309990	5.76371800
4.06319990	5.76371800
4.06329990	5.76371800
4.06339990	5.85691500
4.06349990	5.85691500
4.06359990	5.85691500
4.06369990	5.85691500
4.06379990	5.85691500
4.06389990	5.85691500
4.06399990	5.76371800
4.06409990	5.85691500
4.06419990	5.85691500
4.06429990	5.85691500
4.06439990	5.85691500
4.06449990	5.85691500
4.06459990	5.85691500
4.06469990	5.85691500
4.06479990	5.85691500
4.06489990	5.85691500
4.06499990	5.85691500
4.06509990	5.85691500
4.06519990	5.85691500
4.06529990	5.85691500
4.06539990	5.85691500
4.06549990	5.85691500
4.06559990	5.85691500
4.06569990	5.85691500
4.06579990	5.85691500
4.06589990	5.85691500
4.06599990	5.85691500
4.06609990	5.85691500
4.06619990	5.85691500
4.06629990	5.85691500
4.06639990	5.85691500
4.06649990	5.85691500
4.06659990	5.85691500
4.06669990	5.85691500
4.06679990	5.94980300
4.06689990	5.85691500
4.06699990	5.85691500
4.06709990	5.85691500
4.06719990	5.85691500
4.06729990	5.85691500
4.06739990	5.85691500
4.06749990	5.94980300
4.06759990	5.85691500
4.06769990	5.94980300
4.06779990	5.85691500
4.06789990	5.94980300
4.06799990	5.85691500
4.06809990	5.85691500
4.06819990	5.94980300
4.06829990	5.85691500
4.06839990	5.94980300
4.06849990	5.94980300
4.06859990	5.94980300
4.06869990	5.94980300
4.06879990	5.94980300
4.06889990	5.94980300
4.06899990	5.94980300
4.06909990	5.94980300
4.06919990	5.94980300
4.06929990	5.94980300
4.06939990	5.94980300
4.06949990	5.94980300
4.06959990	5.94980300
4.06969990	5.94980300
4.06979990	5.94980300
4.06989990	5.94980300
4.06999990	5.94980300
4.07009990	5.85691500
4.07019990	5.94980300
4.07029990	5.94980300
4.07039990	5.94980300
4.07049990	5.94980300
4.07059990	5.94980300
4.07069990	5.94980300
4.07079990	5.94980300
4.07089990	5.94980300
4.07099990	5.94980300
4.07109990	5.94980300
4.07119990	5.94980300
4.07129990	5.94980300
4.07139990	5.94980300
4.07149990	5.94980300
4.07159990	5.94980300
4.07169990	5.94980300
4.07179990	5.94980300
4.07189990	5.94980300
4.07199990	5.94980300
4.07209990	5.94980300
4.07219990	5.94980300
4.07229990	5.94980300
4.07239990	5.94980300
4.07249990	5.94980300
4.07259990	5.94980300
4.07269990	5.94980300
4.07279990	5.94980300
4.07289990	5.94980300
4.07299990	5.94980300
4.07309990	5.94980300
4.07319990	5.85691500
4.07329990	5.85691500
4.07339990	5.94980300
4.07349990	5.94980300
4.07359990	5.85691500
4.07369990	5.94980300
4.07379990	5.94980300
4.07389990	5.94980300
4.07399990	5.94980300
4.07409990	5.94980300
4.07419990	5.94980300
4.07429990	5.94980300
4.07439990	5.85691500
4.07449990	5.94980300
4.07459990	5.85691500
4.07469990	5.85691500
4.07479990	5.85691500
4.07489990	5.85691500
4.07499990	5.85691500
4.07509990	5.85691500
4.07519990	5.85691500
4.07529990	5.85691500
4.07539990	5.85691500
4.07549990	5.94980300
4.07559990	5.85691500
4.07569990	5.85691500
4.07579990	5.85691500
4.07589990	5.85691500
4.07599990	5.94980300
4.07609990	5.85691500
4.07619990	5.85691500
4.07629990	5.85691500
4.07639990	5.85691500
4.07649990	5.85691500
4.07659990	5.85691500
4.07669990	5.85691500
4.07679990	5.85691500
4.07689990	5.85691500
4.07699990	5.85691500
4.07709990	5.85691500
4.07719990	5.85691500
4.07729990	5.85691500
4.07739990	5.85691500
4.07749990	5.85691500
4.07759990	5.85691500
4.07769990	5.85691500
4.07779990	5.85691500
4.07789990	5.85691500
4.07799990	5.85691500
4.07809990	5.85691500
4.07819990	5.94980300
4.07829990	5.85691500
4.07839990	5.85691500
4.07849990	5.85691500
4.07859990	5.85691500
4.07869990	5.85691500
4.07879990	5.85691500
4.07889990	5.85691500
4.07899990	5.85691500
4.07909990	5.85691500
4.07919990	5.94980300
4.07929990	5.85691500
4.07939990	5.85691500
4.07949990	5.85691500
4.07959990	5.94980300
4.07969990	5.85691500
4.07979990	5.85691500
4.07989990	5.94980300
4.07999990	5.94980300
4.08009990	5.94980300
4.08019990	5.85691500
4.08029990	5.85691500
4.08039990	5.94980300
4.08049990	5.85691500
4.08059990	5.85691500
4.08069990	5.85691500
4.08079990	5.85691500
4.08089990	5.85691500
4.08099990	5.85691500
4.08109990	5.85691500
4.08119990	5.85691500
4.08129990	5.85691500
4.08139990	5.85691500
4.08149990	5.85691500
4.08159990	5.85691500
4.08169990	5.85691500
4.08179990	5.85691500
4.08189990	5.85691500
4.08199990	5.85691500
4.08209990	5.85691500
4.08219990	5.85691500
4.08229990	5.85691500
4.08239990	5.85691500
4.08249990	5.85691500
4.08259990	5.85691500
4.08269990	5.85691500
4.08279990	5.85691500
4.08289990	5.85691500
4.08299990	5.85691500
4.08309990	5.85691500
4.08319990	5.85691500
4.08329990	5.85691500
4.08339990	5.85691500
4.08349990	5.85691500
4.08359990	5.85691500
4.08369990	5.85691500
4.08379990	5.85691500
4.08389990	5.85691500
4.08399990	5.85691500
4.08409990	5.85691500
4.08419990	5.85691500
4.08429990	5.85691500
4.08439990	5.85691500
4.08449990	5.85691500
4.08459990	5.85691500
4.08469990	5.85691500
4.08479990	5.85691500
4.08489990	5.85691500
4.08499990	5.85691500
4.08509990	5.85691500
4.08519990	5.85691500
4.08529990	5.85691500
4.08539990	5.85691500
4.08549990	5.85691500
4.08559990	5.85691500
4.08569990	5.85691500
4.08579990	5.85691500
4.08589990	5.85691500
4.08599990	5.85691500
4.08609990	5.85691500
4.08619990	5.85691500
4.08629990	5.85691500
4.08639990	5.94980300
4.08649990	5.85691500
4.08659990	5.94980300
4.08669990	5.94980300
4.08679990	5.94980300
4.08689990	5.94980300
4.08699990	5.85691500
4.08709990	5.94980300
4.08719990	5.94980300
4.08729990	5.94980300
4.08739990	5.94980300
4.08749990	5.94980300
4.08759990	5.94980300
4.08769990	5.94980300
4.08779990	5.94980300
4.08789990	5.94980300
4.08799990	5.94980300
4.08809990	5.94980300
4.08819990	5.94980300
4.08829990	5.94980300
4.08839990	5.94980300
4.08849990	5.94980300
4.08859990	5.94980300
4.08869990	5.94980300
4.08879990	5.94980300
4.08889990	5.94980300
4.08899990	5.94980300
4.08909990	5.94980300
4.08919990	5.94980300
4.08929990	5.94980300
4.08939990	5.94980300
4.08949990	5.94980300
4.08959990	5.94980300
4.08969990	5.94980300
4.08979990	5.94980300
4.08989990	5.94980300
4.08999990	5.94980300
4.09009990	5.94980300
4.09019990	5.94980300
4.09029990	5.94980300
4.09039990	5.94980300
4.09049990	5.94980300
4.09059990	5.85691500
4.09069990	5.94980300
4.09079990	5.94980300
4.09089990	5.94980300
4.09099990	5.94980300
4.09109990	5.94980300
4.09119990	5.94980300
4.09129990	5.85691500
4.09139990	5.94980300
4.09149990	5.85691500
4.09159990	5.94980300
4.09169990	5.85691500
4.09179990	5.94980300
4.09189990	5.85691500
4.09199990	5.94980300
4.09209990	5.94980300
4.09219990	5.85691500
4.09229990	5.94980300
4.09239990	5.94980300
4.09249990	5.94980300
4.09259990	5.94980300
4.09269990	5.94980300
4.09279990	5.94980300
4.09289990	5.94980300
4.09299990	5.85691500
4.09309990	5.94980300
4.09319990	5.94980300
4.09329990	5.85691500
4.09339990	5.94980300
4.09349990	5.94980300
4.09359990	5.94980300
4.09369990	5.94980300
4.09379990	5.94980300
4.09389990	5.94980300
4.09399990	5.94980300
4.09409990	5.94980300
4.09419990	5.94980300
4.09429990	5.94980300
4.09439990	5.94980300
4.09449990	5.94980300
4.09459990	5.94980300
4.09469990	5.94980300
4.09479990	5.94980300
4.09489990	5.94980300
4.09499990	5.94980300
4.09509990	5.94980300
4.09519990	5.94980300
4.09529990	5.94980300
4.09539990	5.94980300
4.09549990	5.94980300
4.09559990	5.94980300
4.09569990	5.94980300
4.09579990	5.94980300
4.09589990	5.94980300
4.09599990	5.94980300
4.09609990	5.94980300
4.09619990	5.94980300
4.09629990	5.94980300
4.09639990	5.94980300
4.09649990	5.94980300
4.09659990	5.94980300
4.09669990	5.94980300
4.09679990	5.94980300
4.09689990	5.94980300
4.09699990	5.94980300
4.09709990	5.94980300
4.09719990	5.94980300
4.09729990	5.94980300
4.09739990	5.94980300
4.09749990	5.94980300
4.09759990	5.94980300
4.09769990	5.94980300
4.09779990	5.94980300
4.09789990	5.94980300
4.09799990	5.94980300
4.09809990	5.94980300
4.09819990	5.94980300
4.09829990	5.94980300
4.09839990	5.94980300
4.09849990	5.94980300
4.09859990	5.94980300
4.09869990	5.94980300
4.09879990	5.94980300
4.09889990	5.94980300
4.09899990	5.85691500
4.09909990	5.94980300
4.09919990	5.85691500
4.09929990	5.94980300
4.09939990	5.85691500
4.09949990	5.94980300
4.09959990	5.94980300
4.09969990	5.94980300
4.09979990	5.94980300
4.09989990	5.94980300
4.09999990	5.94980300
4.10009990	5.94980300
4.10019990	5.94980300
4.10029990	5.85691500
4.10039990	5.94980300
4.10049990	5.94980300
4.10059990	5.94980300
4.10069990	5.94980300
4.10079990	5.94980300
4.10089990	5.94980300
4.10099990	5.94980300
4.10109990	5.94980300
4.10119990	5.94980300
4.10129990	5.94980300
4.10139990	5.94980300
4.10149990	5.94980300
4.10159990	5.85691500
4.10169990	5.85691500
4.10179990	5.85691500
4.10189990	5.94980300
4.10199990	5.85691500
4.10209990	5.85691500
4.10219990	5.94980300
4.10229990	5.85691500
4.10239990	5.94980300
4.10249990	5.85691500
4.10259990	5.94980300
4.10269990	5.85691500
4.10279990	5.94980300
4.10289990	5.94980300
4.10299990	5.94980300
4.10309990	5.94980300
4.10319990	5.94980300
4.10329990	5.94980300
4.10339990	5.94980300
4.10349990	5.94980300
4.10359990	5.94980300
4.10369990	5.94980300
4.10379990	5.94980300
4.10389990	5.94980300
4.10399990	5.94980300
4.10409990	5.94980300
4.10419990	5.94980300
4.10429990	5.94980300
4.10439990	5.94980300
4.10449990	5.94980300
4.10459990	5.94980300
4.10469990	5.94980300
4.10479990	5.94980300
4.10489990	5.94980300
4.10499990	5.94980300
4.10509990	5.94980300
4.10519990	5.94980300
4.10529990	5.94980300
4.10539990	5.94980300
4.10549990	5.94980300
4.10559990	5.94980300
4.10569990	5.94980300
4.10579990	5.94980300
4.10589990	5.94980300
4.10599990	5.94980300
4.10609990	5.94980300
4.10619990	5.94980300
4.10629990	5.94980300
4.10639990	5.94980300
4.10649990	5.94980300
4.10659990	5.94980300
4.10669990	5.94980300
4.10679990	5.94980300
4.10689990	5.94980300
4.10699990	5.94980300
4.10709990	5.94980300
4.10719990	5.94980300
4.10729990	5.94980300
4.10739990	5.94980300
4.10749990	5.94980300
4.10759990	5.94980300
4.10769990	5.94980300
4.10779990	5.94980300
4.10789990	5.94980300
4.10799990	5.94980300
4.10809990	5.94980300
4.10819990	5.94980300
4.10829990	6.04269200
4.10839990	5.94980300
4.10849990	5.94980300
4.10859990	5.94980300
4.10869990	5.94980300
4.10879990	5.94980300
4.10889990	5.94980300
4.10899990	6.04269200
4.10909990	6.04269200
4.10919990	6.04269200
4.10929990	6.04269200
4.10939990	5.94980300
4.10949990	6.04269200
4.10959990	5.94980300
4.10969990	6.04269200
4.10979990	5.94980300
4.10989990	5.94980300
4.10999990	5.94980300
4.11009990	5.94980300
4.11019990	5.94980300
4.11029990	5.94980300
4.11039990	6.04269200
4.11049990	5.94980300
4.11059990	5.94980300
4.11069990	5.94980300
4.11079990	5.94980300
4.11089990	6.04269200
4.11099990	5.94980300
4.11109990	5.94980300
4.11119990	5.94980300
4.11129990	5.94980300
4.11139990	5.94980300
4.11149990	5.94980300
4.11159990	5.94980300
4.11169990	6.04269200
4.11179990	5.94980300
4.11189990	5.94980300
4.11199990	5.94980300
4.11209990	5.94980300
4.11219990	5.94980300
4.11229990	5.94980300
4.11239990	6.04269200
4.11249990	5.94980300
4.11259990	5.94980300
4.11269990	5.94980300
4.11279990	5.94980300
4.11289990	5.94980300
4.11299990	5.94980300
4.11309990	5.94980300
4.11319990	5.94980300
4.11329990	5.94980300
4.11339990	5.94980300
4.11349990	5.94980300
4.11359990	5.94980300
4.11369990	5.94980300
4.11379990	5.94980300
4.11389990	5.94980300
4.11399990	5.94980300
4.11409990	5.94980300
4.11419990	5.94980300
4.11429990	5.94980300
4.11439990	5.94980300
4.11449990	5.94980300
4.11459990	5.94980300
4.11469990	5.94980300
4.11479990	5.94980300
4.11489990	5.94980300
4.11499990	5.94980300
4.11509990	5.94980300
4.11519990	5.94980300
4.11529990	5.94980300
4.11539990	5.94980300
4.11549990	5.94980300
4.11559990	5.94980300
4.11569990	5.94980300
4.11579990	5.94980300
4.11589990	5.94980300
4.11599990	5.94980300
4.11609990	5.94980300
4.11619990	5.94980300
4.11629990	5.94980300
4.11639990	5.94980300
4.11649990	5.94980300
4.11659990	5.94980300
4.11669990	5.94980300
4.11679990	5.94980300
4.11689990	5.94980300
4.11699990	5.94980300
4.11709990	5.94980300
4.11719990	5.94980300
4.11729990	5.94980300
4.11739990	5.94980300
4.11749990	5.94980300
4.11759990	5.94980300
4.11769990	5.94980300
4.11779990	5.94980300
4.11789990	5.94980300
4.11799990	5.94980300
4.11809990	5.94980300
4.11819990	5.94980300
4.11829990	5.94980300
4.11839990	5.94980300
4.11849990	5.94980300
4.11859990	5.94980300
4.11869990	5.94980300
4.11879990	5.94980300
4.11889990	5.94980300
4.11899990	5.94980300
4.11909990	5.94980300
4.11919990	5.94980300
4.11929990	5.94980300
4.11939990	5.94980300
4.11949990	5.94980300
4.11959990	5.94980300
4.11969990	5.94980300
4.11979990	5.94980300
4.11989990	5.94980300
4.11999990	5.94980300
4.12009990	5.94980300
4.12019990	5.94980300
4.12029990	5.94980300
4.12039990	5.94980300
4.12049990	5.94980300
4.12059990	5.94980300
4.12069990	5.94980300
4.12079990	5.94980300
4.12089990	5.94980300
4.12099990	5.94980300
4.12109990	5.94980300
4.12119990	5.94980300
4.12129990	5.94980300
4.12139990	5.94980300
4.12149990	5.94980300
4.12159990	5.94980300
4.12169990	5.94980300
4.12179990	5.94980300
4.12189990	5.94980300
4.12199990	5.94980300
4.12209990	5.94980300
4.12219990	5.94980300
4.12229990	5.94980300
4.12239990	5.94980300
4.12249990	5.94980300
4.12259990	5.94980300
4.12269990	5.94980300
4.12279990	5.94980300
4.12289990	5.94980300
4.12299990	5.94980300
4.12309990	5.94980300
4.12319990	5.94980300
4.12329990	5.94980300
4.12339990	5.94980300
4.12349990	5.94980300
4.12359990	5.94980300
4.12369990	5.94980300
4.12379990	5.94980300
4.12389990	5.94980300
4.12399990	5.94980300
4.12409990	5.94980300
4.12419990	5.94980300
4.12429990	5.94980300
4.12439990	5.94980300
4.12449990	5.94980300
4.12459990	6.04269200
4.12469990	5.94980300
4.12479990	6.04269200
4.12489990	5.94980300
4.12499990	6.04269200
4.12509990	6.04269200
4.12519990	6.04269200
4.12529990	6.04269200
4.12539990	6.04269200
4.12549990	6.04269200
4.12559990	6.04269200
4.12569990	6.04269200
4.12579990	6.04269200
4.12589990	6.04269200
4.12599990	6.04269200
4.12609990	6.04269200
4.12619990	6.04269200
4.12629990	6.04269200
4.12639990	6.04269200
4.12649990	6.04269200
4.12659990	6.04269200
4.12669990	6.04269200
4.12679990	6.04269200
4.12689990	6.04269200
4.12699990	6.04269200
4.12709990	6.04269200
4.12719990	6.04269200
4.12729990	6.04269200
4.12739990	6.04269200
4.12749990	6.04269200
4.12759990	6.04269200
4.12769990	6.04269200
4.12779990	6.04269200
4.12789990	6.13588800
4.12799990	6.04269200
4.12809990	6.13588800
4.12819990	6.04269200
4.12829990	6.04269200
4.12839990	6.04269200
4.12849990	6.04269200
4.12859990	6.04269200
4.12869990	6.04269200
4.12879990	6.04269200
4.12889990	6.04269200
4.12899990	6.04269200
4.12909990	6.04269200
4.12919990	6.04269200
4.12929990	6.13588800
4.12939990	6.04269200
4.12949990	6.04269200
4.12959990	6.04269200
4.12969990	6.04269200
4.12979990	6.04269200
4.12989990	6.04269200
4.12999990	6.04269200
4.13009990	6.04269200
4.13019990	6.04269200
4.13029990	6.04269200
4.13039990	6.04269200
4.13049990	6.04269200
4.13059990	6.04269200
4.13069990	6.04269200
4.13079990	6.04269200
4.13089990	6.04269200
4.13099990	6.04269200
4.13109990	6.04269200
4.13119990	6.04269200
4.13129990	6.04269200
4.13139990	6.04269200
4.13149990	6.04269200
4.13159990	6.04269200
4.13169990	6.04269200
4.13179990	6.04269200
4.13189990	6.04269200
4.13199990	6.04269200
4.13209990	6.04269200
4.13219990	6.04269200
4.13229990	6.04269200
4.13239990	6.04269200
4.13249990	6.04269200
4.13259990	6.04269200
4.13269990	6.04269200
4.13279990	6.04269200
4.13289990	6.04269200
4.13299990	6.04269200
4.13309990	6.04269200
4.13319990	6.04269200
4.13329990	6.04269200
4.13339990	6.04269200
4.13349990	6.04269200
4.13359990	6.04269200
4.13369990	6.04269200
4.13379990	6.04269200
4.13389990	6.04269200
4.13399990	6.04269200
4.13409990	6.04269200
4.13419990	6.04269200
4.13429990	5.94980300
4.13439990	6.04269200
4.13449990	6.04269200
4.13459990	6.04269200
4.13469990	5.94980300
4.13479990	5.94980300
4.13489990	5.94980300
4.13499990	5.94980300
4.13509990	6.04269200
4.13519990	6.04269200
4.13529990	6.04269200
4.13539990	6.04269200
4.13549990	6.04269200
4.13559990	5.94980300
4.13569990	6.04269200
4.13579990	5.94980300
4.13589990	5.94980300
4.13599990	6.04269200
4.13609990	5.94980300
4.13619990	5.94980300
4.13629990	5.94980300
4.13639990	6.04269200
4.13649990	6.04269200
4.13659990	6.04269200
4.13669990	5.94980300
4.13679990	5.94980300
4.13689990	5.94980300
4.13699990	5.94980300
4.13709990	5.94980300
4.13719990	6.04269200
4.13729990	5.94980300
4.13739990	5.94980300
4.13749990	5.94980300
4.13759990	5.94980300
4.13769990	5.94980300
4.13779990	6.04269200
4.13789990	6.04269200
4.13799990	5.94980300
4.13809990	5.94980300
4.13819990	5.94980300
4.13829990	6.04269200
4.13839990	6.04269200
4.13849990	6.04269200
4.13859990	6.04269200
4.13869990	5.94980300
4.13879990	6.04269200
4.13889990	5.94980300
4.13899990	5.94980300
4.13909990	5.94980300
4.13919990	5.94980300
4.13929990	5.94980300
4.13939990	5.94980300
4.13949990	5.94980300
4.13959990	5.94980300
4.13969990	5.94980300
4.13979990	5.94980300
4.13989990	5.94980300
4.13999990	5.94980300
4.14009990	5.94980300
4.14019990	5.94980300
4.14029990	5.94980300
4.14039990	5.94980300
4.14049990	5.94980300
4.14059990	5.94980300
4.14069990	5.94980300
4.14079990	5.94980300
4.14089990	5.94980300
4.14099990	5.94980300
4.14109990	5.94980300
4.14119990	5.94980300
4.14129990	5.94980300
4.14139990	5.94980300
4.14149990	5.94980300
4.14159990	5.94980300
4.14169990	5.94980300
4.14179990	5.94980300
4.14189990	5.94980300
4.14199990	5.94980300
4.14209990	5.94980300
4.14219990	5.94980300
4.14229990	5.94980300
4.14239990	5.94980300
4.14249990	5.94980300
4.14259990	5.94980300
4.14269990	5.94980300
4.14279990	5.94980300
4.14289990	5.94980300
4.14299990	5.94980300
4.14309990	5.94980300
4.14319990	5.94980300
4.14329990	5.94980300
4.14339990	5.94980300
4.14349990	5.94980300
4.14359990	5.94980300
4.14369990	5.94980300
4.14379990	5.94980300
4.14389990	5.94980300
4.14399990	5.94980300
4.14409990	5.94980300
4.14419990	5.94980300
4.14429990	5.94980300
4.14439990	5.94980300
4.14449990	5.94980300
4.14459990	6.04269200
4.14469990	5.94980300
4.14479990	5.94980300
4.14489990	5.94980300
4.14499990	5.94980300
4.14509990	5.94980300
4.14519990	6.04269200
4.14529990	5.94980300
4.14539990	6.04269200
4.14549990	5.94980300
4.14559990	5.94980300
4.14569990	6.04269200
4.14579990	6.04269200
4.14589990	6.04269200
4.14599990	6.04269200
4.14609990	6.04269200
4.14619990	6.04269200
4.14629990	6.04269200
4.14639990	6.04269200
4.14649990	6.04269200
4.14659990	6.04269200
4.14669990	6.04269200
4.14679990	6.04269200
4.14689990	6.04269200
4.14699990	6.04269200
4.14709990	6.04269200
4.14719990	6.04269200
4.14729990	6.04269200
4.14739990	6.04269200
4.14749990	6.04269200
4.14759990	6.04269200
4.14769990	6.04269200
4.14779990	6.04269200
4.14789990	6.04269200
4.14799990	6.04269200
4.14809990	6.04269200
4.14819990	6.04269200
4.14829990	6.04269200
4.14839990	6.04269200
4.14849990	6.04269200
4.14859990	6.04269200
4.14869990	6.13588800
4.14879990	6.13588800
4.14889990	6.04269200
4.14899990	6.13588800
4.14909990	6.13588800
4.14919990	6.04269200
4.14929990	6.13588800
4.14939990	6.04269200
4.14949990	6.13588800
4.14959990	6.13588800
4.14969990	6.13588800
4.14979990	6.13588800
4.14989990	6.13588800
4.14999990	6.13588800
4.15009990	6.13588800
4.15019990	6.04269200
4.15029990	6.13588800
4.15039990	6.04269200
4.15049990	6.13588800
4.15059990	6.04269200
4.15069990	6.13588800
4.15079990	6.04269200
4.15089990	6.13588800
4.15099990	6.13588800
4.15109990	6.13588800
4.15119990	6.13588800
4.15129990	6.13588800
4.15139990	6.13588800
4.15149990	6.13588800
4.15159990	6.13588800
4.15169990	6.13588800
4.15179990	6.13588800
4.15189990	6.13588800
4.15199990	6.13588800
4.15209990	6.13588800
4.15219990	6.13588800
4.15229990	6.13588800
4.15239990	6.13588800
4.15249990	6.13588800
4.15259990	6.13588800
4.15269990	6.04269200
4.15279990	6.04269200
4.15289990	6.04269200
4.15299990	6.04269200
4.15309990	6.13588800
4.15319990	6.04269200
4.15329990	6.13588800
4.15339990	6.04269200
4.15349990	6.13588800
4.15359990	6.04269200
4.15369990	6.04269200
4.15379990	6.04269200
4.15389990	6.04269200
4.15399990	6.04269200
4.15409990	6.04269200
4.15419990	6.13588800
4.15429990	6.13588800
4.15439990	6.13588800
4.15449990	6.04269200
4.15459990	6.13588800
4.15469990	6.04269200
4.15479990	6.04269200
4.15489990	6.04269200
4.15499990	6.04269200
4.15509990	6.04269200
4.15519990	6.13588800
4.15529990	6.04269200
4.15539990	6.04269200
4.15549990	6.13588800
4.15559990	6.04269200
4.15569990	6.04269200
4.15579990	6.04269200
4.15589990	6.04269200
4.15599990	6.04269200
4.15609990	6.04269200
4.15619990	6.04269200
4.15629990	6.04269200
4.15639990	6.04269200
4.15649989	6.04269200
4.15659989	6.04269200
4.15669989	6.04269200
4.15679989	6.04269200
4.15689989	6.04269200
4.15699989	6.04269200
4.15709989	6.13588800
4.15719989	6.13588800
4.15729989	6.04269200
4.15739989	6.04269200
4.15749989	6.04269200
4.15759989	6.04269200
4.15769989	6.04269200
4.15779989	6.04269200
4.15789989	6.04269200
4.15799989	6.04269200
4.15809989	6.04269200
4.15819989	6.04269200
4.15829989	6.04269200
4.15839989	6.04269200
4.15849989	6.04269200
4.15859989	6.04269200
4.15869989	6.04269200
4.15879989	6.04269200
4.15889989	6.04269200
4.15899989	6.04269200
4.15909989	6.04269200
4.15919989	6.04269200
4.15929989	6.04269200
4.15939989	6.04269200
4.15949989	6.04269200
4.15959989	6.04269200
4.15969989	6.04269200
4.15979989	6.04269200
4.15989989	6.04269200
4.15999989	6.04269200
4.16009989	6.04269200
4.16019989	5.94980300
4.16029989	6.04269200
4.16039989	6.04269200
4.16049989	6.04269200
4.16059989	6.04269200
4.16069989	6.04269200
4.16079989	5.94980300
4.16089989	6.04269200
4.16099989	6.04269200
4.16109989	6.04269200
4.16119989	5.94980300
4.16129989	6.04269200
4.16139989	5.94980300
4.16149989	5.94980300
4.16159989	6.04269200
4.16169989	5.94980300
4.16179989	5.94980300
4.16189989	5.94980300
4.16199989	5.94980300
4.16209989	6.04269200
4.16219989	5.94980300
4.16229989	5.94980300
4.16239989	5.94980300
4.16249989	5.94980300
4.16259989	6.04269200
4.16269989	5.94980300
4.16279989	5.94980300
4.16289989	5.94980300
4.16299989	5.94980300
4.16309989	6.04269200
4.16319989	6.04269200
4.16329989	6.04269200
4.16339989	5.94980300
4.16349989	6.04269200
4.16359989	6.04269200
4.16369989	6.04269200
4.16379989	6.04269200
4.16389989	5.94980300
4.16399989	5.94980300
4.16409989	5.94980300
4.16419989	5.94980300
4.16429989	5.94980300
4.16439989	6.04269200
4.16449989	5.94980300
4.16459989	5.94980300
4.16469989	6.04269200
4.16479989	6.04269200
4.16489989	6.04269200
4.16499989	6.04269200
4.16509989	6.04269200
4.16519989	6.04269200
4.16529989	6.04269200
4.16539989	6.04269200
4.16549989	6.04269200
4.16559989	6.04269200
4.16569989	6.04269200
4.16579989	6.04269200
4.16589989	6.04269200
4.16599989	6.04269200
4.16609989	6.04269200
4.16619989	6.04269200
4.16629989	6.04269200
4.16639989	6.04269200
4.16649989	6.04269200
4.16659989	6.04269200
4.16669989	6.04269200
4.16679989	6.04269200
4.16689989	6.04269200
4.16699989	6.04269200
4.16709989	6.04269200
4.16719989	6.04269200
4.16729989	6.13588800
4.16739989	6.04269200
4.16749989	6.13588800
4.16759989	6.13588800
4.16769989	6.04269200
4.16779989	6.13588800
4.16789989	6.13588800
4.16799989	6.13588800
4.16809989	6.13588800
4.16819989	6.13588800
4.16829989	6.13588800
4.16839989	6.13588800
4.16849989	6.13588800
4.16859989	6.13588800
4.16869989	6.13588800
4.16879989	6.13588800
4.16889989	6.13588800
4.16899989	6.13588800
4.16909989	6.13588800
4.16919989	6.13588800
4.16929989	6.13588800
4.16939989	6.13588800
4.16949989	6.13588800
4.16959989	6.13588800
4.16969989	6.13588800
4.16979989	6.13588800
4.16989989	6.13588800
4.16999989	6.13588800
4.17009989	6.13588800
4.17019989	6.13588800
4.17029989	6.13588800
4.17039989	6.13588800
4.17049989	6.13588800
4.17059989	6.13588800
4.17069989	6.13588800
4.17079989	6.13588800
4.17089989	6.13588800
4.17099989	6.13588800
4.17109989	6.13588800
4.17119989	6.13588800
4.17129989	6.13588800
4.17139989	6.13588800
4.17149989	6.13588800
4.17159989	6.13588800
4.17169989	6.13588800
4.17179989	6.13588800
4.17189989	6.13588800
4.17199989	6.13588800
4.17209989	6.13588800
4.17219989	6.13588800
4.17229989	6.13588800
4.17239989	6.13588800
4.17249989	6.13588800
4.17259989	6.13588800
4.17269989	6.13588800
4.17279989	6.13588800
4.17289989	6.13588800
4.17299989	6.13588800
4.17309989	6.13588800
4.17319989	6.13588800
4.17329989	6.13588800
4.17339989	6.13588800
4.17349989	6.13588800
4.17359989	6.13588800
4.17369989	6.13588800
4.17379989	6.13588800
4.17389989	6.13588800
4.17399989	6.13588800
4.17409989	6.13588800
4.17419989	6.13588800
4.17429989	6.13588800
4.17439989	6.13588800
4.17449989	6.13588800
4.17459989	6.13588800
4.17469989	6.13588800
4.17479989	6.13588800
4.17489989	6.13588800
4.17499989	6.13588800
4.17509989	6.13588800
4.17519989	6.13588800
4.17529989	6.13588800
4.17539989	6.13588800
4.17549989	6.13588800
4.17559989	6.13588800
4.17569989	6.13588800
4.17579989	6.13588800
4.17589989	6.13588800
4.17599989	6.13588800
4.17609989	6.13588800
4.17619989	6.13588800
4.17629989	6.13588800
4.17639989	6.13588800
4.17649989	6.13588800
4.17659989	6.13588800
4.17669989	6.13588800
4.17679989	6.13588800
4.17689989	6.13588800
4.17699989	6.13588800
4.17709989	6.13588800
4.17719989	6.13588800
4.17729989	6.13588800
4.17739989	6.13588800
4.17749989	6.13588800
4.17759989	6.13588800
4.17769989	6.13588800
4.17779989	6.13588800
4.17789989	6.13588800
4.17799989	6.13588800
4.17809989	6.13588800
4.17819989	6.13588800
4.17829989	6.13588800
4.17839989	6.13588800
4.17849989	6.13588800
4.17859989	6.13588800
4.17869989	6.13588800
4.17879989	6.13588800
4.17889989	6.13588800
4.17899989	6.13588800
4.17909989	6.13588800
4.17919989	6.13588800
4.17929989	6.13588800
4.17939989	6.13588800
4.17949989	6.13588800
4.17959989	6.13588800
4.17969989	6.13588800
4.17979989	6.13588800
4.17989989	6.13588800
4.17999989	6.04269200
4.18009989	6.13588800
4.18019989	6.13588800
4.18029989	6.13588800
4.18039989	6.13588800
4.18049989	6.04269200
4.18059989	6.04269200
4.18069989	6.13588800
4.18079989	6.04269200
4.18089989	6.13588800
4.18099989	6.04269200
4.18109989	6.04269200
4.18119989	6.04269200
4.18129989	6.04269200
4.18139989	6.04269200
4.18149989	6.04269200
4.18159989	6.04269200
4.18169989	6.04269200
4.18179989	6.04269200
4.18189989	6.04269200
4.18199989	6.04269200
4.18209989	6.04269200
4.18219989	6.04269200
4.18229989	6.04269200
4.18239989	6.04269200
4.18249989	6.04269200
4.18259989	6.04269200
4.18269989	6.04269200
4.18279989	6.04269200
4.18289989	6.04269200
4.18299989	6.04269200
4.18309989	6.04269200
4.18319989	6.04269200
4.18329989	6.04269200
4.18339989	6.04269200
4.18349989	6.04269200
4.18359989	6.04269200
4.18369989	6.04269200
4.18379989	6.04269200
4.18389989	6.04269200
4.18399989	6.04269200
4.18409989	6.04269200
4.18419989	6.04269200
4.18429989	6.04269200
4.18439989	6.04269200
4.18449989	6.04269200
4.18459989	6.04269200
4.18469989	6.04269200
4.18479989	6.04269200
4.18489989	6.04269200
4.18499989	6.04269200
4.18509989	6.04269200
4.18519989	6.04269200
4.18529989	6.04269200
4.18539989	6.04269200
4.18549989	6.04269200
4.18559989	6.04269200
4.18569989	6.04269200
4.18579989	6.04269200
4.18589989	6.04269200
4.18599989	6.04269200
4.18609989	6.04269200
4.18619989	6.04269200
4.18629989	6.04269200
4.18639989	6.04269200
4.18649989	6.04269200
4.18659989	6.04269200
4.18669989	6.04269200
4.18679989	6.13588800
4.18689989	6.13588800
4.18699989	6.13588800
4.18709989	6.13588800
4.18719989	6.13588800
4.18729989	6.13588800
4.18739989	6.04269200
4.18749989	6.13588800
4.18759989	6.13588800
4.18769989	6.13588800
4.18779989	6.13588800
4.18789989	6.13588800
4.18799989	6.13588800
4.18809989	6.13588800
4.18819989	6.13588800
4.18829989	6.13588800
4.18839989	6.13588800
4.18849989	6.13588800
4.18859989	6.13588800
4.18869989	6.13588800
4.18879989	6.13588800
4.18889989	6.13588800
4.18899989	6.13588800
4.18909989	6.13588800
4.18919989	6.13588800
4.18929989	6.13588800
4.18939989	6.13588800
4.18949989	6.13588800
4.18959989	6.13588800
4.18969989	6.13588800
4.18979989	6.22877700
4.18989989	6.13588800
4.18999989	6.13588800
4.19009989	6.13588800
4.19019989	6.13588800
4.19029989	6.13588800
4.19039989	6.22877700
4.19049989	6.22877700
4.19059989	6.22877700
4.19069989	6.13588800
4.19079989	6.13588800
4.19089989	6.13588800
4.19099989	6.13588800
4.19109989	6.22877700
4.19119989	6.13588800
4.19129989	6.13588800
4.19139989	6.13588800
4.19149989	6.13588800
4.19159989	6.13588800
4.19169989	6.13588800
4.19179989	6.13588800
4.19189989	6.13588800
4.19199989	6.13588800
4.19209989	6.13588800
4.19219989	6.13588800
4.19229989	6.13588800
4.19239989	6.13588800
4.19249989	6.13588800
4.19259989	6.13588800
4.19269989	6.13588800
4.19279989	6.13588800
4.19289989	6.13588800
4.19299989	6.13588800
4.19309989	6.13588800
4.19319989	6.13588800
4.19329989	6.13588800
4.19339989	6.22877700
4.19349989	6.13588800
4.19359989	6.13588800
4.19369989	6.13588800
4.19379989	6.13588800
4.19389989	6.13588800
4.19399989	6.13588800
4.19409989	6.13588800
4.19419989	6.13588800
4.19429989	6.13588800
4.19439989	6.13588800
4.19449989	6.13588800
4.19459989	6.13588800
4.19469989	6.13588800
4.19479989	6.13588800
4.19489989	6.22877700
4.19499989	6.13588800
4.19509989	6.22877700
4.19519989	6.13588800
4.19529989	6.22877700
4.19539989	6.22877700
4.19549989	6.22877700
4.19559989	6.22877700
4.19569989	6.22877700
4.19579989	6.22877700
4.19589989	6.22877700
4.19599989	6.22877700
4.19609989	6.13588800
4.19619989	6.22877700
4.19629989	6.22877700
4.19639989	6.22877700
4.19649989	6.22877700
4.19659989	6.22877700
4.19669989	6.22877700
4.19679989	6.22877700
4.19689989	6.22877700
4.19699989	6.22877700
4.19709989	6.22877700
4.19719989	6.22877700
4.19729989	6.22877700
4.19739989	6.22877700
4.19749989	6.22877700
4.19759989	6.22877700
4.19769989	6.22877700
4.19779989	6.22877700
4.19789989	6.22877700
4.19799989	6.22877700
4.19809989	6.22877700
4.19819989	6.22877700
4.19829989	6.22877700
